System check identified some issues:

WARNINGS:
?: (weblate.W033.Subversion) Failure in loading VCS module for Subversion: git: 'svn' is not a git command. See 'git --help'.

The most similar commands are
	fsck
	mv
	show
 (1)
	HINT: https://docs.weblate.org/en/weblate-5.13.3/vcs.html

System check identified 1 issue (1 silenced).
[23/Oct/2025 18:00:21] "GET / HTTP/1.1" 200 64949
[23/Oct/2025 18:00:23] "GET /projects/boost-unordered-documentation/ HTTP/1.1" 200 139307
[23/Oct/2025 18:00:27] "GET /create/component/?project=16 HTTP/1.1" 200 236615
[2025-10-23 18:00:37,626: INFO/29523] boost-unordered-documentation/bud_02: updating repository
[2025-10-23 18:00:47,566: INFO/29523] boost-unordered-documentation/bud_02: update took 9.94 seconds
[2025-10-23 18:00:47,569: INFO/29523] boost-unordered-documentation/bud_02: repository up to date at 09d6416755cda0d46d9d60f9c00c6d4267b98c61
[2025-10-23 18:00:47,584: INFO/29523] boost-unordered-documentation/bud_02: updating repository
[2025-10-23 18:00:57,174: INFO/29523] boost-unordered-documentation/bud_02: update took 9.59 seconds
[2025-10-23 18:00:57,176: INFO/29523] boost-unordered-documentation/bud_02: repository up to date at 09d6416755cda0d46d9d60f9c00c6d4267b98c61
[2025-10-23 18:00:57,237: INFO/29523] boost-unordered-documentation/bud_01: updating repository
[2025-10-23 18:01:07,383: INFO/29523] boost-unordered-documentation/bud_01: update took 10.14 seconds
[2025-10-23 18:01:07,385: INFO/29523] boost-unordered-documentation/bud_01: repository up to date at 09d6416755cda0d46d9d60f9c00c6d4267b98c61
[23/Oct/2025 18:01:07] "POST /create/component/vcs/ HTTP/1.1" 200 31299
[2025-10-23 18:01:11,052: INFO/29523] boost-unordered-documentation/bud_01: updating repository
[2025-10-23 18:01:21,228: INFO/29523] boost-unordered-documentation/bud_01: update took 10.17 seconds
[2025-10-23 18:01:21,230: INFO/29523] boost-unordered-documentation/bud_01: repository up to date at 09d6416755cda0d46d9d60f9c00c6d4267b98c61
[23/Oct/2025 18:01:21] "POST /create/component/vcs/ HTTP/1.1" 200 140194
[2025-10-23 18:02:11,568: INFO/29523] boost-unordered-documentation/bud_02: updating repository
[2025-10-23 18:02:11,573: DEBUG/29523] git: failure fatal: no such branch: 'master'
 (128)
[2025-10-23 18:02:11,573: DEBUG/29523] git: failure fatal: no such branch: 'master'
 (128)
[2025-10-23 18:02:11,581: DEBUG/29523] git: On branch master

No commits yet

nothing to commit (create/copy files and use "git add" to track)

[2025-10-23 18:02:11,581: DEBUG/29523] git: On branch master

No commits yet

nothing to commit (create/copy files and use "git add" to track)

[2025-10-23 18:02:24,517: INFO/29523] boost-unordered-documentation/bud_02: update took 12.95 seconds
[2025-10-23 18:02:24,518: DEBUG/29523] boost-unordered-documentation/bud_02: update: From github.com:Giggly19890103/unordered
[2025-10-23 18:02:24,518: DEBUG/29523] boost-unordered-documentation/bud_02: update:  * [new branch]      develop    -> origin/develop
[2025-10-23 18:02:24,519: DEBUG/29523] git: failure fatal: no such branch: 'master'
 (128)
[2025-10-23 18:02:24,519: DEBUG/29523] git: failure fatal: no such branch: 'master'
 (128)
[2025-10-23 18:02:24,522: DEBUG/29523] git: On branch master

No commits yet

nothing to commit (create/copy files and use "git add" to track)

[2025-10-23 18:02:24,522: DEBUG/29523] git: On branch master

No commits yet

nothing to commit (create/copy files and use "git add" to track)

[2025-10-23 18:02:24,602: INFO/29523] boost-unordered-documentation/bud_02: updating repository
[2025-10-23 18:02:34,349: INFO/29523] boost-unordered-documentation/bud_02: update took 9.75 seconds
[2025-10-23 18:02:34,351: INFO/29523] boost-unordered-documentation/bud_02: repository up to date at 09d6416755cda0d46d9d60f9c00c6d4267b98c61
[2025-10-23 18:02:34,454: INFO/29523] boost-unordered-documentation/bud_01: updating repository
[2025-10-23 18:02:44,811: INFO/29523] boost-unordered-documentation/bud_01: update took 10.35 seconds
[2025-10-23 18:02:44,814: INFO/29523] boost-unordered-documentation/bud_01: repository up to date at 09d6416755cda0d46d9d60f9c00c6d4267b98c61
[23/Oct/2025 18:02:44] "POST /create/component/vcs/ HTTP/1.1" 200 31299
[2025-10-23 18:02:49,385: INFO/29523] boost-unordered-documentation/bud_01: updating repository
[2025-10-23 18:02:59,458: INFO/29523] boost-unordered-documentation/bud_01: update took 10.07 seconds
[2025-10-23 18:02:59,460: INFO/29523] boost-unordered-documentation/bud_01: repository up to date at 09d6416755cda0d46d9d60f9c00c6d4267b98c61
[23/Oct/2025 18:02:59] "POST /create/component/vcs/ HTTP/1.1" 200 140194
[2025-10-23 18:03:36,651: INFO/29523] boost-unordered-documentation/bud_02: updating repository
[2025-10-23 18:03:46,551: INFO/29523] boost-unordered-documentation/bud_02: update took 9.90 seconds
[2025-10-23 18:03:46,556: INFO/29523] boost-unordered-documentation/bud_02: repository up to date at 09d6416755cda0d46d9d60f9c00c6d4267b98c61
[2025-10-23 18:03:46,567: INFO/29523] boost-unordered-documentation/bud_02: updating repository
[2025-10-23 18:03:56,289: INFO/29523] boost-unordered-documentation/bud_02: update took 9.72 seconds
[2025-10-23 18:03:56,291: INFO/29523] boost-unordered-documentation/bud_02: repository up to date at 09d6416755cda0d46d9d60f9c00c6d4267b98c61
[2025-10-23 18:03:56,302: WARNING/29523] Template parse error: AttributeError: 'NoneType' object has no attribute 'serialize'
[23/Oct/2025 18:03:56] "POST /create/component/vcs/ HTTP/1.1" 200 140830
Performing system checks...

October 23, 2025 - 06:00:19 PM
Django version 5.2.7, using settings 'weblate.settings'
Starting development server at http://127.0.0.1:8000/
Quit the server with CONTROL-C.

WARNING: This is a development server. Do not use it in a production setting. Use a production WSGI or ASGI server instead.
For more information on production servers see: https://docs.djangoproject.com/en/5.2/howto/deployment/
System check identified some issues:

WARNINGS:
?: (weblate.W033.Subversion) Failure in loading VCS module for Subversion: git: 'svn' is not a git command. See 'git --help'.

The most similar commands are
	fsck
	mv
	show
 (1)
	HINT: https://docs.weblate.org/en/weblate-5.13.3/vcs.html

System check identified 1 issue (1 silenced).
Performing system checks...

October 23, 2025 - 06:05:19 PM
Django version 5.2.7, using settings 'weblate.settings'
Starting development server at http://127.0.0.1:8000/
Quit the server with CONTROL-C.

WARNING: This is a development server. Do not use it in a production setting. Use a production WSGI or ASGI server instead.
For more information on production servers see: https://docs.djangoproject.com/en/5.2/howto/deployment/
System check identified some issues:

WARNINGS:
?: (weblate.W033.Subversion) Failure in loading VCS module for Subversion: git: 'svn' is not a git command. See 'git --help'.

The most similar commands are
	fsck
	mv
	show
 (1)
	HINT: https://docs.weblate.org/en/weblate-5.13.3/vcs.html

System check identified 1 issue (1 silenced).
Performing system checks...

October 23, 2025 - 06:05:23 PM
Django version 5.2.7, using settings 'weblate.settings'
Starting development server at http://127.0.0.1:8000/
Quit the server with CONTROL-C.

WARNING: This is a development server. Do not use it in a production setting. Use a production WSGI or ASGI server instead.
For more information on production servers see: https://docs.djangoproject.com/en/5.2/howto/deployment/
System check identified some issues:

WARNINGS:
?: (weblate.W033.Subversion) Failure in loading VCS module for Subversion: git: 'svn' is not a git command. See 'git --help'.

The most similar commands are
	fsck
	mv
	show
 (1)
	HINT: https://docs.weblate.org/en/weblate-5.13.3/vcs.html

System check identified 1 issue (1 silenced).
[2025-10-23 18:06:03,719: INFO/30200] boost-unordered-documentation/bud_02: updating repository
[2025-10-23 18:06:13,906: INFO/30200] boost-unordered-documentation/bud_02: update took 10.19 seconds
[2025-10-23 18:06:13,908: INFO/30200] boost-unordered-documentation/bud_02: repository up to date at 09d6416755cda0d46d9d60f9c00c6d4267b98c61
[2025-10-23 18:06:13,917: INFO/30200] boost-unordered-documentation/bud_02: updating repository
[2025-10-23 18:06:23,859: INFO/30200] boost-unordered-documentation/bud_02: update took 9.94 seconds
[2025-10-23 18:06:23,861: INFO/30200] boost-unordered-documentation/bud_02: repository up to date at 09d6416755cda0d46d9d60f9c00c6d4267b98c61
[23/Oct/2025 18:06:24] "POST /create/component/vcs/ HTTP/1.1" 200 140861
[23/Oct/2025 18:06:24] "GET /js/i18n/ HTTP/1.1" 200 3342
[23/Oct/2025 18:06:24] "GET /static/js/vendor/fonts/font-source/SourceCodePro-Bold.ttf.woff2?d79c8ffb763d HTTP/1.1" 200 52400
Performing system checks...

October 23, 2025 - 06:05:45 PM
Django version 5.2.7, using settings 'weblate.settings'
Starting development server at http://127.0.0.1:8000/
Quit the server with CONTROL-C.

WARNING: This is a development server. Do not use it in a production setting. Use a production WSGI or ASGI server instead.
For more information on production servers see: https://docs.djangoproject.com/en/5.2/howto/deployment/
Template store is None, skipping export
Template store is None, skipping export
System check identified some issues:

WARNINGS:
?: (weblate.W033.Subversion) Failure in loading VCS module for Subversion: git: 'svn' is not a git command. See 'git --help'.

The most similar commands are
	fsck
	mv
	show
 (1)
	HINT: https://docs.weblate.org/en/weblate-5.13.3/vcs.html

System check identified 1 issue (1 silenced).
Performing system checks...

October 23, 2025 - 06:07:34 PM
Django version 5.2.7, using settings 'weblate.settings'
Starting development server at http://127.0.0.1:8000/
Quit the server with CONTROL-C.

WARNING: This is a development server. Do not use it in a production setting. Use a production WSGI or ASGI server instead.
For more information on production servers see: https://docs.djangoproject.com/en/5.2/howto/deployment/
System check identified some issues:

WARNINGS:
?: (weblate.W033.Subversion) Failure in loading VCS module for Subversion: git: 'svn' is not a git command. See 'git --help'.

The most similar commands are
	fsck
	mv
	show
 (1)
	HINT: https://docs.weblate.org/en/weblate-5.13.3/vcs.html

System check identified 1 issue (1 silenced).
Performing system checks...

October 23, 2025 - 06:07:40 PM
Django version 5.2.7, using settings 'weblate.settings'
Starting development server at http://127.0.0.1:8000/
Quit the server with CONTROL-C.

WARNING: This is a development server. Do not use it in a production setting. Use a production WSGI or ASGI server instead.
For more information on production servers see: https://docs.djangoproject.com/en/5.2/howto/deployment/
System check identified some issues:

WARNINGS:
?: (weblate.W033.Subversion) Failure in loading VCS module for Subversion: git: 'svn' is not a git command. See 'git --help'.

The most similar commands are
	fsck
	mv
	show
 (1)
	HINT: https://docs.weblate.org/en/weblate-5.13.3/vcs.html

System check identified 1 issue (1 silenced).
Performing system checks...

October 23, 2025 - 06:07:53 PM
Django version 5.2.7, using settings 'weblate.settings'
Starting development server at http://127.0.0.1:8000/
Quit the server with CONTROL-C.

WARNING: This is a development server. Do not use it in a production setting. Use a production WSGI or ASGI server instead.
For more information on production servers see: https://docs.djangoproject.com/en/5.2/howto/deployment/
System check identified some issues:

WARNINGS:
?: (weblate.W033.Subversion) Failure in loading VCS module for Subversion: git: 'svn' is not a git command. See 'git --help'.

The most similar commands are
	fsck
	mv
	show
 (1)
	HINT: https://docs.weblate.org/en/weblate-5.13.3/vcs.html

System check identified 1 issue (1 silenced).
Performing system checks...

October 23, 2025 - 06:08:59 PM
Django version 5.2.7, using settings 'weblate.settings'
Starting development server at http://127.0.0.1:8000/
Quit the server with CONTROL-C.

WARNING: This is a development server. Do not use it in a production setting. Use a production WSGI or ASGI server instead.
For more information on production servers see: https://docs.djangoproject.com/en/5.2/howto/deployment/
System check identified some issues:

WARNINGS:
?: (weblate.W033.Subversion) Failure in loading VCS module for Subversion: git: 'svn' is not a git command. See 'git --help'.

The most similar commands are
	fsck
	mv
	show
 (1)
	HINT: https://docs.weblate.org/en/weblate-5.13.3/vcs.html

System check identified 1 issue (1 silenced).
Performing system checks...

October 23, 2025 - 06:09:07 PM
Django version 5.2.7, using settings 'weblate.settings'
Starting development server at http://127.0.0.1:8000/
Quit the server with CONTROL-C.

WARNING: This is a development server. Do not use it in a production setting. Use a production WSGI or ASGI server instead.
For more information on production servers see: https://docs.djangoproject.com/en/5.2/howto/deployment/
System check identified some issues:

WARNINGS:
?: (weblate.W033.Subversion) Failure in loading VCS module for Subversion: git: 'svn' is not a git command. See 'git --help'.

The most similar commands are
	fsck
	mv
	show
 (1)
	HINT: https://docs.weblate.org/en/weblate-5.13.3/vcs.html

System check identified 1 issue (1 silenced).
[2025-10-23 18:11:13,479: INFO/30879] boost-unordered-documentation/bud_02: updating repository
[2025-10-23 18:11:23,493: INFO/30879] boost-unordered-documentation/bud_02: update took 10.01 seconds
[2025-10-23 18:11:23,495: INFO/30879] boost-unordered-documentation/bud_02: repository up to date at 09d6416755cda0d46d9d60f9c00c6d4267b98c61
[2025-10-23 18:11:23,502: INFO/30879] boost-unordered-documentation/bud_02: updating repository
[2025-10-23 18:11:33,430: INFO/30879] boost-unordered-documentation/bud_02: update took 9.93 seconds
[2025-10-23 18:11:33,431: INFO/30879] boost-unordered-documentation/bud_02: repository up to date at 09d6416755cda0d46d9d60f9c00c6d4267b98c61
[2025-10-23 18:11:33,539: INFO/30879] boost-unordered-documentation/bud_02: enabling addon weblate.flags.same_edit
[2025-10-23 18:11:33,549: DEBUG/30879] boost-unordered-documentation/bud_02: configuring events for weblate.flags.same_edit add-on
[2025-10-23 18:11:33,556: INFO/30879] boost-unordered-documentation/bud_02: enabling addon weblate.cleanup.generic
[2025-10-23 18:11:33,564: DEBUG/30879] boost-unordered-documentation/bud_02: configuring events for weblate.cleanup.generic add-on
[2025-10-23 18:11:33,585: INFO/30879] boost-unordered-documentation/bud_02: updating repository
[2025-10-23 18:11:44,248: INFO/30879] boost-unordered-documentation/bud_02: update took 10.66 seconds
[2025-10-23 18:11:44,248: DEBUG/30879] boost-unordered-documentation/bud_02: update: From github.com:Giggly19890103/unordered
[2025-10-23 18:11:44,248: DEBUG/30879] boost-unordered-documentation/bud_02: update:  * [new branch]      bud-branch-01 -> origin/bud-branch-01
[2025-10-23 18:11:44,251: INFO/30879] boost-unordered-documentation/bud_02: repository up to date at 09d6416755cda0d46d9d60f9c00c6d4267b98c61
[2025-10-23 18:11:44,274: INFO/30879] boost-unordered-documentation/bud_02: rebase remote into repo 09d6416755cda0d46d9d60f9c00c6d4267b98c61..09d6416755cda0d46d9d60f9c00c6d4267b98c61
[2025-10-23 18:11:44,276: DEBUG/30879] git: failure fatal: bad revision 'Giggly19890103/bud-branch-02..'
 (128)
[2025-10-23 18:11:44,276: DEBUG/30879] git: failure fatal: bad revision 'Giggly19890103/bud-branch-02..'
 (128)
[2025-10-23 18:11:44,282: DEBUG/30879] git: On branch develop
Your branch is up to date with 'origin/develop'.

nothing to commit, working tree clean

[2025-10-23 18:11:44,282: DEBUG/30879] git: On branch develop
Your branch is up to date with 'origin/develop'.

nothing to commit, working tree clean

[2025-10-23 18:11:44,350: DEBUG/30879] boost-unordered-documentation/bud_02: running Repository post-update add-on: weblate.cleanup.generic
[2025-10-23 18:11:44,355: DEBUG/30879] boost-unordered-documentation/bud_02: completed Repository post-update add-on: weblate.cleanup.generic
[2025-10-23 18:11:44,359: INFO/30879] boost-unordered-documentation/bud_02: checking doc/modules/ROOT/pages/intro.adoc (en) [1/1]
[2025-10-23 18:11:44,376: INFO/30879] boost-unordered-documentation/bud_02/en: processing doc/modules/ROOT/pages/intro.adoc, new file, 24 strings
[2025-10-23 18:11:44,381: DEBUG/30879] boost-unordered-documentation/bud_02/en: running Unit pre-create add-on: weblate.flags.same_edit
[2025-10-23 18:11:44,383: DEBUG/30879] boost-unordered-documentation/bud_02/en: completed Unit pre-create add-on: weblate.flags.same_edit
[2025-10-23 18:11:44,404: DEBUG/30879] boost-unordered-documentation/bud_02/en: running Unit pre-create add-on: weblate.flags.same_edit
[2025-10-23 18:11:44,404: DEBUG/30879] boost-unordered-documentation/bud_02/en: completed Unit pre-create add-on: weblate.flags.same_edit
[2025-10-23 18:11:44,419: DEBUG/30879] boost-unordered-documentation/bud_02/en: running Unit pre-create add-on: weblate.flags.same_edit
[2025-10-23 18:11:44,419: DEBUG/30879] boost-unordered-documentation/bud_02/en: completed Unit pre-create add-on: weblate.flags.same_edit
[2025-10-23 18:11:44,433: DEBUG/30879] boost-unordered-documentation/bud_02/en: running Unit pre-create add-on: weblate.flags.same_edit
[2025-10-23 18:11:44,433: DEBUG/30879] boost-unordered-documentation/bud_02/en: completed Unit pre-create add-on: weblate.flags.same_edit
[2025-10-23 18:11:44,449: DEBUG/30879] boost-unordered-documentation/bud_02/en: running Unit pre-create add-on: weblate.flags.same_edit
[2025-10-23 18:11:44,449: DEBUG/30879] boost-unordered-documentation/bud_02/en: completed Unit pre-create add-on: weblate.flags.same_edit
[2025-10-23 18:11:44,464: DEBUG/30879] boost-unordered-documentation/bud_02/en: running Unit pre-create add-on: weblate.flags.same_edit
[2025-10-23 18:11:44,464: DEBUG/30879] boost-unordered-documentation/bud_02/en: completed Unit pre-create add-on: weblate.flags.same_edit
[2025-10-23 18:11:44,479: DEBUG/30879] boost-unordered-documentation/bud_02/en: running Unit pre-create add-on: weblate.flags.same_edit
[2025-10-23 18:11:44,479: DEBUG/30879] boost-unordered-documentation/bud_02/en: completed Unit pre-create add-on: weblate.flags.same_edit
[2025-10-23 18:11:44,492: DEBUG/30879] boost-unordered-documentation/bud_02/en: running Unit pre-create add-on: weblate.flags.same_edit
[2025-10-23 18:11:44,492: DEBUG/30879] boost-unordered-documentation/bud_02/en: completed Unit pre-create add-on: weblate.flags.same_edit
[2025-10-23 18:11:44,506: DEBUG/30879] boost-unordered-documentation/bud_02/en: running Unit pre-create add-on: weblate.flags.same_edit
[2025-10-23 18:11:44,506: DEBUG/30879] boost-unordered-documentation/bud_02/en: completed Unit pre-create add-on: weblate.flags.same_edit
[2025-10-23 18:11:44,519: DEBUG/30879] boost-unordered-documentation/bud_02/en: running Unit pre-create add-on: weblate.flags.same_edit
[2025-10-23 18:11:44,519: DEBUG/30879] boost-unordered-documentation/bud_02/en: completed Unit pre-create add-on: weblate.flags.same_edit
[2025-10-23 18:11:44,534: DEBUG/30879] boost-unordered-documentation/bud_02/en: running Unit pre-create add-on: weblate.flags.same_edit
[2025-10-23 18:11:44,535: DEBUG/30879] boost-unordered-documentation/bud_02/en: completed Unit pre-create add-on: weblate.flags.same_edit
[2025-10-23 18:11:44,548: DEBUG/30879] boost-unordered-documentation/bud_02/en: running Unit pre-create add-on: weblate.flags.same_edit
[2025-10-23 18:11:44,548: DEBUG/30879] boost-unordered-documentation/bud_02/en: completed Unit pre-create add-on: weblate.flags.same_edit
[2025-10-23 18:11:44,563: DEBUG/30879] boost-unordered-documentation/bud_02/en: running Unit pre-create add-on: weblate.flags.same_edit
[2025-10-23 18:11:44,563: DEBUG/30879] boost-unordered-documentation/bud_02/en: completed Unit pre-create add-on: weblate.flags.same_edit
[2025-10-23 18:11:44,580: DEBUG/30879] boost-unordered-documentation/bud_02/en: running Unit pre-create add-on: weblate.flags.same_edit
[2025-10-23 18:11:44,580: DEBUG/30879] boost-unordered-documentation/bud_02/en: completed Unit pre-create add-on: weblate.flags.same_edit
[2025-10-23 18:11:44,601: DEBUG/30879] boost-unordered-documentation/bud_02/en: running Unit pre-create add-on: weblate.flags.same_edit
[2025-10-23 18:11:44,601: DEBUG/30879] boost-unordered-documentation/bud_02/en: completed Unit pre-create add-on: weblate.flags.same_edit
[2025-10-23 18:11:44,617: DEBUG/30879] boost-unordered-documentation/bud_02/en: running Unit pre-create add-on: weblate.flags.same_edit
[2025-10-23 18:11:44,617: DEBUG/30879] boost-unordered-documentation/bud_02/en: completed Unit pre-create add-on: weblate.flags.same_edit
[2025-10-23 18:11:44,631: DEBUG/30879] boost-unordered-documentation/bud_02/en: running Unit pre-create add-on: weblate.flags.same_edit
[2025-10-23 18:11:44,632: DEBUG/30879] boost-unordered-documentation/bud_02/en: completed Unit pre-create add-on: weblate.flags.same_edit
[2025-10-23 18:11:44,656: DEBUG/30879] boost-unordered-documentation/bud_02/en: running Unit pre-create add-on: weblate.flags.same_edit
[2025-10-23 18:11:44,656: DEBUG/30879] boost-unordered-documentation/bud_02/en: completed Unit pre-create add-on: weblate.flags.same_edit
[2025-10-23 18:11:44,685: DEBUG/30879] boost-unordered-documentation/bud_02/en: running Unit pre-create add-on: weblate.flags.same_edit
[2025-10-23 18:11:44,686: DEBUG/30879] boost-unordered-documentation/bud_02/en: completed Unit pre-create add-on: weblate.flags.same_edit
[2025-10-23 18:11:44,699: DEBUG/30879] boost-unordered-documentation/bud_02/en: running Unit pre-create add-on: weblate.flags.same_edit
[2025-10-23 18:11:44,700: DEBUG/30879] boost-unordered-documentation/bud_02/en: completed Unit pre-create add-on: weblate.flags.same_edit
[2025-10-23 18:11:44,713: DEBUG/30879] boost-unordered-documentation/bud_02/en: running Unit pre-create add-on: weblate.flags.same_edit
[2025-10-23 18:11:44,714: DEBUG/30879] boost-unordered-documentation/bud_02/en: completed Unit pre-create add-on: weblate.flags.same_edit
[2025-10-23 18:11:44,730: DEBUG/30879] boost-unordered-documentation/bud_02/en: running Unit pre-create add-on: weblate.flags.same_edit
[2025-10-23 18:11:44,731: DEBUG/30879] boost-unordered-documentation/bud_02/en: completed Unit pre-create add-on: weblate.flags.same_edit
[2025-10-23 18:11:44,743: DEBUG/30879] boost-unordered-documentation/bud_02/en: running Unit pre-create add-on: weblate.flags.same_edit
[2025-10-23 18:11:44,743: DEBUG/30879] boost-unordered-documentation/bud_02/en: completed Unit pre-create add-on: weblate.flags.same_edit
[2025-10-23 18:11:44,758: DEBUG/30879] boost-unordered-documentation/bud_02/en: running Unit pre-create add-on: weblate.flags.same_edit
[2025-10-23 18:11:44,758: DEBUG/30879] boost-unordered-documentation/bud_02/en: completed Unit pre-create add-on: weblate.flags.same_edit
[2025-10-23 18:11:44,775: INFO/30879] boost-unordered-documentation/bud_02/en: updating completed
[2025-10-23 18:11:44,818: INFO/30879] boost-unordered-documentation/bud_02: checking triggered alerts
[2025-10-23 18:11:44,818: INFO/30879] boost-unordered-documentation/bud_02: running source checks for 24 strings
[2025-10-23 18:11:44,865: INFO/30879] boost-unordered-documentation/bud_02: updating stats caches
[2025-10-23 18:11:44,881: DEBUG/30879] boost-unordered-documentation/bud_02: updating stats <ProjectStats:stats-Project-16>
[2025-10-23 18:11:44,885: DEBUG/30879] boost-unordered-documentation/bud_02: updating stats <GlobalStats:stats-global>
[2025-10-23 18:11:44,887: DEBUG/30879] boost-unordered-documentation/bud_02: updating stats <LanguageStats:stats-Language-179>
[2025-10-23 18:11:44,889: DEBUG/30879] boost-unordered-documentation/bud_02: updating stats <ProjectLanguageStats:stats-Project-16-179>
[2025-10-23 18:11:44,897: INFO/30879] boost-unordered-documentation/bud_02: updating completed
[2025-10-23 18:11:44,954: INFO/30879] sending notification NewAlertNotificaton on Boost Unordered Documentation/BUD_02 to user01@weblate.com
[2025-10-23 18:11:45,000: DEBUG/30879] sending e-mail to user01@weblate.com
[2025-10-23 18:11:45,016: DEBUG/30879] SMTP completed (250): OK id=1vBzmp-0000000084O-384P
[2025-10-23 18:11:45,220: DEBUG/30879] boost-unordered-documentation/bud_02: triggering add-on: weblate.flags.same_edit
[2025-10-23 18:11:45,226: DEBUG/30879] boost-unordered-documentation/bud_02: triggering add-on: weblate.cleanup.generic
[2025-10-23 18:11:45,229: DEBUG/30879] boost-unordered-documentation/bud_02: running post_update add-on: weblate.cleanup.generic
[2025-10-23 18:11:45,249: INFO/30879] boost-unordered-documentation/bud_02: updating translation memory
[2025-10-23 18:11:45,289: INFO/30879] boost-unordered-documentation/bud_02: Component created (user01)
[23/Oct/2025 18:11:45] "POST /create/component/vcs/ HTTP/1.1" 302 0
[23/Oct/2025 18:11:45] "GET /progress/boost-unordered-documentation/bud_02/ HTTP/1.1" 302 0
[23/Oct/2025 18:11:45] "GET /guide/boost-unordered-documentation/bud_02/ HTTP/1.1" 200 39493
[23/Oct/2025 18:11:45] "GET /widget/boost-unordered-documentation/bud_02/svg-badge.svg?native=1 HTTP/1.1" 200 905
[23/Oct/2025 18:12:18] "GET /projects/boost-unordered-documentation/bud_02/ HTTP/1.1" 200 146129
Performing system checks...

October 23, 2025 - 06:11:08 PM
Django version 5.2.7, using settings 'weblate.settings'
Starting development server at http://127.0.0.1:8000/
Quit the server with CONTROL-C.

WARNING: This is a development server. Do not use it in a production setting. Use a production WSGI or ASGI server instead.
For more information on production servers see: https://docs.djangoproject.com/en/5.2/howto/deployment/
Template store appended to: /tmp/template_debug_store.log
Template store appended to: /tmp/template_debug_store.log
System check identified some issues:

WARNINGS:
?: (weblate.W033.Subversion) Failure in loading VCS module for Subversion: git: 'svn' is not a git command. See 'git --help'.

The most similar commands are
	fsck
	mv
	show
 (1)
	HINT: https://docs.weblate.org/en/weblate-5.13.3/vcs.html

System check identified 1 issue (1 silenced).
Performing system checks...

October 23, 2025 - 06:13:33 PM
Django version 5.2.7, using settings 'weblate.settings'
Starting development server at http://127.0.0.1:8000/
Quit the server with CONTROL-C.

WARNING: This is a development server. Do not use it in a production setting. Use a production WSGI or ASGI server instead.
For more information on production servers see: https://docs.djangoproject.com/en/5.2/howto/deployment/
System check identified some issues:

WARNINGS:
?: (weblate.W033.Subversion) Failure in loading VCS module for Subversion: git: 'svn' is not a git command. See 'git --help'.

The most similar commands are
	fsck
	mv
	show
 (1)
	HINT: https://docs.weblate.org/en/weblate-5.13.3/vcs.html

System check identified 1 issue (1 silenced).
[2025-10-23 18:13:42,081: DEBUG/31195] boost-unordered-documentation/bud_02/en_US: running Repository pre-commit add-on: weblate.cleanup.generic
[2025-10-23 18:13:42,729: DEBUG/31195] boost-unordered-documentation/bud_02/en_US: completed Repository pre-commit add-on: weblate.cleanup.generic
[2025-10-23 18:13:42,918: DEBUG/31195] git: failure fatal: bad revision 'Giggly19890103/bud-branch-02..'
 (128)
[2025-10-23 18:13:42,918: DEBUG/31195] git: failure fatal: bad revision 'Giggly19890103/bud-branch-02..'
 (128)
[2025-10-23 18:13:42,930: DEBUG/31195] git: On branch develop
Your branch is ahead of 'origin/develop' by 1 commit.
  (use "git push" to publish your local commits)

nothing to commit, working tree clean

[2025-10-23 18:13:42,930: DEBUG/31195] git: On branch develop
Your branch is ahead of 'origin/develop' by 1 commit.
  (use "git push" to publish your local commits)

nothing to commit, working tree clean

[2025-10-23 18:13:42,934: DEBUG/31195] git: failure fatal: bad revision 'Giggly19890103/bud-branch-02..'
 (128)
[2025-10-23 18:13:42,934: DEBUG/31195] git: failure fatal: bad revision 'Giggly19890103/bud-branch-02..'
 (128)
[2025-10-23 18:13:42,940: DEBUG/31195] git: On branch develop
Your branch is ahead of 'origin/develop' by 1 commit.
  (use "git push" to publish your local commits)

nothing to commit, working tree clean

[2025-10-23 18:13:42,940: DEBUG/31195] git: On branch develop
Your branch is ahead of 'origin/develop' by 1 commit.
  (use "git push" to publish your local commits)

nothing to commit, working tree clean

[2025-10-23 18:13:42,944: INFO/31195] boost-unordered-documentation/bud_02: updating repository
[2025-10-23 18:13:52,882: INFO/31195] boost-unordered-documentation/bud_02: update took 9.94 seconds
[2025-10-23 18:13:52,885: INFO/31195] boost-unordered-documentation/bud_02: repository up to date at 09d6416755cda0d46d9d60f9c00c6d4267b98c61
[2025-10-23 18:13:52,894: INFO/31195] boost-unordered-documentation/bud_02: pushing to remote repo
[2025-10-23 18:13:57,580: DEBUG/31195] git: HTTP post https://api.github.com/repos/Giggly19890103/unordered/pulls
[2025-10-23 18:13:57,580: DEBUG/31195] git: HTTP post https://api.github.com/repos/Giggly19890103/unordered/pulls
[2025-10-23 18:13:59,842: INFO/31195] boost-unordered-documentation/bud_02/en_US: committed ['/home/dsf2eqw3/Documents/weblate-weblate-5.13.3/data/vcs/boost-unordered-documentation/bud_02/doc/modules/ROOT/pages/intro_en_US.adoc'] as user01 <user01@weblate.com>
[2025-10-23 18:13:59,846: INFO/31195] boost-unordered-documentation/bud_02/en_US: Language added (user01)
[2025-10-23 18:13:59,847: INFO/31195] boost-unordered-documentation/bud_02: checking doc/modules/ROOT/pages/intro.adoc (en) [1/2]
[2025-10-23 18:13:59,853: INFO/31195] boost-unordered-documentation/bud_02: checking doc/modules/ROOT/pages/intro_en_US.adoc (en_US) [2/2]
[2025-10-23 18:13:59,868: INFO/31195] boost-unordered-documentation/bud_02/en_US: processing doc/modules/ROOT/pages/intro_en_US.adoc, new file, 24 strings
[2025-10-23 18:13:59,873: DEBUG/31195] boost-unordered-documentation/bud_02/en_US: running Unit pre-create add-on: weblate.flags.same_edit
[2025-10-23 18:13:59,874: DEBUG/31195] boost-unordered-documentation/bud_02/en_US: completed Unit pre-create add-on: weblate.flags.same_edit
[2025-10-23 18:13:59,880: DEBUG/31195] boost-unordered-documentation/bud_02/en_US: running Unit pre-create add-on: weblate.flags.same_edit
[2025-10-23 18:13:59,880: DEBUG/31195] boost-unordered-documentation/bud_02/en_US: completed Unit pre-create add-on: weblate.flags.same_edit
[2025-10-23 18:13:59,885: DEBUG/31195] boost-unordered-documentation/bud_02/en_US: running Unit pre-create add-on: weblate.flags.same_edit
[2025-10-23 18:13:59,885: DEBUG/31195] boost-unordered-documentation/bud_02/en_US: completed Unit pre-create add-on: weblate.flags.same_edit
[2025-10-23 18:13:59,888: DEBUG/31195] boost-unordered-documentation/bud_02/en_US: running Unit pre-create add-on: weblate.flags.same_edit
[2025-10-23 18:13:59,888: DEBUG/31195] boost-unordered-documentation/bud_02/en_US: completed Unit pre-create add-on: weblate.flags.same_edit
[2025-10-23 18:13:59,892: DEBUG/31195] boost-unordered-documentation/bud_02/en_US: running Unit pre-create add-on: weblate.flags.same_edit
[2025-10-23 18:13:59,892: DEBUG/31195] boost-unordered-documentation/bud_02/en_US: completed Unit pre-create add-on: weblate.flags.same_edit
[2025-10-23 18:13:59,895: DEBUG/31195] boost-unordered-documentation/bud_02/en_US: running Unit pre-create add-on: weblate.flags.same_edit
[2025-10-23 18:13:59,895: DEBUG/31195] boost-unordered-documentation/bud_02/en_US: completed Unit pre-create add-on: weblate.flags.same_edit
[2025-10-23 18:13:59,898: DEBUG/31195] boost-unordered-documentation/bud_02/en_US: running Unit pre-create add-on: weblate.flags.same_edit
[2025-10-23 18:13:59,898: DEBUG/31195] boost-unordered-documentation/bud_02/en_US: completed Unit pre-create add-on: weblate.flags.same_edit
[2025-10-23 18:13:59,900: DEBUG/31195] boost-unordered-documentation/bud_02/en_US: running Unit pre-create add-on: weblate.flags.same_edit
[2025-10-23 18:13:59,900: DEBUG/31195] boost-unordered-documentation/bud_02/en_US: completed Unit pre-create add-on: weblate.flags.same_edit
[2025-10-23 18:13:59,902: DEBUG/31195] boost-unordered-documentation/bud_02/en_US: running Unit pre-create add-on: weblate.flags.same_edit
[2025-10-23 18:13:59,902: DEBUG/31195] boost-unordered-documentation/bud_02/en_US: completed Unit pre-create add-on: weblate.flags.same_edit
[2025-10-23 18:13:59,904: DEBUG/31195] boost-unordered-documentation/bud_02/en_US: running Unit pre-create add-on: weblate.flags.same_edit
[2025-10-23 18:13:59,904: DEBUG/31195] boost-unordered-documentation/bud_02/en_US: completed Unit pre-create add-on: weblate.flags.same_edit
[2025-10-23 18:13:59,905: DEBUG/31195] boost-unordered-documentation/bud_02/en_US: running Unit pre-create add-on: weblate.flags.same_edit
[2025-10-23 18:13:59,906: DEBUG/31195] boost-unordered-documentation/bud_02/en_US: completed Unit pre-create add-on: weblate.flags.same_edit
[2025-10-23 18:13:59,908: DEBUG/31195] boost-unordered-documentation/bud_02/en_US: running Unit pre-create add-on: weblate.flags.same_edit
[2025-10-23 18:13:59,908: DEBUG/31195] boost-unordered-documentation/bud_02/en_US: completed Unit pre-create add-on: weblate.flags.same_edit
[2025-10-23 18:13:59,910: DEBUG/31195] boost-unordered-documentation/bud_02/en_US: running Unit pre-create add-on: weblate.flags.same_edit
[2025-10-23 18:13:59,910: DEBUG/31195] boost-unordered-documentation/bud_02/en_US: completed Unit pre-create add-on: weblate.flags.same_edit
[2025-10-23 18:13:59,912: DEBUG/31195] boost-unordered-documentation/bud_02/en_US: running Unit pre-create add-on: weblate.flags.same_edit
[2025-10-23 18:13:59,912: DEBUG/31195] boost-unordered-documentation/bud_02/en_US: completed Unit pre-create add-on: weblate.flags.same_edit
[2025-10-23 18:13:59,914: DEBUG/31195] boost-unordered-documentation/bud_02/en_US: running Unit pre-create add-on: weblate.flags.same_edit
[2025-10-23 18:13:59,915: DEBUG/31195] boost-unordered-documentation/bud_02/en_US: completed Unit pre-create add-on: weblate.flags.same_edit
[2025-10-23 18:13:59,918: DEBUG/31195] boost-unordered-documentation/bud_02/en_US: running Unit pre-create add-on: weblate.flags.same_edit
[2025-10-23 18:13:59,918: DEBUG/31195] boost-unordered-documentation/bud_02/en_US: completed Unit pre-create add-on: weblate.flags.same_edit
[2025-10-23 18:13:59,923: DEBUG/31195] boost-unordered-documentation/bud_02/en_US: running Unit pre-create add-on: weblate.flags.same_edit
[2025-10-23 18:13:59,924: DEBUG/31195] boost-unordered-documentation/bud_02/en_US: completed Unit pre-create add-on: weblate.flags.same_edit
[2025-10-23 18:13:59,926: DEBUG/31195] boost-unordered-documentation/bud_02/en_US: running Unit pre-create add-on: weblate.flags.same_edit
[2025-10-23 18:13:59,926: DEBUG/31195] boost-unordered-documentation/bud_02/en_US: completed Unit pre-create add-on: weblate.flags.same_edit
[2025-10-23 18:13:59,928: DEBUG/31195] boost-unordered-documentation/bud_02/en_US: running Unit pre-create add-on: weblate.flags.same_edit
[2025-10-23 18:13:59,929: DEBUG/31195] boost-unordered-documentation/bud_02/en_US: completed Unit pre-create add-on: weblate.flags.same_edit
[2025-10-23 18:13:59,932: DEBUG/31195] boost-unordered-documentation/bud_02/en_US: running Unit pre-create add-on: weblate.flags.same_edit
[2025-10-23 18:13:59,932: DEBUG/31195] boost-unordered-documentation/bud_02/en_US: completed Unit pre-create add-on: weblate.flags.same_edit
[2025-10-23 18:13:59,934: DEBUG/31195] boost-unordered-documentation/bud_02/en_US: running Unit pre-create add-on: weblate.flags.same_edit
[2025-10-23 18:13:59,934: DEBUG/31195] boost-unordered-documentation/bud_02/en_US: completed Unit pre-create add-on: weblate.flags.same_edit
[2025-10-23 18:13:59,938: DEBUG/31195] boost-unordered-documentation/bud_02/en_US: running Unit pre-create add-on: weblate.flags.same_edit
[2025-10-23 18:13:59,938: DEBUG/31195] boost-unordered-documentation/bud_02/en_US: completed Unit pre-create add-on: weblate.flags.same_edit
[2025-10-23 18:13:59,942: DEBUG/31195] boost-unordered-documentation/bud_02/en_US: running Unit pre-create add-on: weblate.flags.same_edit
[2025-10-23 18:13:59,942: DEBUG/31195] boost-unordered-documentation/bud_02/en_US: completed Unit pre-create add-on: weblate.flags.same_edit
[2025-10-23 18:13:59,946: DEBUG/31195] boost-unordered-documentation/bud_02/en_US: running Unit pre-create add-on: weblate.flags.same_edit
[2025-10-23 18:13:59,946: DEBUG/31195] boost-unordered-documentation/bud_02/en_US: completed Unit pre-create add-on: weblate.flags.same_edit
[2025-10-23 18:13:59,953: INFO/31195] boost-unordered-documentation/bud_02/en_US: updating completed
[2025-10-23 18:13:59,954: INFO/31195] boost-unordered-documentation/bud_02: checking triggered alerts
[2025-10-23 18:13:59,961: INFO/31195] boost-unordered-documentation/glossary: Adding glossary languages: <LanguageQuerySet [<Language: English (United States)>]>
[2025-10-23 18:13:59,993: INFO/31195] boost-unordered-documentation/glossary: skipped push: upstream not configured
[2025-10-23 18:13:59,994: INFO/31195] boost-unordered-documentation/glossary/en_US: committed ['/home/dsf2eqw3/Documents/weblate-weblate-5.13.3/data/vcs/boost-unordered-documentation/glossary/en_US.tbx'] as Weblate <noreply@weblate.org>
[2025-10-23 18:14:00,008: INFO/31195] boost-unordered-documentation/glossary: checking en_US.tbx (en_US) [1/2]
[2025-10-23 18:14:00,011: INFO/31195] boost-unordered-documentation/glossary/en_US: processing en_US.tbx, new file, 0 strings
[2025-10-23 18:14:00,014: INFO/31195] boost-unordered-documentation/glossary/en_US: updating completed
[2025-10-23 18:14:00,015: INFO/31195] boost-unordered-documentation/glossary: checking zh_Hans.tbx (zh_Hans) [2/2]
[2025-10-23 18:14:00,018: INFO/31195] boost-unordered-documentation/glossary: checking triggered alerts
[2025-10-23 18:14:00,022: INFO/31195] boost-unordered-documentation/glossary: updating completed
[2025-10-23 18:14:00,024: INFO/31195] boost-unordered-documentation/bud_02: batch updating check translated
[2025-10-23 18:14:00,027: INFO/31195] boost-unordered-documentation/bud_02: batch updating check inconsistent
[2025-10-23 18:14:00,031: INFO/31195] boost-unordered-documentation/bud_02: batch updating check reused
[2025-10-23 18:14:00,037: INFO/31195] boost-unordered-documentation/bud_02: updating completed
[2025-10-23 18:14:00,045: DEBUG/31195] boost-unordered-documentation/bud_02/en_US: updating stats <LanguageStats:stats-Language-191>
[2025-10-23 18:14:00,047: DEBUG/31195] boost-unordered-documentation/bud_02/en_US: updating stats <ProjectLanguageStats:stats-Project-16-191>
[2025-10-23 18:14:00,049: DEBUG/31195] boost-unordered-documentation/bud_02/en_US: updating stats <ComponentStats:stats-Component-20>
[2025-10-23 18:14:00,050: DEBUG/31195] boost-unordered-documentation/bud_02/en_US: updating stats <ProjectStats:stats-Project-16>
[2025-10-23 18:14:00,053: DEBUG/31195] boost-unordered-documentation/bud_02/en_US: updating stats <GlobalStats:stats-global>
[2025-10-23 18:14:00,058: DEBUG/31195] boost-unordered-documentation/bud_02/en_US: skipping update of <LanguageStats:stats-Language-191>
[2025-10-23 18:14:00,058: DEBUG/31195] boost-unordered-documentation/bud_02/en_US: skipping update of <ProjectLanguageStats:stats-Project-16-191>
[2025-10-23 18:14:00,058: DEBUG/31195] boost-unordered-documentation/bud_02/en_US: skipping update of <ComponentStats:stats-Component-20>
[2025-10-23 18:14:00,058: DEBUG/31195] boost-unordered-documentation/bud_02/en_US: skipping update of <ProjectStats:stats-Project-16>
[2025-10-23 18:14:00,058: DEBUG/31195] boost-unordered-documentation/bud_02/en_US: skipping update of <GlobalStats:stats-global>
[2025-10-23 18:14:00,156: DEBUG/31195] boost-unordered-documentation/bud_02/en_US: updating stats <LanguageStats:stats-Language-191>
[2025-10-23 18:14:00,157: DEBUG/31195] boost-unordered-documentation/bud_02/en_US: updating stats <ProjectLanguageStats:stats-Project-16-191>
[2025-10-23 18:14:00,160: DEBUG/31195] boost-unordered-documentation/bud_02/en_US: updating stats <ComponentStats:stats-Component-20>
[2025-10-23 18:14:00,161: DEBUG/31195] boost-unordered-documentation/bud_02/en_US: updating stats <ProjectStats:stats-Project-16>
[2025-10-23 18:14:00,163: DEBUG/31195] boost-unordered-documentation/bud_02/en_US: updating stats <GlobalStats:stats-global>
[2025-10-23 18:14:00,337: INFO/31195] boost-unordered-documentation/bud_02: updating stats caches
[2025-10-23 18:14:00,352: DEBUG/31195] boost-unordered-documentation/bud_02: skipping update of <ProjectStats:stats-Project-16>
[2025-10-23 18:14:00,352: DEBUG/31195] boost-unordered-documentation/bud_02: skipping update of <GlobalStats:stats-global>
[2025-10-23 18:14:00,352: DEBUG/31195] boost-unordered-documentation/bud_02: updating stats <LanguageStats:stats-Language-179>
[2025-10-23 18:14:00,354: DEBUG/31195] boost-unordered-documentation/bud_02: updating stats <ProjectLanguageStats:stats-Project-16-179>
[2025-10-23 18:14:00,355: DEBUG/31195] boost-unordered-documentation/bud_02: skipping update of <LanguageStats:stats-Language-191>
[2025-10-23 18:14:00,355: DEBUG/31195] boost-unordered-documentation/bud_02: skipping update of <ProjectLanguageStats:stats-Project-16-191>
[2025-10-23 18:14:00,358: DEBUG/31195] boost-unordered-documentation/glossary/en_US: skipping update of <LanguageStats:stats-Language-191>
[2025-10-23 18:14:00,358: DEBUG/31195] boost-unordered-documentation/glossary/en_US: skipping update of <ProjectLanguageStats:stats-Project-16-191>
[2025-10-23 18:14:00,358: DEBUG/31195] boost-unordered-documentation/glossary/en_US: updating stats <ComponentStats:stats-Component-18>
[2025-10-23 18:14:00,359: DEBUG/31195] boost-unordered-documentation/glossary/en_US: updating stats <ProjectStats:stats-Project-16>
[2025-10-23 18:14:00,360: DEBUG/31195] boost-unordered-documentation/glossary/en_US: updating stats <GlobalStats:stats-global>
[2025-10-23 18:14:00,364: DEBUG/31195] boost-unordered-documentation/glossary/en_US: skipping update of <LanguageStats:stats-Language-191>
[2025-10-23 18:14:00,364: DEBUG/31195] boost-unordered-documentation/glossary/en_US: skipping update of <ProjectLanguageStats:stats-Project-16-191>
[2025-10-23 18:14:00,364: DEBUG/31195] boost-unordered-documentation/glossary/en_US: skipping update of <ComponentStats:stats-Component-18>
[2025-10-23 18:14:00,364: DEBUG/31195] boost-unordered-documentation/glossary/en_US: updating stats <ProjectStats:stats-Project-16>
[2025-10-23 18:14:00,366: DEBUG/31195] boost-unordered-documentation/glossary/en_US: updating stats <GlobalStats:stats-global>
[2025-10-23 18:14:00,405: DEBUG/31195] boost-unordered-documentation/glossary/en_US: updating stats <LanguageStats:stats-Language-191>
[2025-10-23 18:14:00,406: DEBUG/31195] boost-unordered-documentation/glossary/en_US: updating stats <ProjectLanguageStats:stats-Project-16-191>
[2025-10-23 18:14:00,408: DEBUG/31195] boost-unordered-documentation/glossary/en_US: updating stats <ComponentStats:stats-Component-18>
[2025-10-23 18:14:00,408: DEBUG/31195] boost-unordered-documentation/glossary/en_US: updating stats <ProjectStats:stats-Project-16>
[2025-10-23 18:14:00,409: DEBUG/31195] boost-unordered-documentation/glossary/en_US: updating stats <GlobalStats:stats-global>
[2025-10-23 18:14:00,414: INFO/31195] boost-unordered-documentation/glossary: updating stats caches
[2025-10-23 18:14:00,428: DEBUG/31195] boost-unordered-documentation/glossary: updating stats <ProjectStats:stats-Project-16>
[2025-10-23 18:14:00,429: DEBUG/31195] boost-unordered-documentation/glossary: updating stats <GlobalStats:stats-global>
[2025-10-23 18:14:00,431: DEBUG/31195] boost-unordered-documentation/glossary: skipping update of <LanguageStats:stats-Language-191>
[2025-10-23 18:14:00,431: DEBUG/31195] boost-unordered-documentation/glossary: skipping update of <ProjectLanguageStats:stats-Project-16-191>
[2025-10-23 18:14:00,431: DEBUG/31195] boost-unordered-documentation/glossary: skipping update of <LanguageStats:stats-Language-179>
[2025-10-23 18:14:00,431: DEBUG/31195] boost-unordered-documentation/glossary: skipping update of <ProjectLanguageStats:stats-Project-16-179>
[2025-10-23 18:14:00,431: DEBUG/31195] boost-unordered-documentation/glossary: updating stats <LanguageStats:stats-Language-769>
[2025-10-23 18:14:00,434: DEBUG/31195] boost-unordered-documentation/glossary: updating stats <ProjectLanguageStats:stats-Project-16-769>
[23/Oct/2025 18:14:00] "POST /new-lang/boost-unordered-documentation/bud_02/ HTTP/1.1" 302 0
[2025-10-23 18:14:01,151: DEBUG/31195] boost-unordered-documentation/bud_02/en_US: skipping update of <LanguageStats:stats-Language-191>
[2025-10-23 18:14:01,151: DEBUG/31195] boost-unordered-documentation/bud_02/en_US: skipping update of <ProjectLanguageStats:stats-Project-16-191>
[2025-10-23 18:14:01,151: DEBUG/31195] boost-unordered-documentation/bud_02/en_US: updating stats <ComponentStats:stats-Component-20>
[2025-10-23 18:14:01,153: DEBUG/31195] boost-unordered-documentation/bud_02/en_US: updating stats <ProjectStats:stats-Project-16>
[2025-10-23 18:14:01,157: DEBUG/31195] boost-unordered-documentation/bud_02/en_US: updating stats <GlobalStats:stats-global>
[2025-10-23 18:14:01,162: DEBUG/31195] boost-unordered-documentation/bud_02/en_US: skipping update of <LanguageStats:stats-Language-191>
[2025-10-23 18:14:01,163: DEBUG/31195] boost-unordered-documentation/bud_02/en_US: skipping update of <ProjectLanguageStats:stats-Project-16-191>
[2025-10-23 18:14:01,163: DEBUG/31195] boost-unordered-documentation/bud_02/en_US: skipping update of <ComponentStats:stats-Component-20>
[2025-10-23 18:14:01,163: DEBUG/31195] boost-unordered-documentation/bud_02/en_US: skipping update of <ProjectStats:stats-Project-16>
[2025-10-23 18:14:01,163: DEBUG/31195] boost-unordered-documentation/bud_02/en_US: skipping update of <GlobalStats:stats-global>
[23/Oct/2025 18:14:01] "GET /projects/boost-unordered-documentation/bud_02/en_US/ HTTP/1.1" 200 173470
[23/Oct/2025 18:14:01] "GET /widget/boost-unordered-documentation/bud_02/en_US/svg-badge.svg?native=1 HTTP/1.1" 200 900
Performing system checks...

October 23, 2025 - 06:13:41 PM
Django version 5.2.7, using settings 'weblate.settings'
Starting development server at http://127.0.0.1:8000/
Quit the server with CONTROL-C.

WARNING: This is a development server. Do not use it in a production setting. Use a production WSGI or ASGI server instead.
For more information on production servers see: https://docs.djangoproject.com/en/5.2/howto/deployment/
Template store appended to: /tmp/debug_store.log
Saving content
Store appended to: /tmp/debug_store.log
Template store appended to: /tmp/debug_store.log
System check identified some issues:

WARNINGS:
?: (weblate.W033.Subversion) Failure in loading VCS module for Subversion: git: 'svn' is not a git command. See 'git --help'.

The most similar commands are
	fsck
	mv
	show
 (1)
	HINT: https://docs.weblate.org/en/weblate-5.13.3/vcs.html

System check identified 1 issue (1 silenced).
Performing system checks...

October 23, 2025 - 06:17:52 PM
Django version 5.2.7, using settings 'weblate.settings'
Starting development server at http://127.0.0.1:8000/
Quit the server with CONTROL-C.

WARNING: This is a development server. Do not use it in a production setting. Use a production WSGI or ASGI server instead.
For more information on production servers see: https://docs.djangoproject.com/en/5.2/howto/deployment/
System check identified some issues:

WARNINGS:
?: (weblate.W033.Subversion) Failure in loading VCS module for Subversion: git: 'svn' is not a git command. See 'git --help'.

The most similar commands are
	fsck
	mv
	show
 (1)
	HINT: https://docs.weblate.org/en/weblate-5.13.3/vcs.html

System check identified 1 issue (1 silenced).
Performing system checks...

October 23, 2025 - 06:18:06 PM
Django version 5.2.7, using settings 'weblate.settings'
Starting development server at http://127.0.0.1:8000/
Quit the server with CONTROL-C.

WARNING: This is a development server. Do not use it in a production setting. Use a production WSGI or ASGI server instead.
For more information on production servers see: https://docs.djangoproject.com/en/5.2/howto/deployment/
System check identified some issues:

WARNINGS:
?: (weblate.W033.Subversion) Failure in loading VCS module for Subversion: git: 'svn' is not a git command. See 'git --help'.

The most similar commands are
	fsck
	mv
	show
 (1)
	HINT: https://docs.weblate.org/en/weblate-5.13.3/vcs.html

System check identified 1 issue (1 silenced).
[23/Oct/2025 18:18:14] "GET /projects/boost-unordered-documentation/bud_02/ HTTP/1.1" 200 146460
[23/Oct/2025 18:18:16] "GET /new-lang/boost-unordered-documentation/bud_02/ HTTP/1.1" 200 64300
[2025-10-23 18:18:26,570: DEBUG/31792] boost-unordered-documentation/bud_02/zh_Hans: running Repository pre-commit add-on: weblate.cleanup.generic
[2025-10-23 18:18:26,811: DEBUG/31792] boost-unordered-documentation/bud_02/zh_Hans: completed Repository pre-commit add-on: weblate.cleanup.generic
[2025-10-23 18:18:26,835: DEBUG/31792] git: failure fatal: bad revision 'Giggly19890103/bud-branch-02..'
 (128)
[2025-10-23 18:18:26,835: DEBUG/31792] git: failure fatal: bad revision 'Giggly19890103/bud-branch-02..'
 (128)
[2025-10-23 18:18:26,842: DEBUG/31792] git: On branch develop
Your branch is ahead of 'origin/develop' by 2 commits.
  (use "git push" to publish your local commits)

nothing to commit, working tree clean

[2025-10-23 18:18:26,842: DEBUG/31792] git: On branch develop
Your branch is ahead of 'origin/develop' by 2 commits.
  (use "git push" to publish your local commits)

nothing to commit, working tree clean

[2025-10-23 18:18:26,844: DEBUG/31792] git: failure fatal: bad revision 'Giggly19890103/bud-branch-02..'
 (128)
[2025-10-23 18:18:26,844: DEBUG/31792] git: failure fatal: bad revision 'Giggly19890103/bud-branch-02..'
 (128)
[2025-10-23 18:18:26,849: DEBUG/31792] git: On branch develop
Your branch is ahead of 'origin/develop' by 2 commits.
  (use "git push" to publish your local commits)

nothing to commit, working tree clean

[2025-10-23 18:18:26,849: DEBUG/31792] git: On branch develop
Your branch is ahead of 'origin/develop' by 2 commits.
  (use "git push" to publish your local commits)

nothing to commit, working tree clean

[2025-10-23 18:18:26,851: INFO/31792] boost-unordered-documentation/bud_02: updating repository
[2025-10-23 18:18:37,021: INFO/31792] boost-unordered-documentation/bud_02: update took 10.17 seconds
[2025-10-23 18:18:37,024: INFO/31792] boost-unordered-documentation/bud_02: repository up to date at 09d6416755cda0d46d9d60f9c00c6d4267b98c61
[2025-10-23 18:18:37,038: INFO/31792] boost-unordered-documentation/bud_02: pushing to remote repo
[2025-10-23 18:18:41,915: DEBUG/31792] git: HTTP post https://api.github.com/repos/Giggly19890103/unordered/pulls
[2025-10-23 18:18:41,915: DEBUG/31792] git: HTTP post https://api.github.com/repos/Giggly19890103/unordered/pulls
[2025-10-23 18:18:43,776: DEBUG/31792] git: Validation Failed
[2025-10-23 18:18:43,776: DEBUG/31792] git: Validation Failed
[2025-10-23 18:18:43,776: DEBUG/31792] git: A pull request already exists for Giggly19890103:bud-branch-02.
[2025-10-23 18:18:43,776: DEBUG/31792] git: A pull request already exists for Giggly19890103:bud-branch-02.
[2025-10-23 18:18:43,783: INFO/31792] boost-unordered-documentation/bud_02/zh_Hans: committed ['/home/dsf2eqw3/Documents/weblate-weblate-5.13.3/data/vcs/boost-unordered-documentation/bud_02/doc/modules/ROOT/pages/intro_zh_Hans.adoc'] as user01 <user01@weblate.com>
[2025-10-23 18:18:43,787: INFO/31792] boost-unordered-documentation/bud_02/zh_Hans: Language added (user01)
[2025-10-23 18:18:43,788: INFO/31792] boost-unordered-documentation/bud_02: checking doc/modules/ROOT/pages/intro.adoc (en) [1/3]
[2025-10-23 18:18:43,796: INFO/31792] boost-unordered-documentation/bud_02: checking doc/modules/ROOT/pages/intro_en_US.adoc (en_US) [2/3]
[2025-10-23 18:18:43,799: INFO/31792] boost-unordered-documentation/bud_02: checking doc/modules/ROOT/pages/intro_zh_Hans.adoc (zh_Hans) [3/3]
[2025-10-23 18:18:43,814: INFO/31792] boost-unordered-documentation/bud_02/zh_Hans: processing doc/modules/ROOT/pages/intro_zh_Hans.adoc, new file, 24 strings
[2025-10-23 18:18:43,819: DEBUG/31792] boost-unordered-documentation/bud_02/zh_Hans: running Unit pre-create add-on: weblate.flags.same_edit
[2025-10-23 18:18:43,820: DEBUG/31792] boost-unordered-documentation/bud_02/zh_Hans: completed Unit pre-create add-on: weblate.flags.same_edit
[2025-10-23 18:18:43,826: DEBUG/31792] boost-unordered-documentation/bud_02/zh_Hans: running Unit pre-create add-on: weblate.flags.same_edit
[2025-10-23 18:18:43,826: DEBUG/31792] boost-unordered-documentation/bud_02/zh_Hans: completed Unit pre-create add-on: weblate.flags.same_edit
[2025-10-23 18:18:43,829: DEBUG/31792] boost-unordered-documentation/bud_02/zh_Hans: running Unit pre-create add-on: weblate.flags.same_edit
[2025-10-23 18:18:43,830: DEBUG/31792] boost-unordered-documentation/bud_02/zh_Hans: completed Unit pre-create add-on: weblate.flags.same_edit
[2025-10-23 18:18:43,833: DEBUG/31792] boost-unordered-documentation/bud_02/zh_Hans: running Unit pre-create add-on: weblate.flags.same_edit
[2025-10-23 18:18:43,833: DEBUG/31792] boost-unordered-documentation/bud_02/zh_Hans: completed Unit pre-create add-on: weblate.flags.same_edit
[2025-10-23 18:18:43,838: DEBUG/31792] boost-unordered-documentation/bud_02/zh_Hans: running Unit pre-create add-on: weblate.flags.same_edit
[2025-10-23 18:18:43,839: DEBUG/31792] boost-unordered-documentation/bud_02/zh_Hans: completed Unit pre-create add-on: weblate.flags.same_edit
[2025-10-23 18:18:43,842: DEBUG/31792] boost-unordered-documentation/bud_02/zh_Hans: running Unit pre-create add-on: weblate.flags.same_edit
[2025-10-23 18:18:43,842: DEBUG/31792] boost-unordered-documentation/bud_02/zh_Hans: completed Unit pre-create add-on: weblate.flags.same_edit
[2025-10-23 18:18:43,845: DEBUG/31792] boost-unordered-documentation/bud_02/zh_Hans: running Unit pre-create add-on: weblate.flags.same_edit
[2025-10-23 18:18:43,845: DEBUG/31792] boost-unordered-documentation/bud_02/zh_Hans: completed Unit pre-create add-on: weblate.flags.same_edit
[2025-10-23 18:18:43,847: DEBUG/31792] boost-unordered-documentation/bud_02/zh_Hans: running Unit pre-create add-on: weblate.flags.same_edit
[2025-10-23 18:18:43,847: DEBUG/31792] boost-unordered-documentation/bud_02/zh_Hans: completed Unit pre-create add-on: weblate.flags.same_edit
[2025-10-23 18:18:43,849: DEBUG/31792] boost-unordered-documentation/bud_02/zh_Hans: running Unit pre-create add-on: weblate.flags.same_edit
[2025-10-23 18:18:43,849: DEBUG/31792] boost-unordered-documentation/bud_02/zh_Hans: completed Unit pre-create add-on: weblate.flags.same_edit
[2025-10-23 18:18:43,851: DEBUG/31792] boost-unordered-documentation/bud_02/zh_Hans: running Unit pre-create add-on: weblate.flags.same_edit
[2025-10-23 18:18:43,851: DEBUG/31792] boost-unordered-documentation/bud_02/zh_Hans: completed Unit pre-create add-on: weblate.flags.same_edit
[2025-10-23 18:18:43,853: DEBUG/31792] boost-unordered-documentation/bud_02/zh_Hans: running Unit pre-create add-on: weblate.flags.same_edit
[2025-10-23 18:18:43,853: DEBUG/31792] boost-unordered-documentation/bud_02/zh_Hans: completed Unit pre-create add-on: weblate.flags.same_edit
[2025-10-23 18:18:43,859: DEBUG/31792] boost-unordered-documentation/bud_02/zh_Hans: running Unit pre-create add-on: weblate.flags.same_edit
[2025-10-23 18:18:43,859: DEBUG/31792] boost-unordered-documentation/bud_02/zh_Hans: completed Unit pre-create add-on: weblate.flags.same_edit
[2025-10-23 18:18:43,861: DEBUG/31792] boost-unordered-documentation/bud_02/zh_Hans: running Unit pre-create add-on: weblate.flags.same_edit
[2025-10-23 18:18:43,861: DEBUG/31792] boost-unordered-documentation/bud_02/zh_Hans: completed Unit pre-create add-on: weblate.flags.same_edit
[2025-10-23 18:18:43,863: DEBUG/31792] boost-unordered-documentation/bud_02/zh_Hans: running Unit pre-create add-on: weblate.flags.same_edit
[2025-10-23 18:18:43,863: DEBUG/31792] boost-unordered-documentation/bud_02/zh_Hans: completed Unit pre-create add-on: weblate.flags.same_edit
[2025-10-23 18:18:43,865: DEBUG/31792] boost-unordered-documentation/bud_02/zh_Hans: running Unit pre-create add-on: weblate.flags.same_edit
[2025-10-23 18:18:43,865: DEBUG/31792] boost-unordered-documentation/bud_02/zh_Hans: completed Unit pre-create add-on: weblate.flags.same_edit
[2025-10-23 18:18:43,867: DEBUG/31792] boost-unordered-documentation/bud_02/zh_Hans: running Unit pre-create add-on: weblate.flags.same_edit
[2025-10-23 18:18:43,867: DEBUG/31792] boost-unordered-documentation/bud_02/zh_Hans: completed Unit pre-create add-on: weblate.flags.same_edit
[2025-10-23 18:18:43,868: DEBUG/31792] boost-unordered-documentation/bud_02/zh_Hans: running Unit pre-create add-on: weblate.flags.same_edit
[2025-10-23 18:18:43,868: DEBUG/31792] boost-unordered-documentation/bud_02/zh_Hans: completed Unit pre-create add-on: weblate.flags.same_edit
[2025-10-23 18:18:43,870: DEBUG/31792] boost-unordered-documentation/bud_02/zh_Hans: running Unit pre-create add-on: weblate.flags.same_edit
[2025-10-23 18:18:43,871: DEBUG/31792] boost-unordered-documentation/bud_02/zh_Hans: completed Unit pre-create add-on: weblate.flags.same_edit
[2025-10-23 18:18:43,873: DEBUG/31792] boost-unordered-documentation/bud_02/zh_Hans: running Unit pre-create add-on: weblate.flags.same_edit
[2025-10-23 18:18:43,873: DEBUG/31792] boost-unordered-documentation/bud_02/zh_Hans: completed Unit pre-create add-on: weblate.flags.same_edit
[2025-10-23 18:18:43,874: DEBUG/31792] boost-unordered-documentation/bud_02/zh_Hans: running Unit pre-create add-on: weblate.flags.same_edit
[2025-10-23 18:18:43,874: DEBUG/31792] boost-unordered-documentation/bud_02/zh_Hans: completed Unit pre-create add-on: weblate.flags.same_edit
[2025-10-23 18:18:43,879: DEBUG/31792] boost-unordered-documentation/bud_02/zh_Hans: running Unit pre-create add-on: weblate.flags.same_edit
[2025-10-23 18:18:43,880: DEBUG/31792] boost-unordered-documentation/bud_02/zh_Hans: completed Unit pre-create add-on: weblate.flags.same_edit
[2025-10-23 18:18:43,882: DEBUG/31792] boost-unordered-documentation/bud_02/zh_Hans: running Unit pre-create add-on: weblate.flags.same_edit
[2025-10-23 18:18:43,882: DEBUG/31792] boost-unordered-documentation/bud_02/zh_Hans: completed Unit pre-create add-on: weblate.flags.same_edit
[2025-10-23 18:18:43,887: DEBUG/31792] boost-unordered-documentation/bud_02/zh_Hans: running Unit pre-create add-on: weblate.flags.same_edit
[2025-10-23 18:18:43,887: DEBUG/31792] boost-unordered-documentation/bud_02/zh_Hans: completed Unit pre-create add-on: weblate.flags.same_edit
[2025-10-23 18:18:43,890: DEBUG/31792] boost-unordered-documentation/bud_02/zh_Hans: running Unit pre-create add-on: weblate.flags.same_edit
[2025-10-23 18:18:43,890: DEBUG/31792] boost-unordered-documentation/bud_02/zh_Hans: completed Unit pre-create add-on: weblate.flags.same_edit
[2025-10-23 18:18:43,896: INFO/31792] boost-unordered-documentation/bud_02/zh_Hans: updating completed
[2025-10-23 18:18:43,898: INFO/31792] boost-unordered-documentation/bud_02: checking triggered alerts
[2025-10-23 18:18:43,898: INFO/31792] boost-unordered-documentation/bud_02: running source checks for 6 strings
[2025-10-23 18:18:43,912: INFO/31792] boost-unordered-documentation/bud_02: batch updating check inconsistent
[2025-10-23 18:18:43,941: INFO/31792] boost-unordered-documentation/bud_02: batch updating check translated
[2025-10-23 18:18:43,944: INFO/31792] boost-unordered-documentation/bud_02: updating completed
[2025-10-23 18:18:43,954: DEBUG/31792] boost-unordered-documentation/bud_02/zh_Hans: updating stats <LanguageStats:stats-Language-769>
[2025-10-23 18:18:43,956: DEBUG/31792] boost-unordered-documentation/bud_02/zh_Hans: updating stats <ProjectLanguageStats:stats-Project-16-769>
[2025-10-23 18:18:43,958: DEBUG/31792] boost-unordered-documentation/bud_02/zh_Hans: updating stats <ComponentStats:stats-Component-20>
[2025-10-23 18:18:43,959: DEBUG/31792] boost-unordered-documentation/bud_02/zh_Hans: updating stats <ProjectStats:stats-Project-16>
[2025-10-23 18:18:43,962: DEBUG/31792] boost-unordered-documentation/bud_02/zh_Hans: updating stats <GlobalStats:stats-global>
[2025-10-23 18:18:43,967: DEBUG/31792] boost-unordered-documentation/bud_02/zh_Hans: skipping update of <LanguageStats:stats-Language-769>
[2025-10-23 18:18:43,967: DEBUG/31792] boost-unordered-documentation/bud_02/zh_Hans: skipping update of <ProjectLanguageStats:stats-Project-16-769>
[2025-10-23 18:18:43,967: DEBUG/31792] boost-unordered-documentation/bud_02/zh_Hans: skipping update of <ComponentStats:stats-Component-20>
[2025-10-23 18:18:43,967: DEBUG/31792] boost-unordered-documentation/bud_02/zh_Hans: skipping update of <ProjectStats:stats-Project-16>
[2025-10-23 18:18:43,967: DEBUG/31792] boost-unordered-documentation/bud_02/zh_Hans: skipping update of <GlobalStats:stats-global>
[2025-10-23 18:18:44,069: DEBUG/31792] boost-unordered-documentation/bud_02/zh_Hans: updating stats <LanguageStats:stats-Language-769>
[2025-10-23 18:18:44,070: DEBUG/31792] boost-unordered-documentation/bud_02/zh_Hans: updating stats <ProjectLanguageStats:stats-Project-16-769>
[2025-10-23 18:18:44,072: DEBUG/31792] boost-unordered-documentation/bud_02/zh_Hans: updating stats <ComponentStats:stats-Component-20>
[2025-10-23 18:18:44,072: DEBUG/31792] boost-unordered-documentation/bud_02/zh_Hans: updating stats <ProjectStats:stats-Project-16>
[2025-10-23 18:18:44,074: DEBUG/31792] boost-unordered-documentation/bud_02/zh_Hans: updating stats <GlobalStats:stats-global>
[2025-10-23 18:18:44,134: DEBUG/31792] boost-unordered-documentation/bud_02/en: updating stats <LanguageStats:stats-Language-179>
[2025-10-23 18:18:44,135: DEBUG/31792] boost-unordered-documentation/bud_02/en: updating stats <ProjectLanguageStats:stats-Project-16-179>
[2025-10-23 18:18:44,137: DEBUG/31792] boost-unordered-documentation/bud_02/en: updating stats <ComponentStats:stats-Component-20>
[2025-10-23 18:18:44,137: DEBUG/31792] boost-unordered-documentation/bud_02/en: updating stats <ProjectStats:stats-Project-16>
[2025-10-23 18:18:44,139: DEBUG/31792] boost-unordered-documentation/bud_02/en: updating stats <GlobalStats:stats-global>
[2025-10-23 18:18:44,192: INFO/31792] boost-unordered-documentation/bud_02: updating stats caches
[2025-10-23 18:18:44,215: DEBUG/31792] boost-unordered-documentation/bud_02: skipping update of <ProjectStats:stats-Project-16>
[2025-10-23 18:18:44,215: DEBUG/31792] boost-unordered-documentation/bud_02: skipping update of <GlobalStats:stats-global>
[2025-10-23 18:18:44,216: DEBUG/31792] boost-unordered-documentation/bud_02: skipping update of <LanguageStats:stats-Language-179>
[2025-10-23 18:18:44,216: DEBUG/31792] boost-unordered-documentation/bud_02: skipping update of <ProjectLanguageStats:stats-Project-16-179>
[2025-10-23 18:18:44,216: DEBUG/31792] boost-unordered-documentation/bud_02: updating stats <LanguageStats:stats-Language-191>
[2025-10-23 18:18:44,217: DEBUG/31792] boost-unordered-documentation/bud_02: updating stats <ProjectLanguageStats:stats-Project-16-191>
[2025-10-23 18:18:44,219: DEBUG/31792] boost-unordered-documentation/bud_02: skipping update of <LanguageStats:stats-Language-769>
[2025-10-23 18:18:44,219: DEBUG/31792] boost-unordered-documentation/bud_02: skipping update of <ProjectLanguageStats:stats-Project-16-769>
[2025-10-23 18:18:44,219: INFO/31792] boost-unordered-documentation/bud_02: updating stats caches
[2025-10-23 18:18:44,238: DEBUG/31792] boost-unordered-documentation/bud_02: updating stats <ProjectStats:stats-Project-16>
[2025-10-23 18:18:44,241: DEBUG/31792] boost-unordered-documentation/bud_02: updating stats <GlobalStats:stats-global>
[2025-10-23 18:18:44,244: DEBUG/31792] boost-unordered-documentation/bud_02: updating stats <LanguageStats:stats-Language-179>
[2025-10-23 18:18:44,245: DEBUG/31792] boost-unordered-documentation/bud_02: updating stats <ProjectLanguageStats:stats-Project-16-179>
[2025-10-23 18:18:44,247: DEBUG/31792] boost-unordered-documentation/bud_02: updating stats <LanguageStats:stats-Language-191>
[2025-10-23 18:18:44,248: DEBUG/31792] boost-unordered-documentation/bud_02: updating stats <ProjectLanguageStats:stats-Project-16-191>
[2025-10-23 18:18:44,249: DEBUG/31792] boost-unordered-documentation/bud_02: updating stats <LanguageStats:stats-Language-769>
[2025-10-23 18:18:44,251: DEBUG/31792] boost-unordered-documentation/bud_02: updating stats <ProjectLanguageStats:stats-Project-16-769>
[2025-10-23 18:18:44,252: INFO/31792] boost-unordered-documentation/bud_01: updating stats caches
[2025-10-23 18:18:44,267: DEBUG/31792] boost-unordered-documentation/bud_01: updating stats <ProjectStats:stats-Project-16>
[2025-10-23 18:18:44,269: DEBUG/31792] boost-unordered-documentation/bud_01: updating stats <GlobalStats:stats-global>
[2025-10-23 18:18:44,272: DEBUG/31792] boost-unordered-documentation/bud_01: updating stats <LanguageStats:stats-Language-769>
[2025-10-23 18:18:44,274: DEBUG/31792] boost-unordered-documentation/bud_01: updating stats <ProjectLanguageStats:stats-Project-16-769>
[2025-10-23 18:18:44,276: DEBUG/31792] boost-unordered-documentation/bud_01: updating stats <LanguageStats:stats-Language-179>
[2025-10-23 18:18:44,277: DEBUG/31792] boost-unordered-documentation/bud_01: updating stats <ProjectLanguageStats:stats-Project-16-179>
[2025-10-23 18:18:44,278: INFO/31792] boost-unordered-documentation/intro: updating stats caches
[2025-10-23 18:18:44,293: DEBUG/31792] boost-unordered-documentation/intro: updating stats <ProjectStats:stats-Project-16>
[2025-10-23 18:18:44,294: DEBUG/31792] boost-unordered-documentation/intro: updating stats <GlobalStats:stats-global>
[2025-10-23 18:18:44,296: DEBUG/31792] boost-unordered-documentation/intro: updating stats <LanguageStats:stats-Language-179>
[2025-10-23 18:18:44,297: DEBUG/31792] boost-unordered-documentation/intro: updating stats <ProjectLanguageStats:stats-Project-16-179>
[2025-10-23 18:18:44,299: DEBUG/31792] boost-unordered-documentation/intro: updating stats <LanguageStats:stats-Language-769>
[2025-10-23 18:18:44,301: DEBUG/31792] boost-unordered-documentation/intro: updating stats <ProjectLanguageStats:stats-Project-16-769>
[23/Oct/2025 18:18:44] "POST /new-lang/boost-unordered-documentation/bud_02/ HTTP/1.1" 302 0
[2025-10-23 18:18:44,681: DEBUG/31792] boost-unordered-documentation/bud_02/zh_Hans: skipping update of <LanguageStats:stats-Language-769>
[2025-10-23 18:18:44,681: DEBUG/31792] boost-unordered-documentation/bud_02/zh_Hans: skipping update of <ProjectLanguageStats:stats-Project-16-769>
[2025-10-23 18:18:44,681: DEBUG/31792] boost-unordered-documentation/bud_02/zh_Hans: skipping update of <ComponentStats:stats-Component-20>
[2025-10-23 18:18:44,682: DEBUG/31792] boost-unordered-documentation/bud_02/zh_Hans: skipping update of <ProjectStats:stats-Project-16>
[2025-10-23 18:18:44,682: DEBUG/31792] boost-unordered-documentation/bud_02/zh_Hans: skipping update of <GlobalStats:stats-global>
[2025-10-23 18:18:44,688: DEBUG/31792] boost-unordered-documentation/bud_02/zh_Hans: skipping update of <LanguageStats:stats-Language-769>
[2025-10-23 18:18:44,689: DEBUG/31792] boost-unordered-documentation/bud_02/zh_Hans: skipping update of <ProjectLanguageStats:stats-Project-16-769>
[2025-10-23 18:18:44,689: DEBUG/31792] boost-unordered-documentation/bud_02/zh_Hans: skipping update of <ComponentStats:stats-Component-20>
[2025-10-23 18:18:44,689: DEBUG/31792] boost-unordered-documentation/bud_02/zh_Hans: skipping update of <ProjectStats:stats-Project-16>
[2025-10-23 18:18:44,689: DEBUG/31792] boost-unordered-documentation/bud_02/zh_Hans: skipping update of <GlobalStats:stats-global>
[23/Oct/2025 18:18:44] "GET /projects/boost-unordered-documentation/bud_02/zh_Hans/ HTTP/1.1" 200 166169
[23/Oct/2025 18:18:44] "GET /widget/boost-unordered-documentation/bud_02/zh_Hans/svg-badge.svg?native=1 HTTP/1.1" 200 900
[23/Oct/2025 18:19:31] "GET /translate/boost-unordered-documentation/bud_02/zh_Hans/?q=state:%3Ctranslated HTTP/1.1" 200 180303
[23/Oct/2025 18:19:31] "POST /js/translate/openai/779/ HTTP/1.1" 200 454
[2025-10-23 18:19:34,404: DEBUG/31792] boost-unordered-documentation/bud_01/zh_Hans: updating stats <LanguageStats:stats-Language-769>
[2025-10-23 18:19:34,407: DEBUG/31792] boost-unordered-documentation/bud_01/zh_Hans: updating stats <ProjectLanguageStats:stats-Project-16-769>
[2025-10-23 18:19:34,410: DEBUG/31792] boost-unordered-documentation/bud_01/zh_Hans: updating stats <ComponentStats:stats-Component-17>
[2025-10-23 18:19:34,411: DEBUG/31792] boost-unordered-documentation/bud_01/zh_Hans: updating stats <ProjectStats:stats-Project-16>
[2025-10-23 18:19:34,414: DEBUG/31792] boost-unordered-documentation/bud_01/zh_Hans: updating stats <GlobalStats:stats-global>
[2025-10-23 18:19:34,429: DEBUG/31792] boost-unordered-documentation/intro/zh_Hans: updating stats <LanguageStats:stats-Language-769>
[2025-10-23 18:19:34,429: DEBUG/31792] boost-unordered-documentation/intro/zh_Hans: updating stats <ProjectLanguageStats:stats-Project-16-769>
[2025-10-23 18:19:34,433: DEBUG/31792] boost-unordered-documentation/intro/zh_Hans: updating stats <ComponentStats:stats-Component-19>
[2025-10-23 18:19:34,434: DEBUG/31792] boost-unordered-documentation/intro/zh_Hans: updating stats <ProjectStats:stats-Project-16>
[2025-10-23 18:19:34,436: DEBUG/31792] boost-unordered-documentation/intro/zh_Hans: updating stats <GlobalStats:stats-global>
[2025-10-23 18:19:34,499: DEBUG/31792] boost-unordered-documentation/bud_01/zh_Hans: updating stats <LanguageStats:stats-Language-769>
[2025-10-23 18:19:34,501: DEBUG/31792] boost-unordered-documentation/bud_01/zh_Hans: updating stats <ProjectLanguageStats:stats-Project-16-769>
[2025-10-23 18:19:34,503: DEBUG/31792] boost-unordered-documentation/bud_01/zh_Hans: updating stats <ComponentStats:stats-Component-17>
[2025-10-23 18:19:34,505: DEBUG/31792] boost-unordered-documentation/bud_01/zh_Hans: updating stats <ProjectStats:stats-Project-16>
[2025-10-23 18:19:34,510: DEBUG/31792] boost-unordered-documentation/bud_01/zh_Hans: updating stats <GlobalStats:stats-global>
[2025-10-23 18:19:34,520: DEBUG/31792] boost-unordered-documentation/intro/zh_Hans: updating stats <LanguageStats:stats-Language-769>
[2025-10-23 18:19:34,521: DEBUG/31792] boost-unordered-documentation/intro/zh_Hans: updating stats <ProjectLanguageStats:stats-Project-16-769>
[2025-10-23 18:19:34,523: DEBUG/31792] boost-unordered-documentation/intro/zh_Hans: updating stats <ComponentStats:stats-Component-19>
[2025-10-23 18:19:34,524: DEBUG/31792] boost-unordered-documentation/intro/zh_Hans: updating stats <ProjectStats:stats-Project-16>
[2025-10-23 18:19:34,525: DEBUG/31792] boost-unordered-documentation/intro/zh_Hans: updating stats <GlobalStats:stats-global>
[2025-10-23 18:19:34,536: DEBUG/31792] boost-unordered-documentation/bud_01/zh_Hans: updating stats <LanguageStats:stats-Language-769>
[2025-10-23 18:19:34,538: DEBUG/31792] boost-unordered-documentation/bud_01/zh_Hans: updating stats <ProjectLanguageStats:stats-Project-16-769>
[2025-10-23 18:19:34,540: DEBUG/31792] boost-unordered-documentation/bud_01/zh_Hans: updating stats <ComponentStats:stats-Component-17>
[2025-10-23 18:19:34,541: DEBUG/31792] boost-unordered-documentation/bud_01/zh_Hans: updating stats <ProjectStats:stats-Project-16>
[2025-10-23 18:19:34,544: DEBUG/31792] boost-unordered-documentation/bud_01/zh_Hans: updating stats <GlobalStats:stats-global>
[2025-10-23 18:19:34,555: DEBUG/31792] boost-unordered-documentation/intro/zh_Hans: updating stats <LanguageStats:stats-Language-769>
[2025-10-23 18:19:34,555: DEBUG/31792] boost-unordered-documentation/intro/zh_Hans: updating stats <ProjectLanguageStats:stats-Project-16-769>
[2025-10-23 18:19:34,558: DEBUG/31792] boost-unordered-documentation/intro/zh_Hans: updating stats <ComponentStats:stats-Component-19>
[2025-10-23 18:19:34,559: DEBUG/31792] boost-unordered-documentation/intro/zh_Hans: updating stats <ProjectStats:stats-Project-16>
[2025-10-23 18:19:34,561: DEBUG/31792] boost-unordered-documentation/intro/zh_Hans: updating stats <GlobalStats:stats-global>
[2025-10-23 18:19:34,570: DEBUG/31792] boost-unordered-documentation/bud_02/zh_Hans: updating stats <LanguageStats:stats-Language-769>
[2025-10-23 18:19:34,572: DEBUG/31792] boost-unordered-documentation/bud_02/zh_Hans: updating stats <ProjectLanguageStats:stats-Project-16-769>
[2025-10-23 18:19:34,574: DEBUG/31792] boost-unordered-documentation/bud_02/zh_Hans: updating stats <ComponentStats:stats-Component-20>
[2025-10-23 18:19:34,575: DEBUG/31792] boost-unordered-documentation/bud_02/zh_Hans: updating stats <ProjectStats:stats-Project-16>
[2025-10-23 18:19:34,578: DEBUG/31792] boost-unordered-documentation/bud_02/zh_Hans: updating stats <GlobalStats:stats-global>
[23/Oct/2025 18:19:34] "POST /translate/boost-unordered-documentation/bud_02/zh_Hans/?q=state%3A%3Ctranslated&offset=1 HTTP/1.1" 302 0
[23/Oct/2025 18:19:34] "GET /translate/boost-unordered-documentation/bud_02/zh_Hans/?q=state%3A%3Ctranslated&offset=2 HTTP/1.1" 200 173117
[23/Oct/2025 18:19:35] "POST /js/translate/openai/780/ HTTP/1.1" 200 372
[2025-10-23 18:19:35,712: DEBUG/31792] boost-unordered-documentation/bud_01/zh_Hans: updating stats <LanguageStats:stats-Language-769>
[2025-10-23 18:19:35,714: DEBUG/31792] boost-unordered-documentation/bud_01/zh_Hans: updating stats <ProjectLanguageStats:stats-Project-16-769>
[2025-10-23 18:19:35,715: DEBUG/31792] boost-unordered-documentation/bud_01/zh_Hans: updating stats <ComponentStats:stats-Component-17>
[2025-10-23 18:19:35,717: DEBUG/31792] boost-unordered-documentation/bud_01/zh_Hans: updating stats <ProjectStats:stats-Project-16>
[2025-10-23 18:19:35,720: DEBUG/31792] boost-unordered-documentation/bud_01/zh_Hans: updating stats <GlobalStats:stats-global>
[2025-10-23 18:19:35,731: DEBUG/31792] boost-unordered-documentation/intro/zh_Hans: updating stats <LanguageStats:stats-Language-769>
[2025-10-23 18:19:35,731: DEBUG/31792] boost-unordered-documentation/intro/zh_Hans: updating stats <ProjectLanguageStats:stats-Project-16-769>
[2025-10-23 18:19:35,733: DEBUG/31792] boost-unordered-documentation/intro/zh_Hans: updating stats <ComponentStats:stats-Component-19>
[2025-10-23 18:19:35,734: DEBUG/31792] boost-unordered-documentation/intro/zh_Hans: updating stats <ProjectStats:stats-Project-16>
[2025-10-23 18:19:35,735: DEBUG/31792] boost-unordered-documentation/intro/zh_Hans: updating stats <GlobalStats:stats-global>
[2025-10-23 18:19:35,806: DEBUG/31792] boost-unordered-documentation/bud_01/zh_Hans: updating stats <LanguageStats:stats-Language-769>
[2025-10-23 18:19:35,808: DEBUG/31792] boost-unordered-documentation/bud_01/zh_Hans: updating stats <ProjectLanguageStats:stats-Project-16-769>
[2025-10-23 18:19:35,810: DEBUG/31792] boost-unordered-documentation/bud_01/zh_Hans: updating stats <ComponentStats:stats-Component-17>
[2025-10-23 18:19:35,811: DEBUG/31792] boost-unordered-documentation/bud_01/zh_Hans: updating stats <ProjectStats:stats-Project-16>
[2025-10-23 18:19:35,816: DEBUG/31792] boost-unordered-documentation/bud_01/zh_Hans: updating stats <GlobalStats:stats-global>
[2025-10-23 18:19:35,825: DEBUG/31792] boost-unordered-documentation/intro/zh_Hans: updating stats <LanguageStats:stats-Language-769>
[2025-10-23 18:19:35,826: DEBUG/31792] boost-unordered-documentation/intro/zh_Hans: updating stats <ProjectLanguageStats:stats-Project-16-769>
[2025-10-23 18:19:35,827: DEBUG/31792] boost-unordered-documentation/intro/zh_Hans: updating stats <ComponentStats:stats-Component-19>
[2025-10-23 18:19:35,828: DEBUG/31792] boost-unordered-documentation/intro/zh_Hans: updating stats <ProjectStats:stats-Project-16>
[2025-10-23 18:19:35,830: DEBUG/31792] boost-unordered-documentation/intro/zh_Hans: updating stats <GlobalStats:stats-global>
[2025-10-23 18:19:35,840: DEBUG/31792] boost-unordered-documentation/bud_01/zh_Hans: updating stats <LanguageStats:stats-Language-769>
[2025-10-23 18:19:35,842: DEBUG/31792] boost-unordered-documentation/bud_01/zh_Hans: updating stats <ProjectLanguageStats:stats-Project-16-769>
[2025-10-23 18:19:35,844: DEBUG/31792] boost-unordered-documentation/bud_01/zh_Hans: updating stats <ComponentStats:stats-Component-17>
[2025-10-23 18:19:35,845: DEBUG/31792] boost-unordered-documentation/bud_01/zh_Hans: updating stats <ProjectStats:stats-Project-16>
[2025-10-23 18:19:35,848: DEBUG/31792] boost-unordered-documentation/bud_01/zh_Hans: updating stats <GlobalStats:stats-global>
[2025-10-23 18:19:35,856: DEBUG/31792] boost-unordered-documentation/intro/zh_Hans: updating stats <LanguageStats:stats-Language-769>
[2025-10-23 18:19:35,857: DEBUG/31792] boost-unordered-documentation/intro/zh_Hans: updating stats <ProjectLanguageStats:stats-Project-16-769>
[2025-10-23 18:19:35,858: DEBUG/31792] boost-unordered-documentation/intro/zh_Hans: updating stats <ComponentStats:stats-Component-19>
[2025-10-23 18:19:35,860: DEBUG/31792] boost-unordered-documentation/intro/zh_Hans: updating stats <ProjectStats:stats-Project-16>
[2025-10-23 18:19:35,861: DEBUG/31792] boost-unordered-documentation/intro/zh_Hans: updating stats <GlobalStats:stats-global>
[2025-10-23 18:19:35,868: DEBUG/31792] boost-unordered-documentation/bud_02/zh_Hans: updating stats <LanguageStats:stats-Language-769>
[2025-10-23 18:19:35,870: DEBUG/31792] boost-unordered-documentation/bud_02/zh_Hans: updating stats <ProjectLanguageStats:stats-Project-16-769>
[2025-10-23 18:19:35,872: DEBUG/31792] boost-unordered-documentation/bud_02/zh_Hans: updating stats <ComponentStats:stats-Component-20>
[2025-10-23 18:19:35,874: DEBUG/31792] boost-unordered-documentation/bud_02/zh_Hans: updating stats <ProjectStats:stats-Project-16>
[2025-10-23 18:19:35,878: DEBUG/31792] boost-unordered-documentation/bud_02/zh_Hans: updating stats <GlobalStats:stats-global>
[23/Oct/2025 18:19:35] "POST /translate/boost-unordered-documentation/bud_02/zh_Hans/?q=state%3A%3Ctranslated&offset=2 HTTP/1.1" 302 0
[23/Oct/2025 18:19:36] "GET /translate/boost-unordered-documentation/bud_02/zh_Hans/?q=state%3A%3Ctranslated&offset=3 HTTP/1.1" 200 176657
[23/Oct/2025 18:19:36] "POST /js/translate/openai/781/ HTTP/1.1" 200 372
[2025-10-23 18:19:36,712: DEBUG/31792] boost-unordered-documentation/bud_01/zh_Hans: updating stats <LanguageStats:stats-Language-769>
[2025-10-23 18:19:36,713: DEBUG/31792] boost-unordered-documentation/bud_01/zh_Hans: updating stats <ProjectLanguageStats:stats-Project-16-769>
[2025-10-23 18:19:36,715: DEBUG/31792] boost-unordered-documentation/bud_01/zh_Hans: updating stats <ComponentStats:stats-Component-17>
[2025-10-23 18:19:36,716: DEBUG/31792] boost-unordered-documentation/bud_01/zh_Hans: updating stats <ProjectStats:stats-Project-16>
[2025-10-23 18:19:36,720: DEBUG/31792] boost-unordered-documentation/bud_01/zh_Hans: updating stats <GlobalStats:stats-global>
[2025-10-23 18:19:36,731: DEBUG/31792] boost-unordered-documentation/intro/zh_Hans: updating stats <LanguageStats:stats-Language-769>
[2025-10-23 18:19:36,731: DEBUG/31792] boost-unordered-documentation/intro/zh_Hans: updating stats <ProjectLanguageStats:stats-Project-16-769>
[2025-10-23 18:19:36,733: DEBUG/31792] boost-unordered-documentation/intro/zh_Hans: updating stats <ComponentStats:stats-Component-19>
[2025-10-23 18:19:36,734: DEBUG/31792] boost-unordered-documentation/intro/zh_Hans: updating stats <ProjectStats:stats-Project-16>
[2025-10-23 18:19:36,736: DEBUG/31792] boost-unordered-documentation/intro/zh_Hans: updating stats <GlobalStats:stats-global>
[2025-10-23 18:19:36,790: DEBUG/31792] boost-unordered-documentation/bud_01/zh_Hans: updating stats <LanguageStats:stats-Language-769>
[2025-10-23 18:19:36,792: DEBUG/31792] boost-unordered-documentation/bud_01/zh_Hans: updating stats <ProjectLanguageStats:stats-Project-16-769>
[2025-10-23 18:19:36,795: DEBUG/31792] boost-unordered-documentation/bud_01/zh_Hans: updating stats <ComponentStats:stats-Component-17>
[2025-10-23 18:19:36,796: DEBUG/31792] boost-unordered-documentation/bud_01/zh_Hans: updating stats <ProjectStats:stats-Project-16>
[2025-10-23 18:19:36,800: DEBUG/31792] boost-unordered-documentation/bud_01/zh_Hans: updating stats <GlobalStats:stats-global>
[2025-10-23 18:19:36,810: DEBUG/31792] boost-unordered-documentation/intro/zh_Hans: updating stats <LanguageStats:stats-Language-769>
[2025-10-23 18:19:36,811: DEBUG/31792] boost-unordered-documentation/intro/zh_Hans: updating stats <ProjectLanguageStats:stats-Project-16-769>
[2025-10-23 18:19:36,813: DEBUG/31792] boost-unordered-documentation/intro/zh_Hans: updating stats <ComponentStats:stats-Component-19>
[2025-10-23 18:19:36,814: DEBUG/31792] boost-unordered-documentation/intro/zh_Hans: updating stats <ProjectStats:stats-Project-16>
[2025-10-23 18:19:36,816: DEBUG/31792] boost-unordered-documentation/intro/zh_Hans: updating stats <GlobalStats:stats-global>
[2025-10-23 18:19:36,825: DEBUG/31792] boost-unordered-documentation/bud_01/zh_Hans: updating stats <LanguageStats:stats-Language-769>
[2025-10-23 18:19:36,826: DEBUG/31792] boost-unordered-documentation/bud_01/zh_Hans: updating stats <ProjectLanguageStats:stats-Project-16-769>
[2025-10-23 18:19:36,827: DEBUG/31792] boost-unordered-documentation/bud_01/zh_Hans: updating stats <ComponentStats:stats-Component-17>
[2025-10-23 18:19:36,829: DEBUG/31792] boost-unordered-documentation/bud_01/zh_Hans: updating stats <ProjectStats:stats-Project-16>
[2025-10-23 18:19:36,833: DEBUG/31792] boost-unordered-documentation/bud_01/zh_Hans: updating stats <GlobalStats:stats-global>
[2025-10-23 18:19:36,843: DEBUG/31792] boost-unordered-documentation/intro/zh_Hans: updating stats <LanguageStats:stats-Language-769>
[2025-10-23 18:19:36,843: DEBUG/31792] boost-unordered-documentation/intro/zh_Hans: updating stats <ProjectLanguageStats:stats-Project-16-769>
[2025-10-23 18:19:36,845: DEBUG/31792] boost-unordered-documentation/intro/zh_Hans: updating stats <ComponentStats:stats-Component-19>
[2025-10-23 18:19:36,846: DEBUG/31792] boost-unordered-documentation/intro/zh_Hans: updating stats <ProjectStats:stats-Project-16>
[2025-10-23 18:19:36,848: DEBUG/31792] boost-unordered-documentation/intro/zh_Hans: updating stats <GlobalStats:stats-global>
[2025-10-23 18:19:36,856: DEBUG/31792] boost-unordered-documentation/bud_02/zh_Hans: updating stats <LanguageStats:stats-Language-769>
[2025-10-23 18:19:36,857: DEBUG/31792] boost-unordered-documentation/bud_02/zh_Hans: updating stats <ProjectLanguageStats:stats-Project-16-769>
[2025-10-23 18:19:36,859: DEBUG/31792] boost-unordered-documentation/bud_02/zh_Hans: updating stats <ComponentStats:stats-Component-20>
[2025-10-23 18:19:36,860: DEBUG/31792] boost-unordered-documentation/bud_02/zh_Hans: updating stats <ProjectStats:stats-Project-16>
[2025-10-23 18:19:36,864: DEBUG/31792] boost-unordered-documentation/bud_02/zh_Hans: updating stats <GlobalStats:stats-global>
[23/Oct/2025 18:19:36] "POST /translate/boost-unordered-documentation/bud_02/zh_Hans/?q=state%3A%3Ctranslated&offset=3 HTTP/1.1" 302 0
[23/Oct/2025 18:19:37] "GET /translate/boost-unordered-documentation/bud_02/zh_Hans/?q=state%3A%3Ctranslated&offset=4 HTTP/1.1" 200 174681
[23/Oct/2025 18:19:37] "POST /js/translate/openai/782/ HTTP/1.1" 200 5418
[2025-10-23 18:19:38,887: DEBUG/31792] boost-unordered-documentation/bud_01/zh_Hans: updating stats <LanguageStats:stats-Language-769>
[2025-10-23 18:19:38,889: DEBUG/31792] boost-unordered-documentation/bud_01/zh_Hans: updating stats <ProjectLanguageStats:stats-Project-16-769>
[2025-10-23 18:19:38,890: DEBUG/31792] boost-unordered-documentation/bud_01/zh_Hans: updating stats <ComponentStats:stats-Component-17>
[2025-10-23 18:19:38,891: DEBUG/31792] boost-unordered-documentation/bud_01/zh_Hans: updating stats <ProjectStats:stats-Project-16>
[2025-10-23 18:19:38,895: DEBUG/31792] boost-unordered-documentation/bud_01/zh_Hans: updating stats <GlobalStats:stats-global>
[2025-10-23 18:19:38,905: DEBUG/31792] boost-unordered-documentation/intro/zh_Hans: updating stats <LanguageStats:stats-Language-769>
[2025-10-23 18:19:38,905: DEBUG/31792] boost-unordered-documentation/intro/zh_Hans: updating stats <ProjectLanguageStats:stats-Project-16-769>
[2025-10-23 18:19:38,907: DEBUG/31792] boost-unordered-documentation/intro/zh_Hans: updating stats <ComponentStats:stats-Component-19>
[2025-10-23 18:19:38,911: DEBUG/31792] boost-unordered-documentation/intro/zh_Hans: updating stats <ProjectStats:stats-Project-16>
[2025-10-23 18:19:38,913: DEBUG/31792] boost-unordered-documentation/intro/zh_Hans: updating stats <GlobalStats:stats-global>
[2025-10-23 18:19:38,966: DEBUG/31792] boost-unordered-documentation/bud_01/zh_Hans: updating stats <LanguageStats:stats-Language-769>
[2025-10-23 18:19:38,970: DEBUG/31792] boost-unordered-documentation/bud_01/zh_Hans: updating stats <ProjectLanguageStats:stats-Project-16-769>
[2025-10-23 18:19:38,972: DEBUG/31792] boost-unordered-documentation/bud_01/zh_Hans: updating stats <ComponentStats:stats-Component-17>
[2025-10-23 18:19:38,974: DEBUG/31792] boost-unordered-documentation/bud_01/zh_Hans: updating stats <ProjectStats:stats-Project-16>
[2025-10-23 18:19:38,982: DEBUG/31792] boost-unordered-documentation/bud_01/zh_Hans: updating stats <GlobalStats:stats-global>
[2025-10-23 18:19:38,993: DEBUG/31792] boost-unordered-documentation/intro/zh_Hans: updating stats <LanguageStats:stats-Language-769>
[2025-10-23 18:19:38,994: DEBUG/31792] boost-unordered-documentation/intro/zh_Hans: updating stats <ProjectLanguageStats:stats-Project-16-769>
[2025-10-23 18:19:38,996: DEBUG/31792] boost-unordered-documentation/intro/zh_Hans: updating stats <ComponentStats:stats-Component-19>
[2025-10-23 18:19:38,997: DEBUG/31792] boost-unordered-documentation/intro/zh_Hans: updating stats <ProjectStats:stats-Project-16>
[2025-10-23 18:19:38,999: DEBUG/31792] boost-unordered-documentation/intro/zh_Hans: updating stats <GlobalStats:stats-global>
[2025-10-23 18:19:39,009: DEBUG/31792] boost-unordered-documentation/bud_01/zh_Hans: updating stats <LanguageStats:stats-Language-769>
[2025-10-23 18:19:39,011: DEBUG/31792] boost-unordered-documentation/bud_01/zh_Hans: updating stats <ProjectLanguageStats:stats-Project-16-769>
[2025-10-23 18:19:39,012: DEBUG/31792] boost-unordered-documentation/bud_01/zh_Hans: updating stats <ComponentStats:stats-Component-17>
[2025-10-23 18:19:39,014: DEBUG/31792] boost-unordered-documentation/bud_01/zh_Hans: updating stats <ProjectStats:stats-Project-16>
[2025-10-23 18:19:39,017: DEBUG/31792] boost-unordered-documentation/bud_01/zh_Hans: updating stats <GlobalStats:stats-global>
[2025-10-23 18:19:39,026: DEBUG/31792] boost-unordered-documentation/intro/zh_Hans: updating stats <LanguageStats:stats-Language-769>
[2025-10-23 18:19:39,027: DEBUG/31792] boost-unordered-documentation/intro/zh_Hans: updating stats <ProjectLanguageStats:stats-Project-16-769>
[2025-10-23 18:19:39,028: DEBUG/31792] boost-unordered-documentation/intro/zh_Hans: updating stats <ComponentStats:stats-Component-19>
[2025-10-23 18:19:39,029: DEBUG/31792] boost-unordered-documentation/intro/zh_Hans: updating stats <ProjectStats:stats-Project-16>
[2025-10-23 18:19:39,031: DEBUG/31792] boost-unordered-documentation/intro/zh_Hans: updating stats <GlobalStats:stats-global>
[2025-10-23 18:19:39,039: DEBUG/31792] boost-unordered-documentation/bud_02/zh_Hans: updating stats <LanguageStats:stats-Language-769>
[2025-10-23 18:19:39,041: DEBUG/31792] boost-unordered-documentation/bud_02/zh_Hans: updating stats <ProjectLanguageStats:stats-Project-16-769>
[2025-10-23 18:19:39,044: DEBUG/31792] boost-unordered-documentation/bud_02/zh_Hans: updating stats <ComponentStats:stats-Component-20>
[2025-10-23 18:19:39,045: DEBUG/31792] boost-unordered-documentation/bud_02/zh_Hans: updating stats <ProjectStats:stats-Project-16>
[2025-10-23 18:19:39,049: DEBUG/31792] boost-unordered-documentation/bud_02/zh_Hans: updating stats <GlobalStats:stats-global>
[23/Oct/2025 18:19:39] "POST /translate/boost-unordered-documentation/bud_02/zh_Hans/?q=state%3A%3Ctranslated&offset=4 HTTP/1.1" 302 0
[23/Oct/2025 18:19:39] "GET /translate/boost-unordered-documentation/bud_02/zh_Hans/?q=state%3A%3Ctranslated&offset=5 HTTP/1.1" 200 197026
[23/Oct/2025 18:19:39] "POST /js/translate/openai/783/ HTTP/1.1" 200 7670
[2025-10-23 18:19:39,834: DEBUG/31792] boost-unordered-documentation/bud_01/zh_Hans: updating stats <LanguageStats:stats-Language-769>
[2025-10-23 18:19:39,835: DEBUG/31792] boost-unordered-documentation/bud_01/zh_Hans: updating stats <ProjectLanguageStats:stats-Project-16-769>
[2025-10-23 18:19:39,837: DEBUG/31792] boost-unordered-documentation/bud_01/zh_Hans: updating stats <ComponentStats:stats-Component-17>
[2025-10-23 18:19:39,838: DEBUG/31792] boost-unordered-documentation/bud_01/zh_Hans: updating stats <ProjectStats:stats-Project-16>
[2025-10-23 18:19:39,845: DEBUG/31792] boost-unordered-documentation/bud_01/zh_Hans: updating stats <GlobalStats:stats-global>
[2025-10-23 18:19:39,854: DEBUG/31792] boost-unordered-documentation/intro/zh_Hans: updating stats <LanguageStats:stats-Language-769>
[2025-10-23 18:19:39,854: DEBUG/31792] boost-unordered-documentation/intro/zh_Hans: updating stats <ProjectLanguageStats:stats-Project-16-769>
[2025-10-23 18:19:39,856: DEBUG/31792] boost-unordered-documentation/intro/zh_Hans: updating stats <ComponentStats:stats-Component-19>
[2025-10-23 18:19:39,858: DEBUG/31792] boost-unordered-documentation/intro/zh_Hans: updating stats <ProjectStats:stats-Project-16>
[2025-10-23 18:19:39,861: DEBUG/31792] boost-unordered-documentation/intro/zh_Hans: updating stats <GlobalStats:stats-global>
[2025-10-23 18:19:39,949: DEBUG/31792] boost-unordered-documentation/bud_01/zh_Hans: updating stats <LanguageStats:stats-Language-769>
[2025-10-23 18:19:39,952: DEBUG/31792] boost-unordered-documentation/bud_01/zh_Hans: updating stats <ProjectLanguageStats:stats-Project-16-769>
[2025-10-23 18:19:39,954: DEBUG/31792] boost-unordered-documentation/bud_01/zh_Hans: updating stats <ComponentStats:stats-Component-17>
[2025-10-23 18:19:39,955: DEBUG/31792] boost-unordered-documentation/bud_01/zh_Hans: updating stats <ProjectStats:stats-Project-16>
[2025-10-23 18:19:39,958: DEBUG/31792] boost-unordered-documentation/bud_01/zh_Hans: updating stats <GlobalStats:stats-global>
[2025-10-23 18:19:39,967: DEBUG/31792] boost-unordered-documentation/intro/zh_Hans: updating stats <LanguageStats:stats-Language-769>
[2025-10-23 18:19:39,968: DEBUG/31792] boost-unordered-documentation/intro/zh_Hans: updating stats <ProjectLanguageStats:stats-Project-16-769>
[2025-10-23 18:19:39,970: DEBUG/31792] boost-unordered-documentation/intro/zh_Hans: updating stats <ComponentStats:stats-Component-19>
[2025-10-23 18:19:39,971: DEBUG/31792] boost-unordered-documentation/intro/zh_Hans: updating stats <ProjectStats:stats-Project-16>
[2025-10-23 18:19:39,974: DEBUG/31792] boost-unordered-documentation/intro/zh_Hans: updating stats <GlobalStats:stats-global>
[2025-10-23 18:19:39,982: DEBUG/31792] boost-unordered-documentation/bud_01/zh_Hans: updating stats <LanguageStats:stats-Language-769>
[2025-10-23 18:19:39,984: DEBUG/31792] boost-unordered-documentation/bud_01/zh_Hans: updating stats <ProjectLanguageStats:stats-Project-16-769>
[2025-10-23 18:19:39,985: DEBUG/31792] boost-unordered-documentation/bud_01/zh_Hans: updating stats <ComponentStats:stats-Component-17>
[2025-10-23 18:19:39,986: DEBUG/31792] boost-unordered-documentation/bud_01/zh_Hans: updating stats <ProjectStats:stats-Project-16>
[2025-10-23 18:19:39,990: DEBUG/31792] boost-unordered-documentation/bud_01/zh_Hans: updating stats <GlobalStats:stats-global>
[2025-10-23 18:19:39,999: DEBUG/31792] boost-unordered-documentation/intro/zh_Hans: updating stats <LanguageStats:stats-Language-769>
[2025-10-23 18:19:40,000: DEBUG/31792] boost-unordered-documentation/intro/zh_Hans: updating stats <ProjectLanguageStats:stats-Project-16-769>
[2025-10-23 18:19:40,002: DEBUG/31792] boost-unordered-documentation/intro/zh_Hans: updating stats <ComponentStats:stats-Component-19>
[2025-10-23 18:19:40,003: DEBUG/31792] boost-unordered-documentation/intro/zh_Hans: updating stats <ProjectStats:stats-Project-16>
[2025-10-23 18:19:40,005: DEBUG/31792] boost-unordered-documentation/intro/zh_Hans: updating stats <GlobalStats:stats-global>
[2025-10-23 18:19:40,013: DEBUG/31792] boost-unordered-documentation/bud_02/zh_Hans: updating stats <LanguageStats:stats-Language-769>
[2025-10-23 18:19:40,015: DEBUG/31792] boost-unordered-documentation/bud_02/zh_Hans: updating stats <ProjectLanguageStats:stats-Project-16-769>
[2025-10-23 18:19:40,017: DEBUG/31792] boost-unordered-documentation/bud_02/zh_Hans: updating stats <ComponentStats:stats-Component-20>
[2025-10-23 18:19:40,019: DEBUG/31792] boost-unordered-documentation/bud_02/zh_Hans: updating stats <ProjectStats:stats-Project-16>
[2025-10-23 18:19:40,022: DEBUG/31792] boost-unordered-documentation/bud_02/zh_Hans: updating stats <GlobalStats:stats-global>
[23/Oct/2025 18:19:40] "POST /translate/boost-unordered-documentation/bud_02/zh_Hans/?q=state%3A%3Ctranslated&offset=5 HTTP/1.1" 302 0
[23/Oct/2025 18:19:40] "GET /translate/boost-unordered-documentation/bud_02/zh_Hans/?q=state%3A%3Ctranslated&offset=6 HTTP/1.1" 200 194632
[23/Oct/2025 18:19:40] "POST /js/translate/openai/784/ HTTP/1.1" 200 1348
[2025-10-23 18:19:41,582: DEBUG/31792] boost-unordered-documentation/bud_01/zh_Hans: updating stats <LanguageStats:stats-Language-769>
[2025-10-23 18:19:41,585: DEBUG/31792] boost-unordered-documentation/bud_01/zh_Hans: updating stats <ProjectLanguageStats:stats-Project-16-769>
[2025-10-23 18:19:41,589: DEBUG/31792] boost-unordered-documentation/bud_01/zh_Hans: updating stats <ComponentStats:stats-Component-17>
[2025-10-23 18:19:41,590: DEBUG/31792] boost-unordered-documentation/bud_01/zh_Hans: updating stats <ProjectStats:stats-Project-16>
[2025-10-23 18:19:41,594: DEBUG/31792] boost-unordered-documentation/bud_01/zh_Hans: updating stats <GlobalStats:stats-global>
[2025-10-23 18:19:41,605: DEBUG/31792] boost-unordered-documentation/intro/zh_Hans: updating stats <LanguageStats:stats-Language-769>
[2025-10-23 18:19:41,606: DEBUG/31792] boost-unordered-documentation/intro/zh_Hans: updating stats <ProjectLanguageStats:stats-Project-16-769>
[2025-10-23 18:19:41,607: DEBUG/31792] boost-unordered-documentation/intro/zh_Hans: updating stats <ComponentStats:stats-Component-19>
[2025-10-23 18:19:41,608: DEBUG/31792] boost-unordered-documentation/intro/zh_Hans: updating stats <ProjectStats:stats-Project-16>
[2025-10-23 18:19:41,610: DEBUG/31792] boost-unordered-documentation/intro/zh_Hans: updating stats <GlobalStats:stats-global>
[2025-10-23 18:19:41,691: DEBUG/31792] boost-unordered-documentation/bud_01/zh_Hans: updating stats <LanguageStats:stats-Language-769>
[2025-10-23 18:19:41,693: DEBUG/31792] boost-unordered-documentation/bud_01/zh_Hans: updating stats <ProjectLanguageStats:stats-Project-16-769>
[2025-10-23 18:19:41,694: DEBUG/31792] boost-unordered-documentation/bud_01/zh_Hans: updating stats <ComponentStats:stats-Component-17>
[2025-10-23 18:19:41,695: DEBUG/31792] boost-unordered-documentation/bud_01/zh_Hans: updating stats <ProjectStats:stats-Project-16>
[2025-10-23 18:19:41,698: DEBUG/31792] boost-unordered-documentation/bud_01/zh_Hans: updating stats <GlobalStats:stats-global>
[2025-10-23 18:19:41,706: DEBUG/31792] boost-unordered-documentation/intro/zh_Hans: updating stats <LanguageStats:stats-Language-769>
[2025-10-23 18:19:41,707: DEBUG/31792] boost-unordered-documentation/intro/zh_Hans: updating stats <ProjectLanguageStats:stats-Project-16-769>
[2025-10-23 18:19:41,708: DEBUG/31792] boost-unordered-documentation/intro/zh_Hans: updating stats <ComponentStats:stats-Component-19>
[2025-10-23 18:19:41,709: DEBUG/31792] boost-unordered-documentation/intro/zh_Hans: updating stats <ProjectStats:stats-Project-16>
[2025-10-23 18:19:41,711: DEBUG/31792] boost-unordered-documentation/intro/zh_Hans: updating stats <GlobalStats:stats-global>
[2025-10-23 18:19:41,720: DEBUG/31792] boost-unordered-documentation/bud_01/zh_Hans: updating stats <LanguageStats:stats-Language-769>
[2025-10-23 18:19:41,721: DEBUG/31792] boost-unordered-documentation/bud_01/zh_Hans: updating stats <ProjectLanguageStats:stats-Project-16-769>
[2025-10-23 18:19:41,722: DEBUG/31792] boost-unordered-documentation/bud_01/zh_Hans: updating stats <ComponentStats:stats-Component-17>
[2025-10-23 18:19:41,723: DEBUG/31792] boost-unordered-documentation/bud_01/zh_Hans: updating stats <ProjectStats:stats-Project-16>
[2025-10-23 18:19:41,727: DEBUG/31792] boost-unordered-documentation/bud_01/zh_Hans: updating stats <GlobalStats:stats-global>
[2025-10-23 18:19:41,736: DEBUG/31792] boost-unordered-documentation/intro/zh_Hans: updating stats <LanguageStats:stats-Language-769>
[2025-10-23 18:19:41,737: DEBUG/31792] boost-unordered-documentation/intro/zh_Hans: updating stats <ProjectLanguageStats:stats-Project-16-769>
[2025-10-23 18:19:41,738: DEBUG/31792] boost-unordered-documentation/intro/zh_Hans: updating stats <ComponentStats:stats-Component-19>
[2025-10-23 18:19:41,740: DEBUG/31792] boost-unordered-documentation/intro/zh_Hans: updating stats <ProjectStats:stats-Project-16>
[2025-10-23 18:19:41,741: DEBUG/31792] boost-unordered-documentation/intro/zh_Hans: updating stats <GlobalStats:stats-global>
[2025-10-23 18:19:41,749: DEBUG/31792] boost-unordered-documentation/bud_02/zh_Hans: updating stats <LanguageStats:stats-Language-769>
[2025-10-23 18:19:41,750: DEBUG/31792] boost-unordered-documentation/bud_02/zh_Hans: updating stats <ProjectLanguageStats:stats-Project-16-769>
[2025-10-23 18:19:41,751: DEBUG/31792] boost-unordered-documentation/bud_02/zh_Hans: updating stats <ComponentStats:stats-Component-20>
[2025-10-23 18:19:41,752: DEBUG/31792] boost-unordered-documentation/bud_02/zh_Hans: updating stats <ProjectStats:stats-Project-16>
[2025-10-23 18:19:41,755: DEBUG/31792] boost-unordered-documentation/bud_02/zh_Hans: updating stats <GlobalStats:stats-global>
[23/Oct/2025 18:19:41] "POST /translate/boost-unordered-documentation/bud_02/zh_Hans/?q=state%3A%3Ctranslated&offset=6 HTTP/1.1" 302 0
[23/Oct/2025 18:19:42] "GET /translate/boost-unordered-documentation/bud_02/zh_Hans/?q=state%3A%3Ctranslated&offset=7 HTTP/1.1" 200 195808
[23/Oct/2025 18:19:42] "POST /js/translate/openai/785/ HTTP/1.1" 200 3100
[23/Oct/2025 18:19:44] "GET /translate/boost-unordered-documentation/bud_02/zh_Hans/?q=state%3A%3Ctranslated&offset=1 HTTP/1.1" 200 180302
[23/Oct/2025 18:19:44] "POST /js/translate/openai/779/ HTTP/1.1" 200 454
[2025-10-23 18:19:46,507: DEBUG/31792] boost-unordered-documentation/bud_01/zh_Hans: updating stats <LanguageStats:stats-Language-769>
[2025-10-23 18:19:46,511: DEBUG/31792] boost-unordered-documentation/bud_01/zh_Hans: updating stats <ProjectLanguageStats:stats-Project-16-769>
[2025-10-23 18:19:46,514: DEBUG/31792] boost-unordered-documentation/bud_01/zh_Hans: updating stats <ComponentStats:stats-Component-17>
[2025-10-23 18:19:46,516: DEBUG/31792] boost-unordered-documentation/bud_01/zh_Hans: updating stats <ProjectStats:stats-Project-16>
[2025-10-23 18:19:46,523: DEBUG/31792] boost-unordered-documentation/bud_01/zh_Hans: updating stats <GlobalStats:stats-global>
[2025-10-23 18:19:46,541: DEBUG/31792] boost-unordered-documentation/intro/zh_Hans: updating stats <LanguageStats:stats-Language-769>
[2025-10-23 18:19:46,542: DEBUG/31792] boost-unordered-documentation/intro/zh_Hans: updating stats <ProjectLanguageStats:stats-Project-16-769>
[2025-10-23 18:19:46,544: DEBUG/31792] boost-unordered-documentation/intro/zh_Hans: updating stats <ComponentStats:stats-Component-19>
[2025-10-23 18:19:46,546: DEBUG/31792] boost-unordered-documentation/intro/zh_Hans: updating stats <ProjectStats:stats-Project-16>
[2025-10-23 18:19:46,549: DEBUG/31792] boost-unordered-documentation/intro/zh_Hans: updating stats <GlobalStats:stats-global>
[2025-10-23 18:19:46,605: DEBUG/31792] boost-unordered-documentation/bud_01/zh_Hans: updating stats <LanguageStats:stats-Language-769>
[2025-10-23 18:19:46,607: DEBUG/31792] boost-unordered-documentation/bud_01/zh_Hans: updating stats <ProjectLanguageStats:stats-Project-16-769>
[2025-10-23 18:19:46,609: DEBUG/31792] boost-unordered-documentation/bud_01/zh_Hans: updating stats <ComponentStats:stats-Component-17>
[2025-10-23 18:19:46,610: DEBUG/31792] boost-unordered-documentation/bud_01/zh_Hans: updating stats <ProjectStats:stats-Project-16>
[2025-10-23 18:19:46,613: DEBUG/31792] boost-unordered-documentation/bud_01/zh_Hans: updating stats <GlobalStats:stats-global>
[2025-10-23 18:19:46,625: DEBUG/31792] boost-unordered-documentation/intro/zh_Hans: updating stats <LanguageStats:stats-Language-769>
[2025-10-23 18:19:46,626: DEBUG/31792] boost-unordered-documentation/intro/zh_Hans: updating stats <ProjectLanguageStats:stats-Project-16-769>
[2025-10-23 18:19:46,629: DEBUG/31792] boost-unordered-documentation/intro/zh_Hans: updating stats <ComponentStats:stats-Component-19>
[2025-10-23 18:19:46,630: DEBUG/31792] boost-unordered-documentation/intro/zh_Hans: updating stats <ProjectStats:stats-Project-16>
[2025-10-23 18:19:46,632: DEBUG/31792] boost-unordered-documentation/intro/zh_Hans: updating stats <GlobalStats:stats-global>
[2025-10-23 18:19:46,640: DEBUG/31792] boost-unordered-documentation/bud_02/zh_Hans: updating stats <LanguageStats:stats-Language-769>
[2025-10-23 18:19:46,642: DEBUG/31792] boost-unordered-documentation/bud_02/zh_Hans: updating stats <ProjectLanguageStats:stats-Project-16-769>
[2025-10-23 18:19:46,643: DEBUG/31792] boost-unordered-documentation/bud_02/zh_Hans: updating stats <ComponentStats:stats-Component-20>
[2025-10-23 18:19:46,644: DEBUG/31792] boost-unordered-documentation/bud_02/zh_Hans: updating stats <ProjectStats:stats-Project-16>
[2025-10-23 18:19:46,647: DEBUG/31792] boost-unordered-documentation/bud_02/zh_Hans: updating stats <GlobalStats:stats-global>
[23/Oct/2025 18:19:46] "POST /translate/boost-unordered-documentation/bud_02/zh_Hans/?q=state%3A%3Ctranslated&offset=1 HTTP/1.1" 302 0
[23/Oct/2025 18:19:46] "GET /translate/boost-unordered-documentation/bud_02/zh_Hans/?q=state%3A%3Ctranslated&offset=2 HTTP/1.1" 200 172818
[23/Oct/2025 18:19:47] "POST /js/translate/openai/780/ HTTP/1.1" 200 372
[2025-10-23 18:19:47,954: DEBUG/31792] boost-unordered-documentation/bud_01/zh_Hans: updating stats <LanguageStats:stats-Language-769>
[2025-10-23 18:19:47,956: DEBUG/31792] boost-unordered-documentation/bud_01/zh_Hans: updating stats <ProjectLanguageStats:stats-Project-16-769>
[2025-10-23 18:19:47,958: DEBUG/31792] boost-unordered-documentation/bud_01/zh_Hans: updating stats <ComponentStats:stats-Component-17>
[2025-10-23 18:19:47,959: DEBUG/31792] boost-unordered-documentation/bud_01/zh_Hans: updating stats <ProjectStats:stats-Project-16>
[2025-10-23 18:19:47,963: DEBUG/31792] boost-unordered-documentation/bud_01/zh_Hans: updating stats <GlobalStats:stats-global>
[2025-10-23 18:19:47,979: DEBUG/31792] boost-unordered-documentation/intro/zh_Hans: updating stats <LanguageStats:stats-Language-769>
[2025-10-23 18:19:47,979: DEBUG/31792] boost-unordered-documentation/intro/zh_Hans: updating stats <ProjectLanguageStats:stats-Project-16-769>
[2025-10-23 18:19:47,981: DEBUG/31792] boost-unordered-documentation/intro/zh_Hans: updating stats <ComponentStats:stats-Component-19>
[2025-10-23 18:19:47,983: DEBUG/31792] boost-unordered-documentation/intro/zh_Hans: updating stats <ProjectStats:stats-Project-16>
[2025-10-23 18:19:47,987: DEBUG/31792] boost-unordered-documentation/intro/zh_Hans: updating stats <GlobalStats:stats-global>
[2025-10-23 18:19:48,040: DEBUG/31792] boost-unordered-documentation/bud_01/zh_Hans: updating stats <LanguageStats:stats-Language-769>
[2025-10-23 18:19:48,042: DEBUG/31792] boost-unordered-documentation/bud_01/zh_Hans: updating stats <ProjectLanguageStats:stats-Project-16-769>
[2025-10-23 18:19:48,044: DEBUG/31792] boost-unordered-documentation/bud_01/zh_Hans: updating stats <ComponentStats:stats-Component-17>
[2025-10-23 18:19:48,046: DEBUG/31792] boost-unordered-documentation/bud_01/zh_Hans: updating stats <ProjectStats:stats-Project-16>
[2025-10-23 18:19:48,049: DEBUG/31792] boost-unordered-documentation/bud_01/zh_Hans: updating stats <GlobalStats:stats-global>
[2025-10-23 18:19:48,060: DEBUG/31792] boost-unordered-documentation/intro/zh_Hans: updating stats <LanguageStats:stats-Language-769>
[2025-10-23 18:19:48,061: DEBUG/31792] boost-unordered-documentation/intro/zh_Hans: updating stats <ProjectLanguageStats:stats-Project-16-769>
[2025-10-23 18:19:48,063: DEBUG/31792] boost-unordered-documentation/intro/zh_Hans: updating stats <ComponentStats:stats-Component-19>
[2025-10-23 18:19:48,064: DEBUG/31792] boost-unordered-documentation/intro/zh_Hans: updating stats <ProjectStats:stats-Project-16>
[2025-10-23 18:19:48,065: DEBUG/31792] boost-unordered-documentation/intro/zh_Hans: updating stats <GlobalStats:stats-global>
[2025-10-23 18:19:48,073: DEBUG/31792] boost-unordered-documentation/bud_02/zh_Hans: updating stats <LanguageStats:stats-Language-769>
[2025-10-23 18:19:48,075: DEBUG/31792] boost-unordered-documentation/bud_02/zh_Hans: updating stats <ProjectLanguageStats:stats-Project-16-769>
[2025-10-23 18:19:48,077: DEBUG/31792] boost-unordered-documentation/bud_02/zh_Hans: updating stats <ComponentStats:stats-Component-20>
[2025-10-23 18:19:48,078: DEBUG/31792] boost-unordered-documentation/bud_02/zh_Hans: updating stats <ProjectStats:stats-Project-16>
[2025-10-23 18:19:48,081: DEBUG/31792] boost-unordered-documentation/bud_02/zh_Hans: updating stats <GlobalStats:stats-global>
[23/Oct/2025 18:19:48] "POST /translate/boost-unordered-documentation/bud_02/zh_Hans/?q=state%3A%3Ctranslated&offset=2 HTTP/1.1" 302 0
[23/Oct/2025 18:19:48] "GET /translate/boost-unordered-documentation/bud_02/zh_Hans/?q=state%3A%3Ctranslated&offset=3 HTTP/1.1" 200 177539
[23/Oct/2025 18:19:48] "POST /js/translate/openai/781/ HTTP/1.1" 200 372
[2025-10-23 18:19:49,760: DEBUG/31792] boost-unordered-documentation/bud_01/zh_Hans: updating stats <LanguageStats:stats-Language-769>
[2025-10-23 18:19:49,761: DEBUG/31792] boost-unordered-documentation/bud_01/zh_Hans: updating stats <ProjectLanguageStats:stats-Project-16-769>
[2025-10-23 18:19:49,763: DEBUG/31792] boost-unordered-documentation/bud_01/zh_Hans: updating stats <ComponentStats:stats-Component-17>
[2025-10-23 18:19:49,764: DEBUG/31792] boost-unordered-documentation/bud_01/zh_Hans: updating stats <ProjectStats:stats-Project-16>
[2025-10-23 18:19:49,767: DEBUG/31792] boost-unordered-documentation/bud_01/zh_Hans: updating stats <GlobalStats:stats-global>
[2025-10-23 18:19:49,776: DEBUG/31792] boost-unordered-documentation/intro/zh_Hans: updating stats <LanguageStats:stats-Language-769>
[2025-10-23 18:19:49,777: DEBUG/31792] boost-unordered-documentation/intro/zh_Hans: updating stats <ProjectLanguageStats:stats-Project-16-769>
[2025-10-23 18:19:49,779: DEBUG/31792] boost-unordered-documentation/intro/zh_Hans: updating stats <ComponentStats:stats-Component-19>
[2025-10-23 18:19:49,780: DEBUG/31792] boost-unordered-documentation/intro/zh_Hans: updating stats <ProjectStats:stats-Project-16>
[2025-10-23 18:19:49,783: DEBUG/31792] boost-unordered-documentation/intro/zh_Hans: updating stats <GlobalStats:stats-global>
[2025-10-23 18:19:49,832: DEBUG/31792] boost-unordered-documentation/bud_01/zh_Hans: updating stats <LanguageStats:stats-Language-769>
[2025-10-23 18:19:49,833: DEBUG/31792] boost-unordered-documentation/bud_01/zh_Hans: updating stats <ProjectLanguageStats:stats-Project-16-769>
[2025-10-23 18:19:49,835: DEBUG/31792] boost-unordered-documentation/bud_01/zh_Hans: updating stats <ComponentStats:stats-Component-17>
[2025-10-23 18:19:49,836: DEBUG/31792] boost-unordered-documentation/bud_01/zh_Hans: updating stats <ProjectStats:stats-Project-16>
[2025-10-23 18:19:49,841: DEBUG/31792] boost-unordered-documentation/bud_01/zh_Hans: updating stats <GlobalStats:stats-global>
[2025-10-23 18:19:49,849: DEBUG/31792] boost-unordered-documentation/intro/zh_Hans: updating stats <LanguageStats:stats-Language-769>
[2025-10-23 18:19:49,850: DEBUG/31792] boost-unordered-documentation/intro/zh_Hans: updating stats <ProjectLanguageStats:stats-Project-16-769>
[2025-10-23 18:19:49,853: DEBUG/31792] boost-unordered-documentation/intro/zh_Hans: updating stats <ComponentStats:stats-Component-19>
[2025-10-23 18:19:49,854: DEBUG/31792] boost-unordered-documentation/intro/zh_Hans: updating stats <ProjectStats:stats-Project-16>
[2025-10-23 18:19:49,856: DEBUG/31792] boost-unordered-documentation/intro/zh_Hans: updating stats <GlobalStats:stats-global>
[2025-10-23 18:19:49,863: DEBUG/31792] boost-unordered-documentation/bud_02/zh_Hans: updating stats <LanguageStats:stats-Language-769>
[2025-10-23 18:19:49,865: DEBUG/31792] boost-unordered-documentation/bud_02/zh_Hans: updating stats <ProjectLanguageStats:stats-Project-16-769>
[2025-10-23 18:19:49,866: DEBUG/31792] boost-unordered-documentation/bud_02/zh_Hans: updating stats <ComponentStats:stats-Component-20>
[2025-10-23 18:19:49,867: DEBUG/31792] boost-unordered-documentation/bud_02/zh_Hans: updating stats <ProjectStats:stats-Project-16>
[2025-10-23 18:19:49,872: DEBUG/31792] boost-unordered-documentation/bud_02/zh_Hans: updating stats <GlobalStats:stats-global>
[23/Oct/2025 18:19:49] "POST /translate/boost-unordered-documentation/bud_02/zh_Hans/?q=state%3A%3Ctranslated&offset=3 HTTP/1.1" 302 0
[23/Oct/2025 18:19:50] "GET /translate/boost-unordered-documentation/bud_02/zh_Hans/?q=state%3A%3Ctranslated&offset=4 HTTP/1.1" 200 173456
[23/Oct/2025 18:19:50] "POST /js/translate/openai/782/ HTTP/1.1" 200 5418
[2025-10-23 18:19:51,260: DEBUG/31792] boost-unordered-documentation/bud_01/zh_Hans: updating stats <LanguageStats:stats-Language-769>
[2025-10-23 18:19:51,263: DEBUG/31792] boost-unordered-documentation/bud_01/zh_Hans: updating stats <ProjectLanguageStats:stats-Project-16-769>
[2025-10-23 18:19:51,267: DEBUG/31792] boost-unordered-documentation/bud_01/zh_Hans: updating stats <ComponentStats:stats-Component-17>
[2025-10-23 18:19:51,268: DEBUG/31792] boost-unordered-documentation/bud_01/zh_Hans: updating stats <ProjectStats:stats-Project-16>
[2025-10-23 18:19:51,272: DEBUG/31792] boost-unordered-documentation/bud_01/zh_Hans: updating stats <GlobalStats:stats-global>
[2025-10-23 18:19:51,281: DEBUG/31792] boost-unordered-documentation/intro/zh_Hans: updating stats <LanguageStats:stats-Language-769>
[2025-10-23 18:19:51,282: DEBUG/31792] boost-unordered-documentation/intro/zh_Hans: updating stats <ProjectLanguageStats:stats-Project-16-769>
[2025-10-23 18:19:51,283: DEBUG/31792] boost-unordered-documentation/intro/zh_Hans: updating stats <ComponentStats:stats-Component-19>
[2025-10-23 18:19:51,284: DEBUG/31792] boost-unordered-documentation/intro/zh_Hans: updating stats <ProjectStats:stats-Project-16>
[2025-10-23 18:19:51,288: DEBUG/31792] boost-unordered-documentation/intro/zh_Hans: updating stats <GlobalStats:stats-global>
[2025-10-23 18:19:51,348: DEBUG/31792] boost-unordered-documentation/bud_01/zh_Hans: updating stats <LanguageStats:stats-Language-769>
[2025-10-23 18:19:51,349: DEBUG/31792] boost-unordered-documentation/bud_01/zh_Hans: updating stats <ProjectLanguageStats:stats-Project-16-769>
[2025-10-23 18:19:51,351: DEBUG/31792] boost-unordered-documentation/bud_01/zh_Hans: updating stats <ComponentStats:stats-Component-17>
[2025-10-23 18:19:51,352: DEBUG/31792] boost-unordered-documentation/bud_01/zh_Hans: updating stats <ProjectStats:stats-Project-16>
[2025-10-23 18:19:51,356: DEBUG/31792] boost-unordered-documentation/bud_01/zh_Hans: updating stats <GlobalStats:stats-global>
[2025-10-23 18:19:51,364: DEBUG/31792] boost-unordered-documentation/intro/zh_Hans: updating stats <LanguageStats:stats-Language-769>
[2025-10-23 18:19:51,365: DEBUG/31792] boost-unordered-documentation/intro/zh_Hans: updating stats <ProjectLanguageStats:stats-Project-16-769>
[2025-10-23 18:19:51,366: DEBUG/31792] boost-unordered-documentation/intro/zh_Hans: updating stats <ComponentStats:stats-Component-19>
[2025-10-23 18:19:51,367: DEBUG/31792] boost-unordered-documentation/intro/zh_Hans: updating stats <ProjectStats:stats-Project-16>
[2025-10-23 18:19:51,369: DEBUG/31792] boost-unordered-documentation/intro/zh_Hans: updating stats <GlobalStats:stats-global>
[2025-10-23 18:19:51,379: DEBUG/31792] boost-unordered-documentation/bud_02/zh_Hans: updating stats <LanguageStats:stats-Language-769>
[2025-10-23 18:19:51,380: DEBUG/31792] boost-unordered-documentation/bud_02/zh_Hans: updating stats <ProjectLanguageStats:stats-Project-16-769>
[2025-10-23 18:19:51,381: DEBUG/31792] boost-unordered-documentation/bud_02/zh_Hans: updating stats <ComponentStats:stats-Component-20>
[2025-10-23 18:19:51,383: DEBUG/31792] boost-unordered-documentation/bud_02/zh_Hans: updating stats <ProjectStats:stats-Project-16>
[2025-10-23 18:19:51,386: DEBUG/31792] boost-unordered-documentation/bud_02/zh_Hans: updating stats <GlobalStats:stats-global>
[23/Oct/2025 18:19:51] "POST /translate/boost-unordered-documentation/bud_02/zh_Hans/?q=state%3A%3Ctranslated&offset=4 HTTP/1.1" 302 0
[23/Oct/2025 18:19:51] "GET /translate/boost-unordered-documentation/bud_02/zh_Hans/?q=state%3A%3Ctranslated&offset=5 HTTP/1.1" 200 193774
[23/Oct/2025 18:19:51] "POST /js/translate/openai/783/ HTTP/1.1" 200 7670
[2025-10-23 18:19:53,271: DEBUG/31792] boost-unordered-documentation/bud_01/zh_Hans: updating stats <LanguageStats:stats-Language-769>
[2025-10-23 18:19:53,273: DEBUG/31792] boost-unordered-documentation/bud_01/zh_Hans: updating stats <ProjectLanguageStats:stats-Project-16-769>
[2025-10-23 18:19:53,274: DEBUG/31792] boost-unordered-documentation/bud_01/zh_Hans: updating stats <ComponentStats:stats-Component-17>
[2025-10-23 18:19:53,276: DEBUG/31792] boost-unordered-documentation/bud_01/zh_Hans: updating stats <ProjectStats:stats-Project-16>
[2025-10-23 18:19:53,279: DEBUG/31792] boost-unordered-documentation/bud_01/zh_Hans: updating stats <GlobalStats:stats-global>
[2025-10-23 18:19:53,287: DEBUG/31792] boost-unordered-documentation/intro/zh_Hans: updating stats <LanguageStats:stats-Language-769>
[2025-10-23 18:19:53,288: DEBUG/31792] boost-unordered-documentation/intro/zh_Hans: updating stats <ProjectLanguageStats:stats-Project-16-769>
[2025-10-23 18:19:53,289: DEBUG/31792] boost-unordered-documentation/intro/zh_Hans: updating stats <ComponentStats:stats-Component-19>
[2025-10-23 18:19:53,290: DEBUG/31792] boost-unordered-documentation/intro/zh_Hans: updating stats <ProjectStats:stats-Project-16>
[2025-10-23 18:19:53,292: DEBUG/31792] boost-unordered-documentation/intro/zh_Hans: updating stats <GlobalStats:stats-global>
[2025-10-23 18:19:53,352: DEBUG/31792] boost-unordered-documentation/bud_01/zh_Hans: updating stats <LanguageStats:stats-Language-769>
[2025-10-23 18:19:53,355: DEBUG/31792] boost-unordered-documentation/bud_01/zh_Hans: updating stats <ProjectLanguageStats:stats-Project-16-769>
[2025-10-23 18:19:53,357: DEBUG/31792] boost-unordered-documentation/bud_01/zh_Hans: updating stats <ComponentStats:stats-Component-17>
[2025-10-23 18:19:53,358: DEBUG/31792] boost-unordered-documentation/bud_01/zh_Hans: updating stats <ProjectStats:stats-Project-16>
[2025-10-23 18:19:53,361: DEBUG/31792] boost-unordered-documentation/bud_01/zh_Hans: updating stats <GlobalStats:stats-global>
[2025-10-23 18:19:53,374: DEBUG/31792] boost-unordered-documentation/intro/zh_Hans: updating stats <LanguageStats:stats-Language-769>
[2025-10-23 18:19:53,374: DEBUG/31792] boost-unordered-documentation/intro/zh_Hans: updating stats <ProjectLanguageStats:stats-Project-16-769>
[2025-10-23 18:19:53,376: DEBUG/31792] boost-unordered-documentation/intro/zh_Hans: updating stats <ComponentStats:stats-Component-19>
[2025-10-23 18:19:53,377: DEBUG/31792] boost-unordered-documentation/intro/zh_Hans: updating stats <ProjectStats:stats-Project-16>
[2025-10-23 18:19:53,378: DEBUG/31792] boost-unordered-documentation/intro/zh_Hans: updating stats <GlobalStats:stats-global>
[2025-10-23 18:19:53,386: DEBUG/31792] boost-unordered-documentation/bud_02/zh_Hans: updating stats <LanguageStats:stats-Language-769>
[2025-10-23 18:19:53,387: DEBUG/31792] boost-unordered-documentation/bud_02/zh_Hans: updating stats <ProjectLanguageStats:stats-Project-16-769>
[2025-10-23 18:19:53,388: DEBUG/31792] boost-unordered-documentation/bud_02/zh_Hans: updating stats <ComponentStats:stats-Component-20>
[2025-10-23 18:19:53,389: DEBUG/31792] boost-unordered-documentation/bud_02/zh_Hans: updating stats <ProjectStats:stats-Project-16>
[2025-10-23 18:19:53,392: DEBUG/31792] boost-unordered-documentation/bud_02/zh_Hans: updating stats <GlobalStats:stats-global>
[23/Oct/2025 18:19:53] "POST /translate/boost-unordered-documentation/bud_02/zh_Hans/?q=state%3A%3Ctranslated&offset=5 HTTP/1.1" 302 0
[23/Oct/2025 18:19:53] "GET /translate/boost-unordered-documentation/bud_02/zh_Hans/?q=state%3A%3Ctranslated&offset=5 HTTP/1.1" 200 216116
[23/Oct/2025 18:19:53] "POST /js/translate/openai/783/ HTTP/1.1" 200 7659
[23/Oct/2025 18:19:56] "POST /translate/boost-unordered-documentation/bud_02/zh_Hans/?q=state%3A%3Ctranslated&offset=5 HTTP/1.1" 302 0
Performing system checks...

October 23, 2025 - 06:18:11 PM
Django version 5.2.7, using settings 'weblate.settings'
Starting development server at http://127.0.0.1:8000/
Quit the server with CONTROL-C.

WARNING: This is a development server. Do not use it in a production setting. Use a production WSGI or ASGI server instead.
For more information on production servers see: https://docs.djangoproject.com/en/5.2/howto/deployment/
Template store appended to: /tmp/debug_store.log
Saving content
Store appended to: /tmp/debug_store.log
Template store appended to: /tmp/debug_store.log
[23/Oct/2025 18:19:56] "GET /translate/boost-unordered-documentation/bud_02/zh_Hans/?q=state%3A%3Ctranslated&offset=6 HTTP/1.1" 200 200292
[23/Oct/2025 18:19:56] "POST /js/translate/openai/784/ HTTP/1.1" 200 1348
[2025-10-23 18:19:57,976: DEBUG/31792] boost-unordered-documentation/bud_01/zh_Hans: updating stats <LanguageStats:stats-Language-769>
[2025-10-23 18:19:57,978: DEBUG/31792] boost-unordered-documentation/bud_01/zh_Hans: updating stats <ProjectLanguageStats:stats-Project-16-769>
[2025-10-23 18:19:57,981: DEBUG/31792] boost-unordered-documentation/bud_01/zh_Hans: updating stats <ComponentStats:stats-Component-17>
[2025-10-23 18:19:57,982: DEBUG/31792] boost-unordered-documentation/bud_01/zh_Hans: updating stats <ProjectStats:stats-Project-16>
[2025-10-23 18:19:57,986: DEBUG/31792] boost-unordered-documentation/bud_01/zh_Hans: updating stats <GlobalStats:stats-global>
[2025-10-23 18:19:58,039: DEBUG/31792] boost-unordered-documentation/bud_01/zh_Hans: updating stats <LanguageStats:stats-Language-769>
[2025-10-23 18:19:58,039: DEBUG/31792] boost-unordered-documentation/bud_01/zh_Hans: updating stats <ProjectLanguageStats:stats-Project-16-769>
[2025-10-23 18:19:58,042: DEBUG/31792] boost-unordered-documentation/bud_01/zh_Hans: updating stats <ComponentStats:stats-Component-17>
[2025-10-23 18:19:58,042: DEBUG/31792] boost-unordered-documentation/bud_01/zh_Hans: updating stats <ProjectStats:stats-Project-16>
[2025-10-23 18:19:58,044: DEBUG/31792] boost-unordered-documentation/bud_01/zh_Hans: updating stats <GlobalStats:stats-global>
[2025-10-23 18:19:58,097: DEBUG/31792] boost-unordered-documentation/intro/zh_Hans: updating stats <LanguageStats:stats-Language-769>
[2025-10-23 18:19:58,098: DEBUG/31792] boost-unordered-documentation/intro/zh_Hans: updating stats <ProjectLanguageStats:stats-Project-16-769>
[2025-10-23 18:19:58,100: DEBUG/31792] boost-unordered-documentation/intro/zh_Hans: updating stats <ComponentStats:stats-Component-19>
[2025-10-23 18:19:58,101: DEBUG/31792] boost-unordered-documentation/intro/zh_Hans: updating stats <ProjectStats:stats-Project-16>
[2025-10-23 18:19:58,102: DEBUG/31792] boost-unordered-documentation/intro/zh_Hans: updating stats <GlobalStats:stats-global>
[2025-10-23 18:19:58,150: DEBUG/31792] boost-unordered-documentation/intro/zh_Hans: updating stats <LanguageStats:stats-Language-769>
[2025-10-23 18:19:58,150: DEBUG/31792] boost-unordered-documentation/intro/zh_Hans: updating stats <ProjectLanguageStats:stats-Project-16-769>
[2025-10-23 18:19:58,152: DEBUG/31792] boost-unordered-documentation/intro/zh_Hans: updating stats <ComponentStats:stats-Component-19>
[2025-10-23 18:19:58,153: DEBUG/31792] boost-unordered-documentation/intro/zh_Hans: updating stats <ProjectStats:stats-Project-16>
[2025-10-23 18:19:58,154: DEBUG/31792] boost-unordered-documentation/intro/zh_Hans: updating stats <GlobalStats:stats-global>
[2025-10-23 18:19:58,244: DEBUG/31792] boost-unordered-documentation/bud_01/zh_Hans: updating stats <LanguageStats:stats-Language-769>
[2025-10-23 18:19:58,246: DEBUG/31792] boost-unordered-documentation/bud_01/zh_Hans: updating stats <ProjectLanguageStats:stats-Project-16-769>
[2025-10-23 18:19:58,248: DEBUG/31792] boost-unordered-documentation/bud_01/zh_Hans: updating stats <ComponentStats:stats-Component-17>
[2025-10-23 18:19:58,249: DEBUG/31792] boost-unordered-documentation/bud_01/zh_Hans: updating stats <ProjectStats:stats-Project-16>
[2025-10-23 18:19:58,252: DEBUG/31792] boost-unordered-documentation/bud_01/zh_Hans: updating stats <GlobalStats:stats-global>
[2025-10-23 18:19:58,262: DEBUG/31792] boost-unordered-documentation/intro/zh_Hans: updating stats <LanguageStats:stats-Language-769>
[2025-10-23 18:19:58,262: DEBUG/31792] boost-unordered-documentation/intro/zh_Hans: updating stats <ProjectLanguageStats:stats-Project-16-769>
[2025-10-23 18:19:58,264: DEBUG/31792] boost-unordered-documentation/intro/zh_Hans: updating stats <ComponentStats:stats-Component-19>
[2025-10-23 18:19:58,265: DEBUG/31792] boost-unordered-documentation/intro/zh_Hans: updating stats <ProjectStats:stats-Project-16>
[2025-10-23 18:19:58,267: DEBUG/31792] boost-unordered-documentation/intro/zh_Hans: updating stats <GlobalStats:stats-global>
[2025-10-23 18:19:58,357: DEBUG/31792] boost-unordered-documentation/bud_02/zh_Hans: updating stats <LanguageStats:stats-Language-769>
[2025-10-23 18:19:58,359: DEBUG/31792] boost-unordered-documentation/bud_02/zh_Hans: updating stats <ProjectLanguageStats:stats-Project-16-769>
[2025-10-23 18:19:58,362: DEBUG/31792] boost-unordered-documentation/bud_02/zh_Hans: updating stats <ComponentStats:stats-Component-20>
[2025-10-23 18:19:58,363: DEBUG/31792] boost-unordered-documentation/bud_02/zh_Hans: updating stats <ProjectStats:stats-Project-16>
[2025-10-23 18:19:58,368: DEBUG/31792] boost-unordered-documentation/bud_02/zh_Hans: updating stats <GlobalStats:stats-global>
[23/Oct/2025 18:19:58] "POST /translate/boost-unordered-documentation/bud_02/zh_Hans/?q=state%3A%3Ctranslated&offset=6 HTTP/1.1" 302 0
[23/Oct/2025 18:19:58] "GET /translate/boost-unordered-documentation/bud_02/zh_Hans/?q=state%3A%3Ctranslated&offset=7 HTTP/1.1" 200 203822
[23/Oct/2025 18:19:58] "POST /js/translate/openai/785/ HTTP/1.1" 200 3100
[2025-10-23 18:19:59,867: DEBUG/31792] boost-unordered-documentation/bud_01/zh_Hans: updating stats <LanguageStats:stats-Language-769>
[2025-10-23 18:19:59,869: DEBUG/31792] boost-unordered-documentation/bud_01/zh_Hans: updating stats <ProjectLanguageStats:stats-Project-16-769>
[2025-10-23 18:19:59,870: DEBUG/31792] boost-unordered-documentation/bud_01/zh_Hans: updating stats <ComponentStats:stats-Component-17>
[2025-10-23 18:19:59,872: DEBUG/31792] boost-unordered-documentation/bud_01/zh_Hans: updating stats <ProjectStats:stats-Project-16>
[2025-10-23 18:19:59,875: DEBUG/31792] boost-unordered-documentation/bud_01/zh_Hans: updating stats <GlobalStats:stats-global>
[2025-10-23 18:19:59,887: DEBUG/31792] boost-unordered-documentation/intro/zh_Hans: updating stats <LanguageStats:stats-Language-769>
[2025-10-23 18:19:59,888: DEBUG/31792] boost-unordered-documentation/intro/zh_Hans: updating stats <ProjectLanguageStats:stats-Project-16-769>
[2025-10-23 18:19:59,890: DEBUG/31792] boost-unordered-documentation/intro/zh_Hans: updating stats <ComponentStats:stats-Component-19>
[2025-10-23 18:19:59,891: DEBUG/31792] boost-unordered-documentation/intro/zh_Hans: updating stats <ProjectStats:stats-Project-16>
[2025-10-23 18:19:59,892: DEBUG/31792] boost-unordered-documentation/intro/zh_Hans: updating stats <GlobalStats:stats-global>
[2025-10-23 18:19:59,907: DEBUG/31792] boost-unordered-documentation/bud_02/zh_Hans: updating stats <LanguageStats:stats-Language-769>
[2025-10-23 18:19:59,909: DEBUG/31792] boost-unordered-documentation/bud_02/zh_Hans: updating stats <ProjectLanguageStats:stats-Project-16-769>
[2025-10-23 18:19:59,911: DEBUG/31792] boost-unordered-documentation/bud_02/zh_Hans: updating stats <ComponentStats:stats-Component-20>
[2025-10-23 18:19:59,915: DEBUG/31792] boost-unordered-documentation/bud_02/zh_Hans: updating stats <ProjectStats:stats-Project-16>
[2025-10-23 18:19:59,920: DEBUG/31792] boost-unordered-documentation/bud_02/zh_Hans: updating stats <GlobalStats:stats-global>
[23/Oct/2025 18:20:00] "POST /translate/boost-unordered-documentation/bud_02/zh_Hans/?q=state%3A%3Ctranslated&offset=7 HTTP/1.1" 302 0
[23/Oct/2025 18:20:00] "GET /translate/boost-unordered-documentation/bud_02/zh_Hans/?q=state%3A%3Ctranslated&offset=8 HTTP/1.1" 200 207018
[23/Oct/2025 18:20:00] "POST /js/translate/openai/786/ HTTP/1.1" 200 379
[2025-10-23 18:20:01,751: DEBUG/31792] boost-unordered-documentation/bud_01/zh_Hans: updating stats <LanguageStats:stats-Language-769>
[2025-10-23 18:20:01,753: DEBUG/31792] boost-unordered-documentation/bud_01/zh_Hans: updating stats <ProjectLanguageStats:stats-Project-16-769>
[2025-10-23 18:20:01,757: DEBUG/31792] boost-unordered-documentation/bud_01/zh_Hans: updating stats <ComponentStats:stats-Component-17>
[2025-10-23 18:20:01,759: DEBUG/31792] boost-unordered-documentation/bud_01/zh_Hans: updating stats <ProjectStats:stats-Project-16>
[2025-10-23 18:20:01,763: DEBUG/31792] boost-unordered-documentation/bud_01/zh_Hans: updating stats <GlobalStats:stats-global>
[2025-10-23 18:20:01,774: DEBUG/31792] boost-unordered-documentation/intro/zh_Hans: updating stats <LanguageStats:stats-Language-769>
[2025-10-23 18:20:01,774: DEBUG/31792] boost-unordered-documentation/intro/zh_Hans: updating stats <ProjectLanguageStats:stats-Project-16-769>
[2025-10-23 18:20:01,778: DEBUG/31792] boost-unordered-documentation/intro/zh_Hans: updating stats <ComponentStats:stats-Component-19>
[2025-10-23 18:20:01,779: DEBUG/31792] boost-unordered-documentation/intro/zh_Hans: updating stats <ProjectStats:stats-Project-16>
[2025-10-23 18:20:01,781: DEBUG/31792] boost-unordered-documentation/intro/zh_Hans: updating stats <GlobalStats:stats-global>
[2025-10-23 18:20:01,791: DEBUG/31792] boost-unordered-documentation/bud_02/zh_Hans: updating stats <LanguageStats:stats-Language-769>
[2025-10-23 18:20:01,794: DEBUG/31792] boost-unordered-documentation/bud_02/zh_Hans: updating stats <ProjectLanguageStats:stats-Project-16-769>
[2025-10-23 18:20:01,796: DEBUG/31792] boost-unordered-documentation/bud_02/zh_Hans: updating stats <ComponentStats:stats-Component-20>
[2025-10-23 18:20:01,798: DEBUG/31792] boost-unordered-documentation/bud_02/zh_Hans: updating stats <ProjectStats:stats-Project-16>
[2025-10-23 18:20:01,802: DEBUG/31792] boost-unordered-documentation/bud_02/zh_Hans: updating stats <GlobalStats:stats-global>
[23/Oct/2025 18:20:01] "POST /translate/boost-unordered-documentation/bud_02/zh_Hans/?q=state%3A%3Ctranslated&offset=8 HTTP/1.1" 302 0
[23/Oct/2025 18:20:02] "GET /translate/boost-unordered-documentation/bud_02/zh_Hans/?q=state%3A%3Ctranslated&offset=9 HTTP/1.1" 200 207280
[23/Oct/2025 18:20:02] "POST /js/translate/openai/787/ HTTP/1.1" 200 447
[2025-10-23 18:20:03,348: DEBUG/31792] boost-unordered-documentation/bud_01/zh_Hans: updating stats <LanguageStats:stats-Language-769>
[2025-10-23 18:20:03,351: DEBUG/31792] boost-unordered-documentation/bud_01/zh_Hans: updating stats <ProjectLanguageStats:stats-Project-16-769>
[2025-10-23 18:20:03,354: DEBUG/31792] boost-unordered-documentation/bud_01/zh_Hans: updating stats <ComponentStats:stats-Component-17>
[2025-10-23 18:20:03,357: DEBUG/31792] boost-unordered-documentation/bud_01/zh_Hans: updating stats <ProjectStats:stats-Project-16>
[2025-10-23 18:20:03,365: DEBUG/31792] boost-unordered-documentation/bud_01/zh_Hans: updating stats <GlobalStats:stats-global>
[2025-10-23 18:20:03,380: DEBUG/31792] boost-unordered-documentation/intro/zh_Hans: updating stats <LanguageStats:stats-Language-769>
[2025-10-23 18:20:03,382: DEBUG/31792] boost-unordered-documentation/intro/zh_Hans: updating stats <ProjectLanguageStats:stats-Project-16-769>
[2025-10-23 18:20:03,387: DEBUG/31792] boost-unordered-documentation/intro/zh_Hans: updating stats <ComponentStats:stats-Component-19>
[2025-10-23 18:20:03,390: DEBUG/31792] boost-unordered-documentation/intro/zh_Hans: updating stats <ProjectStats:stats-Project-16>
[2025-10-23 18:20:03,393: DEBUG/31792] boost-unordered-documentation/intro/zh_Hans: updating stats <GlobalStats:stats-global>
[2025-10-23 18:20:03,407: DEBUG/31792] boost-unordered-documentation/bud_02/zh_Hans: updating stats <LanguageStats:stats-Language-769>
[2025-10-23 18:20:03,409: DEBUG/31792] boost-unordered-documentation/bud_02/zh_Hans: updating stats <ProjectLanguageStats:stats-Project-16-769>
[2025-10-23 18:20:03,411: DEBUG/31792] boost-unordered-documentation/bud_02/zh_Hans: updating stats <ComponentStats:stats-Component-20>
[2025-10-23 18:20:03,413: DEBUG/31792] boost-unordered-documentation/bud_02/zh_Hans: updating stats <ProjectStats:stats-Project-16>
[2025-10-23 18:20:03,419: DEBUG/31792] boost-unordered-documentation/bud_02/zh_Hans: updating stats <GlobalStats:stats-global>
[23/Oct/2025 18:20:03] "POST /translate/boost-unordered-documentation/bud_02/zh_Hans/?q=state%3A%3Ctranslated&offset=9 HTTP/1.1" 302 0
[23/Oct/2025 18:20:03] "GET /translate/boost-unordered-documentation/bud_02/zh_Hans/?q=state%3A%3Ctranslated&offset=10 HTTP/1.1" 200 220972
[23/Oct/2025 18:20:04] "POST /js/translate/openai/788/ HTTP/1.1" 200 3413
[2025-10-23 18:20:05,890: DEBUG/31792] boost-unordered-documentation/bud_01/zh_Hans: updating stats <LanguageStats:stats-Language-769>
[2025-10-23 18:20:05,892: DEBUG/31792] boost-unordered-documentation/bud_01/zh_Hans: updating stats <ProjectLanguageStats:stats-Project-16-769>
[2025-10-23 18:20:05,894: DEBUG/31792] boost-unordered-documentation/bud_01/zh_Hans: updating stats <ComponentStats:stats-Component-17>
[2025-10-23 18:20:05,897: DEBUG/31792] boost-unordered-documentation/bud_01/zh_Hans: updating stats <ProjectStats:stats-Project-16>
[2025-10-23 18:20:05,903: DEBUG/31792] boost-unordered-documentation/bud_01/zh_Hans: updating stats <GlobalStats:stats-global>
[2025-10-23 18:20:05,928: DEBUG/31792] boost-unordered-documentation/intro/zh_Hans: updating stats <LanguageStats:stats-Language-769>
[2025-10-23 18:20:05,929: DEBUG/31792] boost-unordered-documentation/intro/zh_Hans: updating stats <ProjectLanguageStats:stats-Project-16-769>
[2025-10-23 18:20:05,935: DEBUG/31792] boost-unordered-documentation/intro/zh_Hans: updating stats <ComponentStats:stats-Component-19>
[2025-10-23 18:20:05,938: DEBUG/31792] boost-unordered-documentation/intro/zh_Hans: updating stats <ProjectStats:stats-Project-16>
[2025-10-23 18:20:05,944: DEBUG/31792] boost-unordered-documentation/intro/zh_Hans: updating stats <GlobalStats:stats-global>
[2025-10-23 18:20:05,960: DEBUG/31792] boost-unordered-documentation/bud_02/zh_Hans: updating stats <LanguageStats:stats-Language-769>
[2025-10-23 18:20:05,961: DEBUG/31792] boost-unordered-documentation/bud_02/zh_Hans: updating stats <ProjectLanguageStats:stats-Project-16-769>
[2025-10-23 18:20:05,965: DEBUG/31792] boost-unordered-documentation/bud_02/zh_Hans: updating stats <ComponentStats:stats-Component-20>
[2025-10-23 18:20:05,967: DEBUG/31792] boost-unordered-documentation/bud_02/zh_Hans: updating stats <ProjectStats:stats-Project-16>
[2025-10-23 18:20:05,972: DEBUG/31792] boost-unordered-documentation/bud_02/zh_Hans: updating stats <GlobalStats:stats-global>
[23/Oct/2025 18:20:06] "POST /translate/boost-unordered-documentation/bud_02/zh_Hans/?q=state%3A%3Ctranslated&offset=10 HTTP/1.1" 302 0
[23/Oct/2025 18:20:06] "GET /translate/boost-unordered-documentation/bud_02/zh_Hans/?q=state%3A%3Ctranslated&offset=11 HTTP/1.1" 200 209393
[23/Oct/2025 18:20:06] "POST /js/translate/openai/789/ HTTP/1.1" 200 1135
[2025-10-23 18:20:47,959: DEBUG/31792] boost-unordered-documentation/bud_01/zh_Hans: updating stats <LanguageStats:stats-Language-769>
[2025-10-23 18:20:47,969: DEBUG/31792] boost-unordered-documentation/bud_01/zh_Hans: updating stats <ProjectLanguageStats:stats-Project-16-769>
[2025-10-23 18:20:47,972: DEBUG/31792] boost-unordered-documentation/bud_01/zh_Hans: updating stats <ComponentStats:stats-Component-17>
[2025-10-23 18:20:47,974: DEBUG/31792] boost-unordered-documentation/bud_01/zh_Hans: updating stats <ProjectStats:stats-Project-16>
[2025-10-23 18:20:47,979: DEBUG/31792] boost-unordered-documentation/bud_01/zh_Hans: updating stats <GlobalStats:stats-global>
[2025-10-23 18:20:47,999: DEBUG/31792] boost-unordered-documentation/intro/zh_Hans: updating stats <LanguageStats:stats-Language-769>
[2025-10-23 18:20:48,000: DEBUG/31792] boost-unordered-documentation/intro/zh_Hans: updating stats <ProjectLanguageStats:stats-Project-16-769>
[2025-10-23 18:20:48,009: DEBUG/31792] boost-unordered-documentation/intro/zh_Hans: updating stats <ComponentStats:stats-Component-19>
[2025-10-23 18:20:48,012: DEBUG/31792] boost-unordered-documentation/intro/zh_Hans: updating stats <ProjectStats:stats-Project-16>
[2025-10-23 18:20:48,016: DEBUG/31792] boost-unordered-documentation/intro/zh_Hans: updating stats <GlobalStats:stats-global>
[2025-10-23 18:20:48,045: DEBUG/31792] boost-unordered-documentation/bud_02/zh_Hans: updating stats <LanguageStats:stats-Language-769>
[2025-10-23 18:20:48,050: DEBUG/31792] boost-unordered-documentation/bud_02/zh_Hans: updating stats <ProjectLanguageStats:stats-Project-16-769>
[2025-10-23 18:20:48,060: DEBUG/31792] boost-unordered-documentation/bud_02/zh_Hans: updating stats <ComponentStats:stats-Component-20>
[2025-10-23 18:20:48,063: DEBUG/31792] boost-unordered-documentation/bud_02/zh_Hans: updating stats <ProjectStats:stats-Project-16>
[2025-10-23 18:20:48,073: DEBUG/31792] boost-unordered-documentation/bud_02/zh_Hans: updating stats <GlobalStats:stats-global>
[23/Oct/2025 18:20:48] "POST /translate/boost-unordered-documentation/bud_02/zh_Hans/?q=state%3A%3Ctranslated&offset=11 HTTP/1.1" 302 0
[23/Oct/2025 18:20:48] "GET /translate/boost-unordered-documentation/bud_02/zh_Hans/?q=state%3A%3Ctranslated&offset=12 HTTP/1.1" 200 212881
[23/Oct/2025 18:20:48] "POST /js/translate/openai/790/ HTTP/1.1" 200 2531
[2025-10-23 18:20:49,471: DEBUG/31792] boost-unordered-documentation/bud_01/zh_Hans: updating stats <LanguageStats:stats-Language-769>
[2025-10-23 18:20:49,473: DEBUG/31792] boost-unordered-documentation/bud_01/zh_Hans: updating stats <ProjectLanguageStats:stats-Project-16-769>
[2025-10-23 18:20:49,477: DEBUG/31792] boost-unordered-documentation/bud_01/zh_Hans: updating stats <ComponentStats:stats-Component-17>
[2025-10-23 18:20:49,478: DEBUG/31792] boost-unordered-documentation/bud_01/zh_Hans: updating stats <ProjectStats:stats-Project-16>
[2025-10-23 18:20:49,485: DEBUG/31792] boost-unordered-documentation/bud_01/zh_Hans: updating stats <GlobalStats:stats-global>
[2025-10-23 18:20:49,496: DEBUG/31792] boost-unordered-documentation/intro/zh_Hans: updating stats <LanguageStats:stats-Language-769>
[2025-10-23 18:20:49,496: DEBUG/31792] boost-unordered-documentation/intro/zh_Hans: updating stats <ProjectLanguageStats:stats-Project-16-769>
[2025-10-23 18:20:49,498: DEBUG/31792] boost-unordered-documentation/intro/zh_Hans: updating stats <ComponentStats:stats-Component-19>
[2025-10-23 18:20:49,499: DEBUG/31792] boost-unordered-documentation/intro/zh_Hans: updating stats <ProjectStats:stats-Project-16>
[2025-10-23 18:20:49,501: DEBUG/31792] boost-unordered-documentation/intro/zh_Hans: updating stats <GlobalStats:stats-global>
[2025-10-23 18:20:49,513: DEBUG/31792] boost-unordered-documentation/bud_02/zh_Hans: updating stats <LanguageStats:stats-Language-769>
[2025-10-23 18:20:49,514: DEBUG/31792] boost-unordered-documentation/bud_02/zh_Hans: updating stats <ProjectLanguageStats:stats-Project-16-769>
[2025-10-23 18:20:49,516: DEBUG/31792] boost-unordered-documentation/bud_02/zh_Hans: updating stats <ComponentStats:stats-Component-20>
[2025-10-23 18:20:49,517: DEBUG/31792] boost-unordered-documentation/bud_02/zh_Hans: updating stats <ProjectStats:stats-Project-16>
[2025-10-23 18:20:49,521: DEBUG/31792] boost-unordered-documentation/bud_02/zh_Hans: updating stats <GlobalStats:stats-global>
[23/Oct/2025 18:20:49] "POST /translate/boost-unordered-documentation/bud_02/zh_Hans/?q=state%3A%3Ctranslated&offset=12 HTTP/1.1" 302 0
[23/Oct/2025 18:20:49] "GET /translate/boost-unordered-documentation/bud_02/zh_Hans/?q=state%3A%3Ctranslated&offset=13 HTTP/1.1" 200 222559
[23/Oct/2025 18:20:49] "POST /js/translate/openai/791/ HTTP/1.1" 200 8515
[2025-10-23 18:20:50,756: DEBUG/31792] boost-unordered-documentation/bud_01/zh_Hans: updating stats <LanguageStats:stats-Language-769>
[2025-10-23 18:20:50,761: DEBUG/31792] boost-unordered-documentation/bud_01/zh_Hans: updating stats <ProjectLanguageStats:stats-Project-16-769>
[2025-10-23 18:20:50,763: DEBUG/31792] boost-unordered-documentation/bud_01/zh_Hans: updating stats <ComponentStats:stats-Component-17>
[2025-10-23 18:20:50,764: DEBUG/31792] boost-unordered-documentation/bud_01/zh_Hans: updating stats <ProjectStats:stats-Project-16>
[2025-10-23 18:20:50,768: DEBUG/31792] boost-unordered-documentation/bud_01/zh_Hans: updating stats <GlobalStats:stats-global>
[2025-10-23 18:20:50,777: DEBUG/31792] boost-unordered-documentation/intro/zh_Hans: updating stats <LanguageStats:stats-Language-769>
[2025-10-23 18:20:50,780: DEBUG/31792] boost-unordered-documentation/intro/zh_Hans: updating stats <ProjectLanguageStats:stats-Project-16-769>
[2025-10-23 18:20:50,783: DEBUG/31792] boost-unordered-documentation/intro/zh_Hans: updating stats <ComponentStats:stats-Component-19>
[2025-10-23 18:20:50,784: DEBUG/31792] boost-unordered-documentation/intro/zh_Hans: updating stats <ProjectStats:stats-Project-16>
[2025-10-23 18:20:50,786: DEBUG/31792] boost-unordered-documentation/intro/zh_Hans: updating stats <GlobalStats:stats-global>
[2025-10-23 18:20:50,798: DEBUG/31792] boost-unordered-documentation/bud_02/zh_Hans: updating stats <LanguageStats:stats-Language-769>
[2025-10-23 18:20:50,799: DEBUG/31792] boost-unordered-documentation/bud_02/zh_Hans: updating stats <ProjectLanguageStats:stats-Project-16-769>
[2025-10-23 18:20:50,801: DEBUG/31792] boost-unordered-documentation/bud_02/zh_Hans: updating stats <ComponentStats:stats-Component-20>
[2025-10-23 18:20:50,803: DEBUG/31792] boost-unordered-documentation/bud_02/zh_Hans: updating stats <ProjectStats:stats-Project-16>
[2025-10-23 18:20:50,806: DEBUG/31792] boost-unordered-documentation/bud_02/zh_Hans: updating stats <GlobalStats:stats-global>
[23/Oct/2025 18:20:50] "POST /translate/boost-unordered-documentation/bud_02/zh_Hans/?q=state%3A%3Ctranslated&offset=13 HTTP/1.1" 302 0
[23/Oct/2025 18:20:51] "GET /translate/boost-unordered-documentation/bud_02/zh_Hans/?q=state%3A%3Ctranslated&offset=14 HTTP/1.1" 200 227648
[23/Oct/2025 18:20:51] "POST /js/translate/openai/792/ HTTP/1.1" 200 3577
[2025-10-23 18:20:52,349: DEBUG/31792] boost-unordered-documentation/bud_01/zh_Hans: updating stats <LanguageStats:stats-Language-769>
[2025-10-23 18:20:52,352: DEBUG/31792] boost-unordered-documentation/bud_01/zh_Hans: updating stats <ProjectLanguageStats:stats-Project-16-769>
[2025-10-23 18:20:52,355: DEBUG/31792] boost-unordered-documentation/bud_01/zh_Hans: updating stats <ComponentStats:stats-Component-17>
[2025-10-23 18:20:52,356: DEBUG/31792] boost-unordered-documentation/bud_01/zh_Hans: updating stats <ProjectStats:stats-Project-16>
[2025-10-23 18:20:52,360: DEBUG/31792] boost-unordered-documentation/bud_01/zh_Hans: updating stats <GlobalStats:stats-global>
[2025-10-23 18:20:52,371: DEBUG/31792] boost-unordered-documentation/intro/zh_Hans: updating stats <LanguageStats:stats-Language-769>
[2025-10-23 18:20:52,372: DEBUG/31792] boost-unordered-documentation/intro/zh_Hans: updating stats <ProjectLanguageStats:stats-Project-16-769>
[2025-10-23 18:20:52,374: DEBUG/31792] boost-unordered-documentation/intro/zh_Hans: updating stats <ComponentStats:stats-Component-19>
[2025-10-23 18:20:52,375: DEBUG/31792] boost-unordered-documentation/intro/zh_Hans: updating stats <ProjectStats:stats-Project-16>
[2025-10-23 18:20:52,376: DEBUG/31792] boost-unordered-documentation/intro/zh_Hans: updating stats <GlobalStats:stats-global>
[2025-10-23 18:20:52,385: DEBUG/31792] boost-unordered-documentation/bud_02/zh_Hans: updating stats <LanguageStats:stats-Language-769>
[2025-10-23 18:20:52,386: DEBUG/31792] boost-unordered-documentation/bud_02/zh_Hans: updating stats <ProjectLanguageStats:stats-Project-16-769>
[2025-10-23 18:20:52,388: DEBUG/31792] boost-unordered-documentation/bud_02/zh_Hans: updating stats <ComponentStats:stats-Component-20>
[2025-10-23 18:20:52,389: DEBUG/31792] boost-unordered-documentation/bud_02/zh_Hans: updating stats <ProjectStats:stats-Project-16>
[2025-10-23 18:20:52,393: DEBUG/31792] boost-unordered-documentation/bud_02/zh_Hans: updating stats <GlobalStats:stats-global>
[23/Oct/2025 18:20:52] "POST /translate/boost-unordered-documentation/bud_02/zh_Hans/?q=state%3A%3Ctranslated&offset=14 HTTP/1.1" 302 0
[23/Oct/2025 18:20:52] "GET /translate/boost-unordered-documentation/bud_02/zh_Hans/?q=state%3A%3Ctranslated&offset=15 HTTP/1.1" 200 243236
[23/Oct/2025 18:20:52] "POST /js/translate/openai/793/ HTTP/1.1" 200 343
[2025-10-23 18:20:53,954: DEBUG/31792] boost-unordered-documentation/bud_01/zh_Hans: updating stats <LanguageStats:stats-Language-769>
[2025-10-23 18:20:53,956: DEBUG/31792] boost-unordered-documentation/bud_01/zh_Hans: updating stats <ProjectLanguageStats:stats-Project-16-769>
[2025-10-23 18:20:53,958: DEBUG/31792] boost-unordered-documentation/bud_01/zh_Hans: updating stats <ComponentStats:stats-Component-17>
[2025-10-23 18:20:53,959: DEBUG/31792] boost-unordered-documentation/bud_01/zh_Hans: updating stats <ProjectStats:stats-Project-16>
[2025-10-23 18:20:53,965: DEBUG/31792] boost-unordered-documentation/bud_01/zh_Hans: updating stats <GlobalStats:stats-global>
[2025-10-23 18:20:53,986: DEBUG/31792] boost-unordered-documentation/intro/zh_Hans: updating stats <LanguageStats:stats-Language-769>
[2025-10-23 18:20:53,989: DEBUG/31792] boost-unordered-documentation/intro/zh_Hans: updating stats <ProjectLanguageStats:stats-Project-16-769>
[2025-10-23 18:20:53,994: DEBUG/31792] boost-unordered-documentation/intro/zh_Hans: updating stats <ComponentStats:stats-Component-19>
[2025-10-23 18:20:53,998: DEBUG/31792] boost-unordered-documentation/intro/zh_Hans: updating stats <ProjectStats:stats-Project-16>
[2025-10-23 18:20:54,004: DEBUG/31792] boost-unordered-documentation/intro/zh_Hans: updating stats <GlobalStats:stats-global>
[2025-10-23 18:20:54,014: DEBUG/31792] boost-unordered-documentation/bud_02/zh_Hans: updating stats <LanguageStats:stats-Language-769>
[2025-10-23 18:20:54,015: DEBUG/31792] boost-unordered-documentation/bud_02/zh_Hans: updating stats <ProjectLanguageStats:stats-Project-16-769>
[2025-10-23 18:20:54,018: DEBUG/31792] boost-unordered-documentation/bud_02/zh_Hans: updating stats <ComponentStats:stats-Component-20>
[2025-10-23 18:20:54,019: DEBUG/31792] boost-unordered-documentation/bud_02/zh_Hans: updating stats <ProjectStats:stats-Project-16>
[2025-10-23 18:20:54,026: DEBUG/31792] boost-unordered-documentation/bud_02/zh_Hans: updating stats <GlobalStats:stats-global>
[23/Oct/2025 18:20:54] "POST /translate/boost-unordered-documentation/bud_02/zh_Hans/?q=state%3A%3Ctranslated&offset=15 HTTP/1.1" 302 0
[23/Oct/2025 18:20:54] "GET /translate/boost-unordered-documentation/bud_02/zh_Hans/?q=state%3A%3Ctranslated&offset=16 HTTP/1.1" 200 227755
[23/Oct/2025 18:20:54] "POST /js/translate/openai/794/ HTTP/1.1" 200 865
[2025-10-23 18:20:55,403: DEBUG/31792] boost-unordered-documentation/bud_01/zh_Hans: updating stats <LanguageStats:stats-Language-769>
[2025-10-23 18:20:55,409: DEBUG/31792] boost-unordered-documentation/bud_01/zh_Hans: updating stats <ProjectLanguageStats:stats-Project-16-769>
[2025-10-23 18:20:55,413: DEBUG/31792] boost-unordered-documentation/bud_01/zh_Hans: updating stats <ComponentStats:stats-Component-17>
[2025-10-23 18:20:55,421: DEBUG/31792] boost-unordered-documentation/bud_01/zh_Hans: updating stats <ProjectStats:stats-Project-16>
[2025-10-23 18:20:55,432: DEBUG/31792] boost-unordered-documentation/bud_01/zh_Hans: updating stats <GlobalStats:stats-global>
[2025-10-23 18:20:55,467: DEBUG/31792] boost-unordered-documentation/intro/zh_Hans: updating stats <LanguageStats:stats-Language-769>
[2025-10-23 18:20:55,468: DEBUG/31792] boost-unordered-documentation/intro/zh_Hans: updating stats <ProjectLanguageStats:stats-Project-16-769>
[2025-10-23 18:20:55,472: DEBUG/31792] boost-unordered-documentation/intro/zh_Hans: updating stats <ComponentStats:stats-Component-19>
[2025-10-23 18:20:55,476: DEBUG/31792] boost-unordered-documentation/intro/zh_Hans: updating stats <ProjectStats:stats-Project-16>
[2025-10-23 18:20:55,479: DEBUG/31792] boost-unordered-documentation/intro/zh_Hans: updating stats <GlobalStats:stats-global>
[2025-10-23 18:20:55,496: DEBUG/31792] boost-unordered-documentation/bud_02/zh_Hans: updating stats <LanguageStats:stats-Language-769>
[2025-10-23 18:20:55,503: DEBUG/31792] boost-unordered-documentation/bud_02/zh_Hans: updating stats <ProjectLanguageStats:stats-Project-16-769>
[2025-10-23 18:20:55,511: DEBUG/31792] boost-unordered-documentation/bud_02/zh_Hans: updating stats <ComponentStats:stats-Component-20>
[2025-10-23 18:20:55,515: DEBUG/31792] boost-unordered-documentation/bud_02/zh_Hans: updating stats <ProjectStats:stats-Project-16>
[2025-10-23 18:20:55,530: DEBUG/31792] boost-unordered-documentation/bud_02/zh_Hans: updating stats <GlobalStats:stats-global>
[23/Oct/2025 18:20:55] "POST /translate/boost-unordered-documentation/bud_02/zh_Hans/?q=state%3A%3Ctranslated&offset=16 HTTP/1.1" 302 0
[23/Oct/2025 18:20:55] "GET /translate/boost-unordered-documentation/bud_02/zh_Hans/?q=state%3A%3Ctranslated&offset=17 HTTP/1.1" 200 244438
[23/Oct/2025 18:20:56] "POST /js/translate/openai/795/ HTTP/1.1" 200 748
[2025-10-23 18:20:56,757: DEBUG/31792] boost-unordered-documentation/bud_01/zh_Hans: updating stats <LanguageStats:stats-Language-769>
[2025-10-23 18:20:56,758: DEBUG/31792] boost-unordered-documentation/bud_01/zh_Hans: updating stats <ProjectLanguageStats:stats-Project-16-769>
[2025-10-23 18:20:56,760: DEBUG/31792] boost-unordered-documentation/bud_01/zh_Hans: updating stats <ComponentStats:stats-Component-17>
[2025-10-23 18:20:56,761: DEBUG/31792] boost-unordered-documentation/bud_01/zh_Hans: updating stats <ProjectStats:stats-Project-16>
[2025-10-23 18:20:56,765: DEBUG/31792] boost-unordered-documentation/bud_01/zh_Hans: updating stats <GlobalStats:stats-global>
[2025-10-23 18:20:56,777: DEBUG/31792] boost-unordered-documentation/intro/zh_Hans: updating stats <LanguageStats:stats-Language-769>
[2025-10-23 18:20:56,778: DEBUG/31792] boost-unordered-documentation/intro/zh_Hans: updating stats <ProjectLanguageStats:stats-Project-16-769>
[2025-10-23 18:20:56,780: DEBUG/31792] boost-unordered-documentation/intro/zh_Hans: updating stats <ComponentStats:stats-Component-19>
[2025-10-23 18:20:56,781: DEBUG/31792] boost-unordered-documentation/intro/zh_Hans: updating stats <ProjectStats:stats-Project-16>
[2025-10-23 18:20:56,783: DEBUG/31792] boost-unordered-documentation/intro/zh_Hans: updating stats <GlobalStats:stats-global>
[2025-10-23 18:20:56,793: DEBUG/31792] boost-unordered-documentation/bud_02/zh_Hans: updating stats <LanguageStats:stats-Language-769>
[2025-10-23 18:20:56,795: DEBUG/31792] boost-unordered-documentation/bud_02/zh_Hans: updating stats <ProjectLanguageStats:stats-Project-16-769>
[2025-10-23 18:20:56,798: DEBUG/31792] boost-unordered-documentation/bud_02/zh_Hans: updating stats <ComponentStats:stats-Component-20>
[2025-10-23 18:20:56,799: DEBUG/31792] boost-unordered-documentation/bud_02/zh_Hans: updating stats <ProjectStats:stats-Project-16>
[2025-10-23 18:20:56,803: DEBUG/31792] boost-unordered-documentation/bud_02/zh_Hans: updating stats <GlobalStats:stats-global>
[23/Oct/2025 18:20:56] "POST /translate/boost-unordered-documentation/bud_02/zh_Hans/?q=state%3A%3Ctranslated&offset=17 HTTP/1.1" 302 0
[23/Oct/2025 18:20:57] "GET /translate/boost-unordered-documentation/bud_02/zh_Hans/?q=state%3A%3Ctranslated&offset=18 HTTP/1.1" 200 244449
[23/Oct/2025 18:20:57] "POST /js/translate/openai/796/ HTTP/1.1" 200 2146
[2025-10-23 18:20:57,901: DEBUG/31792] boost-unordered-documentation/bud_01/zh_Hans: updating stats <LanguageStats:stats-Language-769>
[2025-10-23 18:20:57,903: DEBUG/31792] boost-unordered-documentation/bud_01/zh_Hans: updating stats <ProjectLanguageStats:stats-Project-16-769>
[2025-10-23 18:20:57,908: DEBUG/31792] boost-unordered-documentation/bud_01/zh_Hans: updating stats <ComponentStats:stats-Component-17>
[2025-10-23 18:20:57,911: DEBUG/31792] boost-unordered-documentation/bud_01/zh_Hans: updating stats <ProjectStats:stats-Project-16>
[2025-10-23 18:20:57,918: DEBUG/31792] boost-unordered-documentation/bud_01/zh_Hans: updating stats <GlobalStats:stats-global>
[2025-10-23 18:20:57,938: DEBUG/31792] boost-unordered-documentation/intro/zh_Hans: updating stats <LanguageStats:stats-Language-769>
[2025-10-23 18:20:57,939: DEBUG/31792] boost-unordered-documentation/intro/zh_Hans: updating stats <ProjectLanguageStats:stats-Project-16-769>
[2025-10-23 18:20:57,941: DEBUG/31792] boost-unordered-documentation/intro/zh_Hans: updating stats <ComponentStats:stats-Component-19>
[2025-10-23 18:20:57,944: DEBUG/31792] boost-unordered-documentation/intro/zh_Hans: updating stats <ProjectStats:stats-Project-16>
[2025-10-23 18:20:57,947: DEBUG/31792] boost-unordered-documentation/intro/zh_Hans: updating stats <GlobalStats:stats-global>
[2025-10-23 18:20:57,956: DEBUG/31792] boost-unordered-documentation/bud_02/zh_Hans: updating stats <LanguageStats:stats-Language-769>
[2025-10-23 18:20:57,957: DEBUG/31792] boost-unordered-documentation/bud_02/zh_Hans: updating stats <ProjectLanguageStats:stats-Project-16-769>
[2025-10-23 18:20:57,959: DEBUG/31792] boost-unordered-documentation/bud_02/zh_Hans: updating stats <ComponentStats:stats-Component-20>
[2025-10-23 18:20:57,960: DEBUG/31792] boost-unordered-documentation/bud_02/zh_Hans: updating stats <ProjectStats:stats-Project-16>
[2025-10-23 18:20:57,965: DEBUG/31792] boost-unordered-documentation/bud_02/zh_Hans: updating stats <GlobalStats:stats-global>
[23/Oct/2025 18:20:58] "POST /translate/boost-unordered-documentation/bud_02/zh_Hans/?q=state%3A%3Ctranslated&offset=18 HTTP/1.1" 302 0
[23/Oct/2025 18:20:58] "GET /translate/boost-unordered-documentation/bud_02/zh_Hans/?q=state%3A%3Ctranslated&offset=19 HTTP/1.1" 200 243585
[23/Oct/2025 18:20:58] "POST /js/translate/openai/797/ HTTP/1.1" 200 6244
[2025-10-23 18:20:59,292: DEBUG/31792] boost-unordered-documentation/bud_01/zh_Hans: updating stats <LanguageStats:stats-Language-769>
[2025-10-23 18:20:59,293: DEBUG/31792] boost-unordered-documentation/bud_01/zh_Hans: updating stats <ProjectLanguageStats:stats-Project-16-769>
[2025-10-23 18:20:59,295: DEBUG/31792] boost-unordered-documentation/bud_01/zh_Hans: updating stats <ComponentStats:stats-Component-17>
[2025-10-23 18:20:59,297: DEBUG/31792] boost-unordered-documentation/bud_01/zh_Hans: updating stats <ProjectStats:stats-Project-16>
[2025-10-23 18:20:59,300: DEBUG/31792] boost-unordered-documentation/bud_01/zh_Hans: updating stats <GlobalStats:stats-global>
[2025-10-23 18:20:59,311: DEBUG/31792] boost-unordered-documentation/intro/zh_Hans: updating stats <LanguageStats:stats-Language-769>
[2025-10-23 18:20:59,312: DEBUG/31792] boost-unordered-documentation/intro/zh_Hans: updating stats <ProjectLanguageStats:stats-Project-16-769>
[2025-10-23 18:20:59,313: DEBUG/31792] boost-unordered-documentation/intro/zh_Hans: updating stats <ComponentStats:stats-Component-19>
[2025-10-23 18:20:59,314: DEBUG/31792] boost-unordered-documentation/intro/zh_Hans: updating stats <ProjectStats:stats-Project-16>
[2025-10-23 18:20:59,316: DEBUG/31792] boost-unordered-documentation/intro/zh_Hans: updating stats <GlobalStats:stats-global>
[2025-10-23 18:20:59,324: DEBUG/31792] boost-unordered-documentation/bud_02/zh_Hans: updating stats <LanguageStats:stats-Language-769>
[2025-10-23 18:20:59,326: DEBUG/31792] boost-unordered-documentation/bud_02/zh_Hans: updating stats <ProjectLanguageStats:stats-Project-16-769>
[2025-10-23 18:20:59,328: DEBUG/31792] boost-unordered-documentation/bud_02/zh_Hans: updating stats <ComponentStats:stats-Component-20>
[2025-10-23 18:20:59,329: DEBUG/31792] boost-unordered-documentation/bud_02/zh_Hans: updating stats <ProjectStats:stats-Project-16>
[2025-10-23 18:20:59,332: DEBUG/31792] boost-unordered-documentation/bud_02/zh_Hans: updating stats <GlobalStats:stats-global>
[23/Oct/2025 18:20:59] "POST /translate/boost-unordered-documentation/bud_02/zh_Hans/?q=state%3A%3Ctranslated&offset=19 HTTP/1.1" 302 0
[23/Oct/2025 18:20:59] "GET /translate/boost-unordered-documentation/bud_02/zh_Hans/?q=state%3A%3Ctranslated&offset=20 HTTP/1.1" 200 245215
[23/Oct/2025 18:20:59] "POST /js/translate/openai/798/ HTTP/1.1" 200 2080
[2025-10-23 18:21:00,667: DEBUG/31792] boost-unordered-documentation/bud_01/zh_Hans: updating stats <LanguageStats:stats-Language-769>
[2025-10-23 18:21:00,669: DEBUG/31792] boost-unordered-documentation/bud_01/zh_Hans: updating stats <ProjectLanguageStats:stats-Project-16-769>
[2025-10-23 18:21:00,672: DEBUG/31792] boost-unordered-documentation/bud_01/zh_Hans: updating stats <ComponentStats:stats-Component-17>
[2025-10-23 18:21:00,676: DEBUG/31792] boost-unordered-documentation/bud_01/zh_Hans: updating stats <ProjectStats:stats-Project-16>
[2025-10-23 18:21:00,684: DEBUG/31792] boost-unordered-documentation/bud_01/zh_Hans: updating stats <GlobalStats:stats-global>
[2025-10-23 18:21:00,701: DEBUG/31792] boost-unordered-documentation/intro/zh_Hans: updating stats <LanguageStats:stats-Language-769>
[2025-10-23 18:21:00,701: DEBUG/31792] boost-unordered-documentation/intro/zh_Hans: updating stats <ProjectLanguageStats:stats-Project-16-769>
[2025-10-23 18:21:00,705: DEBUG/31792] boost-unordered-documentation/intro/zh_Hans: updating stats <ComponentStats:stats-Component-19>
[2025-10-23 18:21:00,708: DEBUG/31792] boost-unordered-documentation/intro/zh_Hans: updating stats <ProjectStats:stats-Project-16>
[2025-10-23 18:21:00,713: DEBUG/31792] boost-unordered-documentation/intro/zh_Hans: updating stats <GlobalStats:stats-global>
[2025-10-23 18:21:00,729: DEBUG/31792] boost-unordered-documentation/bud_02/zh_Hans: updating stats <LanguageStats:stats-Language-769>
[2025-10-23 18:21:00,732: DEBUG/31792] boost-unordered-documentation/bud_02/zh_Hans: updating stats <ProjectLanguageStats:stats-Project-16-769>
[2025-10-23 18:21:00,735: DEBUG/31792] boost-unordered-documentation/bud_02/zh_Hans: updating stats <ComponentStats:stats-Component-20>
[2025-10-23 18:21:00,737: DEBUG/31792] boost-unordered-documentation/bud_02/zh_Hans: updating stats <ProjectStats:stats-Project-16>
[2025-10-23 18:21:00,741: DEBUG/31792] boost-unordered-documentation/bud_02/zh_Hans: updating stats <GlobalStats:stats-global>
[23/Oct/2025 18:21:00] "POST /translate/boost-unordered-documentation/bud_02/zh_Hans/?q=state%3A%3Ctranslated&offset=20 HTTP/1.1" 302 0
[23/Oct/2025 18:21:01] "GET /translate/boost-unordered-documentation/bud_02/zh_Hans/?q=state%3A%3Ctranslated&offset=21 HTTP/1.1" 200 216258
[23/Oct/2025 18:21:01] "POST /js/translate/openai/800/ HTTP/1.1" 200 1552
[2025-10-23 18:21:02,274: DEBUG/31792] boost-unordered-documentation/bud_02/zh_Hans: updating stats <LanguageStats:stats-Language-769>
[2025-10-23 18:21:02,278: DEBUG/31792] boost-unordered-documentation/bud_02/zh_Hans: updating stats <ProjectLanguageStats:stats-Project-16-769>
[2025-10-23 18:21:02,283: DEBUG/31792] boost-unordered-documentation/bud_02/zh_Hans: updating stats <ComponentStats:stats-Component-20>
[2025-10-23 18:21:02,287: DEBUG/31792] boost-unordered-documentation/bud_02/zh_Hans: updating stats <ProjectStats:stats-Project-16>
[2025-10-23 18:21:02,294: DEBUG/31792] boost-unordered-documentation/bud_02/zh_Hans: updating stats <GlobalStats:stats-global>
[23/Oct/2025 18:21:02] "POST /translate/boost-unordered-documentation/bud_02/zh_Hans/?q=state%3A%3Ctranslated&offset=21 HTTP/1.1" 302 0
[23/Oct/2025 18:21:02] "GET /translate/boost-unordered-documentation/bud_02/zh_Hans/?q=state%3A%3Ctranslated&offset=22 HTTP/1.1" 200 288415
[23/Oct/2025 18:21:02] "POST /js/translate/openai/801/ HTTP/1.1" 200 20341
[2025-10-23 18:21:07,172: DEBUG/31792] boost-unordered-documentation/bud_01/zh_Hans: updating stats <LanguageStats:stats-Language-769>
[2025-10-23 18:21:07,173: DEBUG/31792] boost-unordered-documentation/bud_01/zh_Hans: updating stats <ProjectLanguageStats:stats-Project-16-769>
[2025-10-23 18:21:07,175: DEBUG/31792] boost-unordered-documentation/bud_01/zh_Hans: updating stats <ComponentStats:stats-Component-17>
[2025-10-23 18:21:07,176: DEBUG/31792] boost-unordered-documentation/bud_01/zh_Hans: updating stats <ProjectStats:stats-Project-16>
[2025-10-23 18:21:07,180: DEBUG/31792] boost-unordered-documentation/bud_01/zh_Hans: updating stats <GlobalStats:stats-global>
[2025-10-23 18:21:07,192: DEBUG/31792] boost-unordered-documentation/intro/zh_Hans: updating stats <LanguageStats:stats-Language-769>
[2025-10-23 18:21:07,192: DEBUG/31792] boost-unordered-documentation/intro/zh_Hans: updating stats <ProjectLanguageStats:stats-Project-16-769>
[2025-10-23 18:21:07,194: DEBUG/31792] boost-unordered-documentation/intro/zh_Hans: updating stats <ComponentStats:stats-Component-19>
[2025-10-23 18:21:07,195: DEBUG/31792] boost-unordered-documentation/intro/zh_Hans: updating stats <ProjectStats:stats-Project-16>
[2025-10-23 18:21:07,197: DEBUG/31792] boost-unordered-documentation/intro/zh_Hans: updating stats <GlobalStats:stats-global>
[2025-10-23 18:21:07,246: DEBUG/31792] boost-unordered-documentation/bud_01/zh_Hans: updating stats <LanguageStats:stats-Language-769>
[2025-10-23 18:21:07,249: DEBUG/31792] boost-unordered-documentation/bud_01/zh_Hans: updating stats <ProjectLanguageStats:stats-Project-16-769>
[2025-10-23 18:21:07,251: DEBUG/31792] boost-unordered-documentation/bud_01/zh_Hans: updating stats <ComponentStats:stats-Component-17>
[2025-10-23 18:21:07,253: DEBUG/31792] boost-unordered-documentation/bud_01/zh_Hans: updating stats <ProjectStats:stats-Project-16>
[2025-10-23 18:21:07,256: DEBUG/31792] boost-unordered-documentation/bud_01/zh_Hans: updating stats <GlobalStats:stats-global>
[2025-10-23 18:21:07,264: DEBUG/31792] boost-unordered-documentation/intro/zh_Hans: updating stats <LanguageStats:stats-Language-769>
[2025-10-23 18:21:07,265: DEBUG/31792] boost-unordered-documentation/intro/zh_Hans: updating stats <ProjectLanguageStats:stats-Project-16-769>
[2025-10-23 18:21:07,267: DEBUG/31792] boost-unordered-documentation/intro/zh_Hans: updating stats <ComponentStats:stats-Component-19>
[2025-10-23 18:21:07,268: DEBUG/31792] boost-unordered-documentation/intro/zh_Hans: updating stats <ProjectStats:stats-Project-16>
[2025-10-23 18:21:07,269: DEBUG/31792] boost-unordered-documentation/intro/zh_Hans: updating stats <GlobalStats:stats-global>
[2025-10-23 18:21:07,278: DEBUG/31792] boost-unordered-documentation/bud_01/zh_Hans: updating stats <LanguageStats:stats-Language-769>
[2025-10-23 18:21:07,280: DEBUG/31792] boost-unordered-documentation/bud_01/zh_Hans: updating stats <ProjectLanguageStats:stats-Project-16-769>
[2025-10-23 18:21:07,282: DEBUG/31792] boost-unordered-documentation/bud_01/zh_Hans: updating stats <ComponentStats:stats-Component-17>
[2025-10-23 18:21:07,283: DEBUG/31792] boost-unordered-documentation/bud_01/zh_Hans: updating stats <ProjectStats:stats-Project-16>
[2025-10-23 18:21:07,286: DEBUG/31792] boost-unordered-documentation/bud_01/zh_Hans: updating stats <GlobalStats:stats-global>
[2025-10-23 18:21:07,294: DEBUG/31792] boost-unordered-documentation/intro/zh_Hans: updating stats <LanguageStats:stats-Language-769>
[2025-10-23 18:21:07,294: DEBUG/31792] boost-unordered-documentation/intro/zh_Hans: updating stats <ProjectLanguageStats:stats-Project-16-769>
[2025-10-23 18:21:07,296: DEBUG/31792] boost-unordered-documentation/intro/zh_Hans: updating stats <ComponentStats:stats-Component-19>
[2025-10-23 18:21:07,297: DEBUG/31792] boost-unordered-documentation/intro/zh_Hans: updating stats <ProjectStats:stats-Project-16>
[2025-10-23 18:21:07,299: DEBUG/31792] boost-unordered-documentation/intro/zh_Hans: updating stats <GlobalStats:stats-global>
[2025-10-23 18:21:07,308: DEBUG/31792] boost-unordered-documentation/bud_02/zh_Hans: updating stats <LanguageStats:stats-Language-769>
[2025-10-23 18:21:07,310: DEBUG/31792] boost-unordered-documentation/bud_02/zh_Hans: updating stats <ProjectLanguageStats:stats-Project-16-769>
[2025-10-23 18:21:07,311: DEBUG/31792] boost-unordered-documentation/bud_02/zh_Hans: updating stats <ComponentStats:stats-Component-20>
[2025-10-23 18:21:07,312: DEBUG/31792] boost-unordered-documentation/bud_02/zh_Hans: updating stats <ProjectStats:stats-Project-16>
[2025-10-23 18:21:07,316: DEBUG/31792] boost-unordered-documentation/bud_02/zh_Hans: updating stats <GlobalStats:stats-global>
[23/Oct/2025 18:21:07] "POST /translate/boost-unordered-documentation/bud_02/zh_Hans/?q=state%3A%3Ctranslated&offset=22 HTTP/1.1" 302 0
[23/Oct/2025 18:21:07] "GET /translate/boost-unordered-documentation/bud_02/zh_Hans/?q=state%3A%3Ctranslated&offset=23 HTTP/1.1" 200 228342
[23/Oct/2025 18:21:07] "POST /js/translate/openai/803/ HTTP/1.1" 200 1893
[2025-10-23 18:21:09,109: DEBUG/31792] boost-unordered-documentation/bud_02/zh_Hans: updating stats <LanguageStats:stats-Language-769>
[2025-10-23 18:21:09,111: DEBUG/31792] boost-unordered-documentation/bud_02/zh_Hans: updating stats <ProjectLanguageStats:stats-Project-16-769>
[2025-10-23 18:21:09,114: DEBUG/31792] boost-unordered-documentation/bud_02/zh_Hans: updating stats <ComponentStats:stats-Component-20>
[2025-10-23 18:21:09,118: DEBUG/31792] boost-unordered-documentation/bud_02/zh_Hans: updating stats <ProjectStats:stats-Project-16>
[2025-10-23 18:21:09,128: DEBUG/31792] boost-unordered-documentation/bud_02/zh_Hans: updating stats <GlobalStats:stats-global>
[23/Oct/2025 18:21:09] "POST /translate/boost-unordered-documentation/bud_02/zh_Hans/?q=state%3A%3Ctranslated&offset=23 HTTP/1.1" 302 0
[23/Oct/2025 18:21:09] "GET /translate/boost-unordered-documentation/bud_02/zh_Hans/?q=state%3A%3Ctranslated&offset=24 HTTP/1.1" 200 225811
[23/Oct/2025 18:21:19] "POST /js/translate/openai/804/ HTTP/1.1" 200 3656
[2025-10-23 18:21:20,649: DEBUG/31792] boost-unordered-documentation/bud_02/zh_Hans: updating stats <LanguageStats:stats-Language-769>
[2025-10-23 18:21:20,652: DEBUG/31792] boost-unordered-documentation/bud_02/zh_Hans: updating stats <ProjectLanguageStats:stats-Project-16-769>
[2025-10-23 18:21:20,654: DEBUG/31792] boost-unordered-documentation/bud_02/zh_Hans: updating stats <ComponentStats:stats-Component-20>
[2025-10-23 18:21:20,655: DEBUG/31792] boost-unordered-documentation/bud_02/zh_Hans: updating stats <ProjectStats:stats-Project-16>
[2025-10-23 18:21:20,661: DEBUG/31792] boost-unordered-documentation/bud_02/zh_Hans: updating stats <GlobalStats:stats-global>
[23/Oct/2025 18:21:20] "POST /translate/boost-unordered-documentation/bud_02/zh_Hans/?q=state%3A%3Ctranslated&offset=24 HTTP/1.1" 302 0
[23/Oct/2025 18:21:20] "GET /translate/boost-unordered-documentation/bud_02/zh_Hans/?q=state%3A%3Ctranslated&offset=25 HTTP/1.1" 302 0
[2025-10-23 18:21:20,920: DEBUG/31792] boost-unordered-documentation/bud_02/zh_Hans: skipping update of <LanguageStats:stats-Language-769>
[2025-10-23 18:21:20,920: DEBUG/31792] boost-unordered-documentation/bud_02/zh_Hans: skipping update of <ProjectLanguageStats:stats-Project-16-769>
[2025-10-23 18:21:20,920: DEBUG/31792] boost-unordered-documentation/bud_02/zh_Hans: skipping update of <ComponentStats:stats-Component-20>
[2025-10-23 18:21:20,920: DEBUG/31792] boost-unordered-documentation/bud_02/zh_Hans: skipping update of <ProjectStats:stats-Project-16>
[2025-10-23 18:21:20,920: DEBUG/31792] boost-unordered-documentation/bud_02/zh_Hans: skipping update of <GlobalStats:stats-global>
[2025-10-23 18:21:20,922: DEBUG/31792] boost-unordered-documentation/bud_02/zh_Hans: skipping update of <LanguageStats:stats-Language-769>
[2025-10-23 18:21:20,923: DEBUG/31792] boost-unordered-documentation/bud_02/zh_Hans: skipping update of <ProjectLanguageStats:stats-Project-16-769>
[2025-10-23 18:21:20,923: DEBUG/31792] boost-unordered-documentation/bud_02/zh_Hans: skipping update of <ComponentStats:stats-Component-20>
[2025-10-23 18:21:20,923: DEBUG/31792] boost-unordered-documentation/bud_02/zh_Hans: skipping update of <ProjectStats:stats-Project-16>
[2025-10-23 18:21:20,923: DEBUG/31792] boost-unordered-documentation/bud_02/zh_Hans: skipping update of <GlobalStats:stats-global>
[23/Oct/2025 18:21:20] "GET /projects/boost-unordered-documentation/bud_02/zh_Hans/ HTTP/1.1" 200 182834
[2025-10-23 18:21:24,317: DEBUG/31792] git: failure fatal: bad revision 'Giggly19890103/bud-branch-02..'
 (128)
[2025-10-23 18:21:24,317: DEBUG/31792] git: failure fatal: bad revision 'Giggly19890103/bud-branch-02..'
 (128)
[2025-10-23 18:21:24,323: DEBUG/31792] git: On branch develop
Your branch is ahead of 'origin/develop' by 2 commits.
  (use "git push" to publish your local commits)

nothing to commit, working tree clean

[2025-10-23 18:21:24,323: DEBUG/31792] git: On branch develop
Your branch is ahead of 'origin/develop' by 2 commits.
  (use "git push" to publish your local commits)

nothing to commit, working tree clean

[23/Oct/2025 18:21:24] "GET /js/git/boost-unordered-documentation/bud_02/zh_Hans/ HTTP/1.1" 200 19215
[2025-10-23 18:21:26,286: INFO/31792] boost-unordered-documentation/bud_02/zh_Hans: committing 30 pending changes (commit)
[2025-10-23 18:21:26,384: DEBUG/31792] boost-unordered-documentation/bud_02/zh_Hans: running Repository pre-commit add-on: weblate.cleanup.generic
[2025-10-23 18:21:26,451: DEBUG/31792] boost-unordered-documentation/bud_02/zh_Hans: completed Repository pre-commit add-on: weblate.cleanup.generic
[2025-10-23 18:21:26,469: INFO/31792] boost-unordered-documentation/bud_02/zh_Hans: committed ['/home/dsf2eqw3/Documents/weblate-weblate-5.13.3/data/vcs/boost-unordered-documentation/bud_02/doc/modules/ROOT/pages/intro_zh_Hans.adoc'] as user01 <user01@weblate.com>
[2025-10-23 18:21:26,484: INFO/31792] boost-unordered-documentation/bud_02: checking triggered alerts
[2025-10-23 18:21:26,485: DEBUG/31792] git: failure fatal: bad revision 'Giggly19890103/bud-branch-02..'
 (128)
[2025-10-23 18:21:26,485: DEBUG/31792] git: failure fatal: bad revision 'Giggly19890103/bud-branch-02..'
 (128)
[2025-10-23 18:21:26,491: DEBUG/31792] git: On branch develop
Your branch is ahead of 'origin/develop' by 3 commits.
  (use "git push" to publish your local commits)

nothing to commit, working tree clean

[2025-10-23 18:21:26,491: DEBUG/31792] git: On branch develop
Your branch is ahead of 'origin/develop' by 3 commits.
  (use "git push" to publish your local commits)

nothing to commit, working tree clean

[2025-10-23 18:21:26,494: DEBUG/31792] git: failure fatal: bad revision 'Giggly19890103/bud-branch-02..'
 (128)
[2025-10-23 18:21:26,494: DEBUG/31792] git: failure fatal: bad revision 'Giggly19890103/bud-branch-02..'
 (128)
[2025-10-23 18:21:26,498: DEBUG/31792] git: On branch develop
Your branch is ahead of 'origin/develop' by 3 commits.
  (use "git push" to publish your local commits)

nothing to commit, working tree clean

[2025-10-23 18:21:26,498: DEBUG/31792] git: On branch develop
Your branch is ahead of 'origin/develop' by 3 commits.
  (use "git push" to publish your local commits)

nothing to commit, working tree clean

[2025-10-23 18:21:26,501: INFO/31792] boost-unordered-documentation/bud_02: updating repository
[2025-10-23 18:21:36,710: INFO/31792] boost-unordered-documentation/bud_02: update took 10.21 seconds
[2025-10-23 18:21:36,712: INFO/31792] boost-unordered-documentation/bud_02: repository up to date at 09d6416755cda0d46d9d60f9c00c6d4267b98c61
[2025-10-23 18:21:36,723: INFO/31792] boost-unordered-documentation/bud_02: pushing to remote repo
[2025-10-23 18:21:41,644: DEBUG/31792] git: HTTP post https://api.github.com/repos/Giggly19890103/unordered/pulls
[2025-10-23 18:21:41,644: DEBUG/31792] git: HTTP post https://api.github.com/repos/Giggly19890103/unordered/pulls
[2025-10-23 18:21:43,460: DEBUG/31792] git: Validation Failed
[2025-10-23 18:21:43,460: DEBUG/31792] git: Validation Failed
[2025-10-23 18:21:43,460: DEBUG/31792] git: A pull request already exists for Giggly19890103:bud-branch-02.
[2025-10-23 18:21:43,460: DEBUG/31792] git: A pull request already exists for Giggly19890103:bud-branch-02.
[2025-10-23 18:21:43,516: DEBUG/31792] boost-unordered-documentation/bud_02/zh_Hans: updating stats <LanguageStats:stats-Language-769>
[2025-10-23 18:21:43,517: DEBUG/31792] boost-unordered-documentation/bud_02/zh_Hans: updating stats <ProjectLanguageStats:stats-Project-16-769>
[2025-10-23 18:21:43,519: DEBUG/31792] boost-unordered-documentation/bud_02/zh_Hans: updating stats <ComponentStats:stats-Component-20>
[2025-10-23 18:21:43,520: DEBUG/31792] boost-unordered-documentation/bud_02/zh_Hans: updating stats <ProjectStats:stats-Project-16>
[2025-10-23 18:21:43,523: DEBUG/31792] boost-unordered-documentation/bud_02/zh_Hans: updating stats <GlobalStats:stats-global>
[23/Oct/2025 18:21:43] "POST /commit/boost-unordered-documentation/bud_02/zh_Hans/ HTTP/1.1" 302 0
[2025-10-23 18:21:43,648: DEBUG/31792] boost-unordered-documentation/bud_02/zh_Hans: skipping update of <LanguageStats:stats-Language-769>
[2025-10-23 18:21:43,648: DEBUG/31792] boost-unordered-documentation/bud_02/zh_Hans: skipping update of <ProjectLanguageStats:stats-Project-16-769>
[2025-10-23 18:21:43,648: DEBUG/31792] boost-unordered-documentation/bud_02/zh_Hans: skipping update of <ComponentStats:stats-Component-20>
[2025-10-23 18:21:43,648: DEBUG/31792] boost-unordered-documentation/bud_02/zh_Hans: skipping update of <ProjectStats:stats-Project-16>
[2025-10-23 18:21:43,648: DEBUG/31792] boost-unordered-documentation/bud_02/zh_Hans: skipping update of <GlobalStats:stats-global>
[2025-10-23 18:21:43,650: DEBUG/31792] boost-unordered-documentation/bud_02/zh_Hans: skipping update of <LanguageStats:stats-Language-769>
[2025-10-23 18:21:43,650: DEBUG/31792] boost-unordered-documentation/bud_02/zh_Hans: skipping update of <ProjectLanguageStats:stats-Project-16-769>
[2025-10-23 18:21:43,650: DEBUG/31792] boost-unordered-documentation/bud_02/zh_Hans: skipping update of <ComponentStats:stats-Component-20>
[2025-10-23 18:21:43,650: DEBUG/31792] boost-unordered-documentation/bud_02/zh_Hans: skipping update of <ProjectStats:stats-Project-16>
[2025-10-23 18:21:43,650: DEBUG/31792] boost-unordered-documentation/bud_02/zh_Hans: skipping update of <GlobalStats:stats-global>
[23/Oct/2025 18:21:43] "GET /projects/boost-unordered-documentation/bud_02/zh_Hans/ HTTP/1.1" 200 181851
[2025-10-23 18:21:43,789: DEBUG/31792] git: failure fatal: bad revision 'Giggly19890103/bud-branch-02..'
 (128)
[2025-10-23 18:21:43,789: DEBUG/31792] git: failure fatal: bad revision 'Giggly19890103/bud-branch-02..'
 (128)
[2025-10-23 18:21:43,793: DEBUG/31792] git: On branch develop
Your branch is ahead of 'origin/develop' by 3 commits.
  (use "git push" to publish your local commits)

nothing to commit, working tree clean

[2025-10-23 18:21:43,793: DEBUG/31792] git: On branch develop
Your branch is ahead of 'origin/develop' by 3 commits.
  (use "git push" to publish your local commits)

nothing to commit, working tree clean

[23/Oct/2025 18:21:43] "GET /js/git/boost-unordered-documentation/bud_02/zh_Hans/ HTTP/1.1" 200 22699
[23/Oct/2025 18:22:09] "GET /download/boost-unordered-documentation/bud_02/zh_Hans/ HTTP/1.1" 200 2973
[23/Oct/2025 18:22:58] "GET /download/boost-unordered-documentation/bud_02/zh_Hans/ HTTP/1.1" 304 0
[23/Oct/2025 18:25:05] "GET /browse/boost-unordered-documentation/bud_02/zh_Hans/ HTTP/1.1" 200 73412
[23/Oct/2025 18:25:06] "GET /translate/boost-unordered-documentation/bud_02/zh_Hans/?checksum=0fe293b9804e578a HTTP/1.1" 200 220671
[23/Oct/2025 18:25:07] "POST /js/translate/openai/782/ HTTP/1.1" 200 4746
[2025-10-23 18:25:12,644: DEBUG/31792] boost-unordered-documentation/bud_01/zh_Hans: updating stats <LanguageStats:stats-Language-769>
[2025-10-23 18:25:12,646: DEBUG/31792] boost-unordered-documentation/bud_01/zh_Hans: updating stats <ProjectLanguageStats:stats-Project-16-769>
[2025-10-23 18:25:12,647: DEBUG/31792] boost-unordered-documentation/bud_01/zh_Hans: updating stats <ComponentStats:stats-Component-17>
[2025-10-23 18:25:12,649: DEBUG/31792] boost-unordered-documentation/bud_01/zh_Hans: updating stats <ProjectStats:stats-Project-16>
[2025-10-23 18:25:12,652: DEBUG/31792] boost-unordered-documentation/bud_01/zh_Hans: updating stats <GlobalStats:stats-global>
[2025-10-23 18:25:12,665: DEBUG/31792] boost-unordered-documentation/intro/zh_Hans: updating stats <LanguageStats:stats-Language-769>
[2025-10-23 18:25:12,666: DEBUG/31792] boost-unordered-documentation/intro/zh_Hans: updating stats <ProjectLanguageStats:stats-Project-16-769>
[2025-10-23 18:25:12,668: DEBUG/31792] boost-unordered-documentation/intro/zh_Hans: updating stats <ComponentStats:stats-Component-19>
[2025-10-23 18:25:12,669: DEBUG/31792] boost-unordered-documentation/intro/zh_Hans: updating stats <ProjectStats:stats-Project-16>
[2025-10-23 18:25:12,670: DEBUG/31792] boost-unordered-documentation/intro/zh_Hans: updating stats <GlobalStats:stats-global>
[2025-10-23 18:25:12,726: DEBUG/31792] boost-unordered-documentation/bud_01/zh_Hans: updating stats <LanguageStats:stats-Language-769>
[2025-10-23 18:25:12,728: DEBUG/31792] boost-unordered-documentation/bud_01/zh_Hans: updating stats <ProjectLanguageStats:stats-Project-16-769>
[2025-10-23 18:25:12,730: DEBUG/31792] boost-unordered-documentation/bud_01/zh_Hans: updating stats <ComponentStats:stats-Component-17>
[2025-10-23 18:25:12,731: DEBUG/31792] boost-unordered-documentation/bud_01/zh_Hans: updating stats <ProjectStats:stats-Project-16>
[2025-10-23 18:25:12,735: DEBUG/31792] boost-unordered-documentation/bud_01/zh_Hans: updating stats <GlobalStats:stats-global>
[2025-10-23 18:25:12,747: DEBUG/31792] boost-unordered-documentation/intro/zh_Hans: updating stats <LanguageStats:stats-Language-769>
[2025-10-23 18:25:12,748: DEBUG/31792] boost-unordered-documentation/intro/zh_Hans: updating stats <ProjectLanguageStats:stats-Project-16-769>
[2025-10-23 18:25:12,750: DEBUG/31792] boost-unordered-documentation/intro/zh_Hans: updating stats <ComponentStats:stats-Component-19>
[2025-10-23 18:25:12,751: DEBUG/31792] boost-unordered-documentation/intro/zh_Hans: updating stats <ProjectStats:stats-Project-16>
[2025-10-23 18:25:12,753: DEBUG/31792] boost-unordered-documentation/intro/zh_Hans: updating stats <GlobalStats:stats-global>
[2025-10-23 18:25:12,766: DEBUG/31792] boost-unordered-documentation/bud_02/zh_Hans: updating stats <LanguageStats:stats-Language-769>
[2025-10-23 18:25:12,767: DEBUG/31792] boost-unordered-documentation/bud_02/zh_Hans: updating stats <ProjectLanguageStats:stats-Project-16-769>
[2025-10-23 18:25:12,769: DEBUG/31792] boost-unordered-documentation/bud_02/zh_Hans: updating stats <ComponentStats:stats-Component-20>
[2025-10-23 18:25:12,770: DEBUG/31792] boost-unordered-documentation/bud_02/zh_Hans: updating stats <ProjectStats:stats-Project-16>
[2025-10-23 18:25:12,775: DEBUG/31792] boost-unordered-documentation/bud_02/zh_Hans: updating stats <GlobalStats:stats-global>
[23/Oct/2025 18:25:12] "POST /translate/boost-unordered-documentation/bud_02/zh_Hans/?&offset=4 HTTP/1.1" 302 0
[23/Oct/2025 18:25:13] "GET /translate/boost-unordered-documentation/bud_02/zh_Hans/?&offset=4 HTTP/1.1" 200 224233
[23/Oct/2025 18:25:13] "POST /js/translate/openai/782/ HTTP/1.1" 200 4768
[2025-10-23 18:25:24,612: DEBUG/31792] boost-unordered-documentation/bud_02/zh_Hans: skipping update of <LanguageStats:stats-Language-769>
[2025-10-23 18:25:24,612: DEBUG/31792] boost-unordered-documentation/bud_02/zh_Hans: skipping update of <ProjectLanguageStats:stats-Project-16-769>
[2025-10-23 18:25:24,612: DEBUG/31792] boost-unordered-documentation/bud_02/zh_Hans: skipping update of <ComponentStats:stats-Component-20>
[2025-10-23 18:25:24,612: DEBUG/31792] boost-unordered-documentation/bud_02/zh_Hans: skipping update of <ProjectStats:stats-Project-16>
[2025-10-23 18:25:24,612: DEBUG/31792] boost-unordered-documentation/bud_02/zh_Hans: skipping update of <GlobalStats:stats-global>
[2025-10-23 18:25:24,614: DEBUG/31792] boost-unordered-documentation/bud_02/zh_Hans: skipping update of <LanguageStats:stats-Language-769>
[2025-10-23 18:25:24,614: DEBUG/31792] boost-unordered-documentation/bud_02/zh_Hans: skipping update of <ProjectLanguageStats:stats-Project-16-769>
[2025-10-23 18:25:24,615: DEBUG/31792] boost-unordered-documentation/bud_02/zh_Hans: skipping update of <ComponentStats:stats-Component-20>
[2025-10-23 18:25:24,615: DEBUG/31792] boost-unordered-documentation/bud_02/zh_Hans: skipping update of <ProjectStats:stats-Project-16>
[2025-10-23 18:25:24,615: DEBUG/31792] boost-unordered-documentation/bud_02/zh_Hans: skipping update of <GlobalStats:stats-global>
[23/Oct/2025 18:25:24] "GET /projects/boost-unordered-documentation/bud_02/zh_Hans/ HTTP/1.1" 200 183101
[2025-10-23 18:25:29,268: DEBUG/31792] git: failure fatal: bad revision 'Giggly19890103/bud-branch-02..'
 (128)
[2025-10-23 18:25:29,268: DEBUG/31792] git: failure fatal: bad revision 'Giggly19890103/bud-branch-02..'
 (128)
[2025-10-23 18:25:29,279: DEBUG/31792] git: On branch develop
Your branch is ahead of 'origin/develop' by 3 commits.
  (use "git push" to publish your local commits)

nothing to commit, working tree clean

[2025-10-23 18:25:29,279: DEBUG/31792] git: On branch develop
Your branch is ahead of 'origin/develop' by 3 commits.
  (use "git push" to publish your local commits)

nothing to commit, working tree clean

[23/Oct/2025 18:25:29] "GET /js/git/boost-unordered-documentation/bud_02/zh_Hans/ HTTP/1.1" 200 22690
[2025-10-23 18:25:31,060: INFO/31792] boost-unordered-documentation/bud_02/zh_Hans: committing 1 pending changes (commit)
[2025-10-23 18:25:31,063: WARNING/31792] String disappeared: UnitNotFoundError: Unit not found: <a href="https://en.wikipedia.org/wiki/Hash_table" target="_blank" rel="noopener">Hash tables</a> are extremely popular computer data structures and can be found under one form or another in virtually any programming language. Whereas other associative structures such as rb-trees (used in C++ by <code>std::set</code> and <code>std::map</code>) have logarithmic-time complexity for insertion and lookup, hash tables, if configured properly, perform these operations in constant time on average, and are generally much faster.
[2025-10-23 18:25:31,091: DEBUG/31792] boost-unordered-documentation/bud_02/zh_Hans: updating stats <LanguageStats:stats-Language-769>
[2025-10-23 18:25:31,093: DEBUG/31792] boost-unordered-documentation/bud_02/zh_Hans: updating stats <ProjectLanguageStats:stats-Project-16-769>
[2025-10-23 18:25:31,101: DEBUG/31792] boost-unordered-documentation/bud_02/zh_Hans: updating stats <ComponentStats:stats-Component-20>
[2025-10-23 18:25:31,103: DEBUG/31792] boost-unordered-documentation/bud_02/zh_Hans: updating stats <ProjectStats:stats-Project-16>
[2025-10-23 18:25:31,112: DEBUG/31792] boost-unordered-documentation/bud_02/zh_Hans: updating stats <GlobalStats:stats-global>
[23/Oct/2025 18:25:31] "POST /commit/boost-unordered-documentation/bud_02/zh_Hans/ HTTP/1.1" 302 0
[2025-10-23 18:25:31,240: DEBUG/31792] boost-unordered-documentation/bud_02/zh_Hans: skipping update of <LanguageStats:stats-Language-769>
[2025-10-23 18:25:31,240: DEBUG/31792] boost-unordered-documentation/bud_02/zh_Hans: skipping update of <ProjectLanguageStats:stats-Project-16-769>
[2025-10-23 18:25:31,240: DEBUG/31792] boost-unordered-documentation/bud_02/zh_Hans: skipping update of <ComponentStats:stats-Component-20>
[2025-10-23 18:25:31,240: DEBUG/31792] boost-unordered-documentation/bud_02/zh_Hans: skipping update of <ProjectStats:stats-Project-16>
[2025-10-23 18:25:31,241: DEBUG/31792] boost-unordered-documentation/bud_02/zh_Hans: skipping update of <GlobalStats:stats-global>
[2025-10-23 18:25:31,244: DEBUG/31792] boost-unordered-documentation/bud_02/zh_Hans: skipping update of <LanguageStats:stats-Language-769>
[2025-10-23 18:25:31,245: DEBUG/31792] boost-unordered-documentation/bud_02/zh_Hans: skipping update of <ProjectLanguageStats:stats-Project-16-769>
[2025-10-23 18:25:31,245: DEBUG/31792] boost-unordered-documentation/bud_02/zh_Hans: skipping update of <ComponentStats:stats-Component-20>
[2025-10-23 18:25:31,245: DEBUG/31792] boost-unordered-documentation/bud_02/zh_Hans: skipping update of <ProjectStats:stats-Project-16>
[2025-10-23 18:25:31,245: DEBUG/31792] boost-unordered-documentation/bud_02/zh_Hans: skipping update of <GlobalStats:stats-global>
[23/Oct/2025 18:25:31] "GET /projects/boost-unordered-documentation/bud_02/zh_Hans/ HTTP/1.1" 200 181795
[2025-10-23 18:25:31,457: DEBUG/31792] git: failure fatal: bad revision 'Giggly19890103/bud-branch-02..'
 (128)
[2025-10-23 18:25:31,457: DEBUG/31792] git: failure fatal: bad revision 'Giggly19890103/bud-branch-02..'
 (128)
[2025-10-23 18:25:31,464: DEBUG/31792] git: On branch develop
Your branch is ahead of 'origin/develop' by 3 commits.
  (use "git push" to publish your local commits)

nothing to commit, working tree clean

[2025-10-23 18:25:31,464: DEBUG/31792] git: On branch develop
Your branch is ahead of 'origin/develop' by 3 commits.
  (use "git push" to publish your local commits)

nothing to commit, working tree clean

[23/Oct/2025 18:25:31] "GET /js/git/boost-unordered-documentation/bud_02/zh_Hans/ HTTP/1.1" 200 22710
[23/Oct/2025 18:26:07] "GET /browse/boost-unordered-documentation/bud_02/zh_Hans/ HTTP/1.1" 200 73017
[23/Oct/2025 18:26:10] "GET /translate/boost-unordered-documentation/bud_02/zh_Hans/?checksum=0fe293b9804e578a HTTP/1.1" 200 225699
[23/Oct/2025 18:26:11] "POST /js/translate/openai/782/ HTTP/1.1" 200 4768
[2025-10-23 18:26:24,258: DEBUG/31792] boost-unordered-documentation/bud_01/zh_Hans: updating stats <LanguageStats:stats-Language-769>
[2025-10-23 18:26:24,262: DEBUG/31792] boost-unordered-documentation/bud_01/zh_Hans: updating stats <ProjectLanguageStats:stats-Project-16-769>
[2025-10-23 18:26:24,267: DEBUG/31792] boost-unordered-documentation/bud_01/zh_Hans: updating stats <ComponentStats:stats-Component-17>
[2025-10-23 18:26:24,268: DEBUG/31792] boost-unordered-documentation/bud_01/zh_Hans: updating stats <ProjectStats:stats-Project-16>
[2025-10-23 18:26:24,276: DEBUG/31792] boost-unordered-documentation/bud_01/zh_Hans: updating stats <GlobalStats:stats-global>
[2025-10-23 18:26:24,289: DEBUG/31792] boost-unordered-documentation/intro/zh_Hans: updating stats <LanguageStats:stats-Language-769>
[2025-10-23 18:26:24,289: DEBUG/31792] boost-unordered-documentation/intro/zh_Hans: updating stats <ProjectLanguageStats:stats-Project-16-769>
[2025-10-23 18:26:24,292: DEBUG/31792] boost-unordered-documentation/intro/zh_Hans: updating stats <ComponentStats:stats-Component-19>
[2025-10-23 18:26:24,293: DEBUG/31792] boost-unordered-documentation/intro/zh_Hans: updating stats <ProjectStats:stats-Project-16>
[2025-10-23 18:26:24,294: DEBUG/31792] boost-unordered-documentation/intro/zh_Hans: updating stats <GlobalStats:stats-global>
[2025-10-23 18:26:24,416: DEBUG/31792] boost-unordered-documentation/bud_02/zh_Hans: updating stats <LanguageStats:stats-Language-769>
[2025-10-23 18:26:24,418: DEBUG/31792] boost-unordered-documentation/bud_02/zh_Hans: updating stats <ProjectLanguageStats:stats-Project-16-769>
[2025-10-23 18:26:24,420: DEBUG/31792] boost-unordered-documentation/bud_02/zh_Hans: updating stats <ComponentStats:stats-Component-20>
[2025-10-23 18:26:24,421: DEBUG/31792] boost-unordered-documentation/bud_02/zh_Hans: updating stats <ProjectStats:stats-Project-16>
[2025-10-23 18:26:24,426: DEBUG/31792] boost-unordered-documentation/bud_02/zh_Hans: updating stats <GlobalStats:stats-global>
[23/Oct/2025 18:26:24] "POST /translate/boost-unordered-documentation/bud_02/zh_Hans/?&offset=4 HTTP/1.1" 302 0
[23/Oct/2025 18:26:24] "GET /translate/boost-unordered-documentation/bud_02/zh_Hans/?&offset=4 HTTP/1.1" 200 232472
[23/Oct/2025 18:26:24] "POST /js/translate/openai/782/ HTTP/1.1" 200 4757
[2025-10-23 18:26:26,682: DEBUG/31792] boost-unordered-documentation/bud_02/zh_Hans: skipping update of <LanguageStats:stats-Language-769>
[2025-10-23 18:26:26,683: DEBUG/31792] boost-unordered-documentation/bud_02/zh_Hans: skipping update of <ProjectLanguageStats:stats-Project-16-769>
[2025-10-23 18:26:26,683: DEBUG/31792] boost-unordered-documentation/bud_02/zh_Hans: skipping update of <ComponentStats:stats-Component-20>
[2025-10-23 18:26:26,683: DEBUG/31792] boost-unordered-documentation/bud_02/zh_Hans: skipping update of <ProjectStats:stats-Project-16>
[2025-10-23 18:26:26,683: DEBUG/31792] boost-unordered-documentation/bud_02/zh_Hans: skipping update of <GlobalStats:stats-global>
[2025-10-23 18:26:26,686: DEBUG/31792] boost-unordered-documentation/bud_02/zh_Hans: skipping update of <LanguageStats:stats-Language-769>
[2025-10-23 18:26:26,686: DEBUG/31792] boost-unordered-documentation/bud_02/zh_Hans: skipping update of <ProjectLanguageStats:stats-Project-16-769>
[2025-10-23 18:26:26,686: DEBUG/31792] boost-unordered-documentation/bud_02/zh_Hans: skipping update of <ComponentStats:stats-Component-20>
[2025-10-23 18:26:26,686: DEBUG/31792] boost-unordered-documentation/bud_02/zh_Hans: skipping update of <ProjectStats:stats-Project-16>
[2025-10-23 18:26:26,686: DEBUG/31792] boost-unordered-documentation/bud_02/zh_Hans: skipping update of <GlobalStats:stats-global>
[23/Oct/2025 18:26:26] "GET /projects/boost-unordered-documentation/bud_02/zh_Hans/ HTTP/1.1" 200 182637
[2025-10-23 18:26:28,751: DEBUG/31792] git: failure fatal: bad revision 'Giggly19890103/bud-branch-02..'
 (128)
[2025-10-23 18:26:28,751: DEBUG/31792] git: failure fatal: bad revision 'Giggly19890103/bud-branch-02..'
 (128)
[2025-10-23 18:26:28,755: DEBUG/31792] git: On branch develop
Your branch is ahead of 'origin/develop' by 3 commits.
  (use "git push" to publish your local commits)

nothing to commit, working tree clean

[2025-10-23 18:26:28,755: DEBUG/31792] git: On branch develop
Your branch is ahead of 'origin/develop' by 3 commits.
  (use "git push" to publish your local commits)

nothing to commit, working tree clean

[23/Oct/2025 18:26:28] "GET /js/git/boost-unordered-documentation/bud_02/zh_Hans/ HTTP/1.1" 200 22710
[23/Oct/2025 18:26:32] "GET /browse/boost-unordered-documentation/bud_02/zh_Hans/ HTTP/1.1" 200 73269
[23/Oct/2025 18:26:35] "GET /projects/boost-unordered-documentation/bud_02/zh_Hans/ HTTP/1.1" 200 182637
[2025-10-23 18:26:38,657: DEBUG/31792] git: failure fatal: bad revision 'Giggly19890103/bud-branch-02..'
 (128)
[2025-10-23 18:26:38,657: DEBUG/31792] git: failure fatal: bad revision 'Giggly19890103/bud-branch-02..'
 (128)
[2025-10-23 18:26:38,661: DEBUG/31792] git: On branch develop
Your branch is ahead of 'origin/develop' by 3 commits.
  (use "git push" to publish your local commits)

nothing to commit, working tree clean

[2025-10-23 18:26:38,661: DEBUG/31792] git: On branch develop
Your branch is ahead of 'origin/develop' by 3 commits.
  (use "git push" to publish your local commits)

nothing to commit, working tree clean

[23/Oct/2025 18:26:38] "GET /js/git/boost-unordered-documentation/bud_02/zh_Hans/ HTTP/1.1" 200 22710
[23/Oct/2025 18:27:23] "GET /download/boost-unordered-documentation/bud_02/zh_Hans/ HTTP/1.1" 200 3010
[23/Oct/2025 18:27:36] "GET /browse/boost-unordered-documentation/bud_02/zh_Hans/ HTTP/1.1" 200 73269
[23/Oct/2025 18:27:46] "GET /projects/boost-unordered-documentation/bud_02/zh_Hans/ HTTP/1.1" 200 182635
[23/Oct/2025 18:27:48] "GET /projects/boost-unordered-documentation/bud_02/ HTTP/1.1" 200 149015
[2025-10-23 18:27:50,927: DEBUG/31792] git: failure fatal: bad revision 'Giggly19890103/bud-branch-02..'
 (128)
[2025-10-23 18:27:50,927: DEBUG/31792] git: failure fatal: bad revision 'Giggly19890103/bud-branch-02..'
 (128)
[2025-10-23 18:27:50,932: DEBUG/31792] git: On branch develop
Your branch is ahead of 'origin/develop' by 3 commits.
  (use "git push" to publish your local commits)

nothing to commit, working tree clean

[2025-10-23 18:27:50,932: DEBUG/31792] git: On branch develop
Your branch is ahead of 'origin/develop' by 3 commits.
  (use "git push" to publish your local commits)

nothing to commit, working tree clean

[23/Oct/2025 18:27:50] "GET /js/git/boost-unordered-documentation/bud_02/ HTTP/1.1" 200 23199
[23/Oct/2025 18:27:52] "POST /commit/boost-unordered-documentation/bud_02/ HTTP/1.1" 302 0
[23/Oct/2025 18:27:52] "GET /projects/boost-unordered-documentation/bud_02/ HTTP/1.1" 200 149189
[2025-10-23 18:27:52,819: DEBUG/31792] git: failure fatal: bad revision 'Giggly19890103/bud-branch-02..'
 (128)
[2025-10-23 18:27:52,819: DEBUG/31792] git: failure fatal: bad revision 'Giggly19890103/bud-branch-02..'
 (128)
[2025-10-23 18:27:52,826: DEBUG/31792] git: On branch develop
Your branch is ahead of 'origin/develop' by 3 commits.
  (use "git push" to publish your local commits)

nothing to commit, working tree clean

[2025-10-23 18:27:52,826: DEBUG/31792] git: On branch develop
Your branch is ahead of 'origin/develop' by 3 commits.
  (use "git push" to publish your local commits)

nothing to commit, working tree clean

[23/Oct/2025 18:27:52] "GET /js/git/boost-unordered-documentation/bud_02/ HTTP/1.1" 200 23199
[23/Oct/2025 18:29:09] "GET /projects/boost-unordered-documentation/bud_02/ HTTP/1.1" 200 149017
[23/Oct/2025 18:29:09] "GET /static/CACHE/css/output.d297200a5246.css HTTP/1.1" 200 58581
[23/Oct/2025 18:29:09] "GET /static/CACHE/css/output.1fb5e26d1ea3.css HTTP/1.1" 200 148391
[23/Oct/2025 18:29:09] "GET /static/CACHE/js/output.5202965fe5d2.js HTTP/1.1" 200 647386
[23/Oct/2025 18:29:09] "GET /js/i18n/ HTTP/1.1" 200 3342
[23/Oct/2025 18:29:09] "GET /static/js/vendor/fonts/font-source/SourceSans3-Semibold.ttf.woff2?6a8dc80f61e0 HTTP/1.1" 200 108880
[23/Oct/2025 18:29:09] "GET /static/js/vendor/fonts/font-source/SourceSans3-Regular.ttf.woff2?bc36a0eee0bf HTTP/1.1" 200 109732
[23/Oct/2025 18:29:09] "GET /widget/boost-unordered-documentation/bud_02/svg-badge.svg?native=1 HTTP/1.1" 200 907
[23/Oct/2025 18:29:09] "GET /static/js/vendor/fonts/font-source/SourceCodePro-Regular.ttf.woff2?8badfe75c98d HTTP/1.1" 200 52228
[23/Oct/2025 18:29:09] "GET /static/js/vendor/fonts/font-source/SourceSans3-Bold.ttf.woff2?a2431e5b3f94 HTTP/1.1" 200 108508
[23/Oct/2025 18:29:11] "GET /avatar/24/user01.png HTTP/1.1" 200 541
[23/Oct/2025 18:29:11] "GET /static/logo-32.png HTTP/1.1" 200 1192
[23/Oct/2025 18:29:11] "GET /avatar/32/user01.png HTTP/1.1" 200 517
[23/Oct/2025 18:30:05] "GET /projects/boost-unordered-documentation/bud_02/zh_Hans/ HTTP/1.1" 200 182637
[23/Oct/2025 18:30:05] "GET /static/js/vendor/fonts/font-source/SourceSans3-It.ttf.woff2?9430b83af573 HTTP/1.1" 200 86360
[23/Oct/2025 18:30:07] "GET /browse/boost-unordered-documentation/bud_02/zh_Hans/ HTTP/1.1" 200 73269
Template store appended to: /tmp/debug_store.log
Saving content
Store appended to: /tmp/debug_store.log
Saving content
Store appended to: /tmp/debug_store.log
Template store appended to: /tmp/debug_store.log
Template store appended to: /tmp/debug_store.log
System check identified some issues:

WARNINGS:
?: (weblate.W033.Subversion) Failure in loading VCS module for Subversion: git: 'svn' is not a git command. See 'git --help'.

The most similar commands are
	fsck
	mv
	show
 (1)
	HINT: https://docs.weblate.org/en/weblate-5.13.3/vcs.html

System check identified 1 issue (1 silenced).
Performing system checks...

October 23, 2025 - 06:50:00 PM
Django version 5.2.7, using settings 'weblate.settings'
Starting development server at http://127.0.0.1:8000/
Quit the server with CONTROL-C.

WARNING: This is a development server. Do not use it in a production setting. Use a production WSGI or ASGI server instead.
For more information on production servers see: https://docs.djangoproject.com/en/5.2/howto/deployment/
System check identified some issues:

WARNINGS:
?: (weblate.W033.Subversion) Failure in loading VCS module for Subversion: git: 'svn' is not a git command. See 'git --help'.

The most similar commands are
	fsck
	mv
	show
 (1)
	HINT: https://docs.weblate.org/en/weblate-5.13.3/vcs.html

System check identified 1 issue (1 silenced).
Performing system checks...

October 23, 2025 - 06:50:06 PM
Django version 5.2.7, using settings 'weblate.settings'
Starting development server at http://127.0.0.1:8000/
Quit the server with CONTROL-C.

WARNING: This is a development server. Do not use it in a production setting. Use a production WSGI or ASGI server instead.
For more information on production servers see: https://docs.djangoproject.com/en/5.2/howto/deployment/
System check identified some issues:

WARNINGS:
?: (weblate.W033.Subversion) Failure in loading VCS module for Subversion: git: 'svn' is not a git command. See 'git --help'.

The most similar commands are
	fsck
	mv
	show
 (1)
	HINT: https://docs.weblate.org/en/weblate-5.13.3/vcs.html

System check identified 1 issue (1 silenced).
Performing system checks...

October 23, 2025 - 06:50:25 PM
Django version 5.2.7, using settings 'weblate.settings'
Starting development server at http://127.0.0.1:8000/
Quit the server with CONTROL-C.

WARNING: This is a development server. Do not use it in a production setting. Use a production WSGI or ASGI server instead.
For more information on production servers see: https://docs.djangoproject.com/en/5.2/howto/deployment/
System check identified some issues:

WARNINGS:
?: (weblate.W033.Subversion) Failure in loading VCS module for Subversion: git: 'svn' is not a git command. See 'git --help'.

The most similar commands are
	fsck
	mv
	show
 (1)
	HINT: https://docs.weblate.org/en/weblate-5.13.3/vcs.html

System check identified 1 issue (1 silenced).
Performing system checks...

October 23, 2025 - 06:51:15 PM
Django version 5.2.7, using settings 'weblate.settings'
Starting development server at http://127.0.0.1:8000/
Quit the server with CONTROL-C.

WARNING: This is a development server. Do not use it in a production setting. Use a production WSGI or ASGI server instead.
For more information on production servers see: https://docs.djangoproject.com/en/5.2/howto/deployment/
System check identified some issues:

WARNINGS:
?: (weblate.W033.Subversion) Failure in loading VCS module for Subversion: git: 'svn' is not a git command. See 'git --help'.

The most similar commands are
	fsck
	mv
	show
 (1)
	HINT: https://docs.weblate.org/en/weblate-5.13.3/vcs.html

System check identified 1 issue (1 silenced).
Performing system checks...

October 23, 2025 - 06:53:04 PM
Django version 5.2.7, using settings 'weblate.settings'
Starting development server at http://127.0.0.1:8000/
Quit the server with CONTROL-C.

WARNING: This is a development server. Do not use it in a production setting. Use a production WSGI or ASGI server instead.
For more information on production servers see: https://docs.djangoproject.com/en/5.2/howto/deployment/
System check identified some issues:

WARNINGS:
?: (weblate.W033.Subversion) Failure in loading VCS module for Subversion: git: 'svn' is not a git command. See 'git --help'.

The most similar commands are
	fsck
	mv
	show
 (1)
	HINT: https://docs.weblate.org/en/weblate-5.13.3/vcs.html

System check identified 1 issue (1 silenced).
Performing system checks...

October 23, 2025 - 06:54:44 PM
Django version 5.2.7, using settings 'weblate.settings'
Starting development server at http://127.0.0.1:8000/
Quit the server with CONTROL-C.

WARNING: This is a development server. Do not use it in a production setting. Use a production WSGI or ASGI server instead.
For more information on production servers see: https://docs.djangoproject.com/en/5.2/howto/deployment/
System check identified some issues:

WARNINGS:
?: (weblate.W033.Subversion) Failure in loading VCS module for Subversion: git: 'svn' is not a git command. See 'git --help'.

The most similar commands are
	fsck
	mv
	show
 (1)
	HINT: https://docs.weblate.org/en/weblate-5.13.3/vcs.html

System check identified 1 issue (1 silenced).
Performing system checks...

October 23, 2025 - 06:56:04 PM
Django version 5.2.7, using settings 'weblate.settings'
Starting development server at http://127.0.0.1:8000/
Quit the server with CONTROL-C.

WARNING: This is a development server. Do not use it in a production setting. Use a production WSGI or ASGI server instead.
For more information on production servers see: https://docs.djangoproject.com/en/5.2/howto/deployment/
System check identified some issues:

WARNINGS:
?: (weblate.W033.Subversion) Failure in loading VCS module for Subversion: git: 'svn' is not a git command. See 'git --help'.

The most similar commands are
	fsck
	mv
	show
 (1)
	HINT: https://docs.weblate.org/en/weblate-5.13.3/vcs.html

System check identified 1 issue (1 silenced).
Performing system checks...

October 23, 2025 - 06:56:23 PM
Django version 5.2.7, using settings 'weblate.settings'
Starting development server at http://127.0.0.1:8000/
Quit the server with CONTROL-C.

WARNING: This is a development server. Do not use it in a production setting. Use a production WSGI or ASGI server instead.
For more information on production servers see: https://docs.djangoproject.com/en/5.2/howto/deployment/
System check identified some issues:

WARNINGS:
?: (weblate.W033.Subversion) Failure in loading VCS module for Subversion: git: 'svn' is not a git command. See 'git --help'.

The most similar commands are
	fsck
	mv
	show
 (1)
	HINT: https://docs.weblate.org/en/weblate-5.13.3/vcs.html

System check identified 1 issue (1 silenced).
Performing system checks...

October 23, 2025 - 06:56:28 PM
Django version 5.2.7, using settings 'weblate.settings'
Starting development server at http://127.0.0.1:8000/
Quit the server with CONTROL-C.

WARNING: This is a development server. Do not use it in a production setting. Use a production WSGI or ASGI server instead.
For more information on production servers see: https://docs.djangoproject.com/en/5.2/howto/deployment/
System check identified some issues:

WARNINGS:
?: (weblate.W033.Subversion) Failure in loading VCS module for Subversion: git: 'svn' is not a git command. See 'git --help'.

The most similar commands are
	fsck
	mv
	show
 (1)
	HINT: https://docs.weblate.org/en/weblate-5.13.3/vcs.html

System check identified 1 issue (1 silenced).
Performing system checks...

October 23, 2025 - 06:56:53 PM
Django version 5.2.7, using settings 'weblate.settings'
Starting development server at http://127.0.0.1:8000/
Quit the server with CONTROL-C.

WARNING: This is a development server. Do not use it in a production setting. Use a production WSGI or ASGI server instead.
For more information on production servers see: https://docs.djangoproject.com/en/5.2/howto/deployment/
System check identified some issues:

WARNINGS:
?: (weblate.W033.Subversion) Failure in loading VCS module for Subversion: git: 'svn' is not a git command. See 'git --help'.

The most similar commands are
	fsck
	mv
	show
 (1)
	HINT: https://docs.weblate.org/en/weblate-5.13.3/vcs.html

System check identified 1 issue (1 silenced).
[23/Oct/2025 18:57:02] "GET /projects/boost-unordered-documentation/bud_02/ HTTP/1.1" 200 149029
[23/Oct/2025 18:57:05] "GET /projects/boost-unordered-documentation/ HTTP/1.1" 200 157939
[23/Oct/2025 18:57:05] "GET /widget/boost-unordered-documentation/svg-badge.svg?native=1 HTTP/1.1" 200 907
[23/Oct/2025 18:57:08] "GET /create/component/?project=16 HTTP/1.1" 200 236817
Performing system checks...

October 23, 2025 - 06:57:00 PM
Django version 5.2.7, using settings 'weblate.settings'
Starting development server at http://127.0.0.1:8000/
Quit the server with CONTROL-C.

WARNING: This is a development server. Do not use it in a production setting. Use a production WSGI or ASGI server instead.
For more information on production servers see: https://docs.djangoproject.com/en/5.2/howto/deployment/
System check identified some issues:

WARNINGS:
?: (weblate.W033.Subversion) Failure in loading VCS module for Subversion: git: 'svn' is not a git command. See 'git --help'.

The most similar commands are
	fsck
	mv
	show
 (1)
	HINT: https://docs.weblate.org/en/weblate-5.13.3/vcs.html

System check identified 1 issue (1 silenced).
[23/Oct/2025 18:58:14] "GET /create/component/ HTTP/1.1" 200 236991
[2025-10-23 18:58:27,164: INFO/38447] boost-unordered-documentation/bud_03: updating repository
[2025-10-23 18:58:27,167: DEBUG/38447] git: failure fatal: no such branch: 'master'
 (128)
[2025-10-23 18:58:27,167: DEBUG/38447] git: failure fatal: no such branch: 'master'
 (128)
[2025-10-23 18:58:27,177: DEBUG/38447] git: On branch master

No commits yet

nothing to commit (create/copy files and use "git add" to track)

[2025-10-23 18:58:27,177: DEBUG/38447] git: On branch master

No commits yet

nothing to commit (create/copy files and use "git add" to track)

[2025-10-23 18:58:39,345: INFO/38447] boost-unordered-documentation/bud_03: update took 12.18 seconds
[2025-10-23 18:58:39,345: DEBUG/38447] boost-unordered-documentation/bud_03: update: From github.com:Giggly19890103/unordered
[2025-10-23 18:58:39,345: DEBUG/38447] boost-unordered-documentation/bud_03: update:  * [new branch]      develop    -> origin/develop
[2025-10-23 18:58:39,347: DEBUG/38447] git: failure fatal: no such branch: 'master'
 (128)
[2025-10-23 18:58:39,347: DEBUG/38447] git: failure fatal: no such branch: 'master'
 (128)
[2025-10-23 18:58:39,349: DEBUG/38447] git: On branch master

No commits yet

nothing to commit (create/copy files and use "git add" to track)

[2025-10-23 18:58:39,349: DEBUG/38447] git: On branch master

No commits yet

nothing to commit (create/copy files and use "git add" to track)

[2025-10-23 18:58:39,425: INFO/38447] boost-unordered-documentation/bud_03: updating repository
[2025-10-23 18:58:49,308: INFO/38447] boost-unordered-documentation/bud_03: update took 9.88 seconds
[2025-10-23 18:58:49,310: INFO/38447] boost-unordered-documentation/bud_03: repository up to date at 09d6416755cda0d46d9d60f9c00c6d4267b98c61
[2025-10-23 18:58:49,426: INFO/38447] boost-unordered-documentation/bud_01: updating repository
[2025-10-23 18:58:59,965: INFO/38447] boost-unordered-documentation/bud_01: update took 10.54 seconds
[2025-10-23 18:58:59,966: DEBUG/38447] boost-unordered-documentation/bud_01: update: From github.com:Giggly19890103/unordered
[2025-10-23 18:58:59,966: DEBUG/38447] boost-unordered-documentation/bud_01: update:  * [new branch]      bud-branch-02 -> origin/bud-branch-02
[2025-10-23 18:58:59,968: INFO/38447] boost-unordered-documentation/bud_01: repository up to date at 09d6416755cda0d46d9d60f9c00c6d4267b98c61
[23/Oct/2025 18:59:00] "POST /create/component/vcs/ HTTP/1.1" 200 31299
[2025-10-23 19:00:13,151: INFO/38447] boost-unordered-documentation/bud_01: updating repository
[2025-10-23 19:00:23,322: INFO/38447] boost-unordered-documentation/bud_01: update took 10.17 seconds
[2025-10-23 19:00:23,325: INFO/38447] boost-unordered-documentation/bud_01: repository up to date at 09d6416755cda0d46d9d60f9c00c6d4267b98c61
[23/Oct/2025 19:00:23] "POST /create/component/vcs/ HTTP/1.1" 200 140194
[2025-10-23 19:01:39,845: INFO/38447] boost-unordered-documentation/bud_03: updating repository
[2025-10-23 19:01:50,077: INFO/38447] boost-unordered-documentation/bud_03: update took 10.23 seconds
[2025-10-23 19:01:50,079: INFO/38447] boost-unordered-documentation/bud_03: repository up to date at 09d6416755cda0d46d9d60f9c00c6d4267b98c61
[2025-10-23 19:01:50,084: INFO/38447] boost-unordered-documentation/bud_03: updating repository
[2025-10-23 19:02:00,319: INFO/38447] boost-unordered-documentation/bud_03: update took 10.24 seconds
[2025-10-23 19:02:00,322: INFO/38447] boost-unordered-documentation/bud_03: repository up to date at 09d6416755cda0d46d9d60f9c00c6d4267b98c61
[2025-10-23 19:02:00,604: INFO/38447] boost-unordered-documentation/bud_03: enabling addon weblate.flags.same_edit
[2025-10-23 19:02:00,623: DEBUG/38447] boost-unordered-documentation/bud_03: configuring events for weblate.flags.same_edit add-on
[2025-10-23 19:02:00,638: INFO/38447] boost-unordered-documentation/bud_03: enabling addon weblate.cleanup.generic
[2025-10-23 19:02:00,648: DEBUG/38447] boost-unordered-documentation/bud_03: configuring events for weblate.cleanup.generic add-on
[2025-10-23 19:02:00,666: INFO/38447] boost-unordered-documentation/bud_03: updating repository
[2025-10-23 19:02:11,445: INFO/38447] boost-unordered-documentation/bud_03: update took 10.78 seconds
[2025-10-23 19:02:11,446: DEBUG/38447] boost-unordered-documentation/bud_03: update: From github.com:Giggly19890103/unordered
[2025-10-23 19:02:11,447: DEBUG/38447] boost-unordered-documentation/bud_03: update:  * [new branch]      bud-branch-01 -> origin/bud-branch-01
[2025-10-23 19:02:11,447: DEBUG/38447] boost-unordered-documentation/bud_03: update:  * [new branch]      bud-branch-02 -> origin/bud-branch-02
[2025-10-23 19:02:11,451: INFO/38447] boost-unordered-documentation/bud_03: repository up to date at 09d6416755cda0d46d9d60f9c00c6d4267b98c61
[2025-10-23 19:02:11,491: INFO/38447] boost-unordered-documentation/bud_03: rebase remote into repo 09d6416755cda0d46d9d60f9c00c6d4267b98c61..09d6416755cda0d46d9d60f9c00c6d4267b98c61
[2025-10-23 19:02:11,494: DEBUG/38447] git: failure fatal: bad revision 'Giggly19890103/bud-branch-03..'
 (128)
[2025-10-23 19:02:11,494: DEBUG/38447] git: failure fatal: bad revision 'Giggly19890103/bud-branch-03..'
 (128)
[2025-10-23 19:02:11,506: DEBUG/38447] git: On branch develop
Your branch is up to date with 'origin/develop'.

nothing to commit, working tree clean

[2025-10-23 19:02:11,506: DEBUG/38447] git: On branch develop
Your branch is up to date with 'origin/develop'.

nothing to commit, working tree clean

[2025-10-23 19:02:11,585: DEBUG/38447] boost-unordered-documentation/bud_03: running Repository post-update add-on: weblate.cleanup.generic
[2025-10-23 19:02:11,593: DEBUG/38447] boost-unordered-documentation/bud_03: completed Repository post-update add-on: weblate.cleanup.generic
[2025-10-23 19:02:11,599: INFO/38447] boost-unordered-documentation/bud_03: checking doc/modules/ROOT/pages/intro.adoc (en) [1/1]
[2025-10-23 19:02:11,619: INFO/38447] boost-unordered-documentation/bud_03/en: processing doc/modules/ROOT/pages/intro.adoc, new file, 24 strings
[2025-10-23 19:02:11,625: DEBUG/38447] boost-unordered-documentation/bud_03/en: running Unit pre-create add-on: weblate.flags.same_edit
[2025-10-23 19:02:11,626: DEBUG/38447] boost-unordered-documentation/bud_03/en: completed Unit pre-create add-on: weblate.flags.same_edit
[2025-10-23 19:02:11,655: DEBUG/38447] boost-unordered-documentation/bud_03/en: running Unit pre-create add-on: weblate.flags.same_edit
[2025-10-23 19:02:11,655: DEBUG/38447] boost-unordered-documentation/bud_03/en: completed Unit pre-create add-on: weblate.flags.same_edit
[2025-10-23 19:02:11,674: DEBUG/38447] boost-unordered-documentation/bud_03/en: running Unit pre-create add-on: weblate.flags.same_edit
[2025-10-23 19:02:11,674: DEBUG/38447] boost-unordered-documentation/bud_03/en: completed Unit pre-create add-on: weblate.flags.same_edit
[2025-10-23 19:02:11,691: DEBUG/38447] boost-unordered-documentation/bud_03/en: running Unit pre-create add-on: weblate.flags.same_edit
[2025-10-23 19:02:11,691: DEBUG/38447] boost-unordered-documentation/bud_03/en: completed Unit pre-create add-on: weblate.flags.same_edit
[2025-10-23 19:02:11,708: DEBUG/38447] boost-unordered-documentation/bud_03/en: running Unit pre-create add-on: weblate.flags.same_edit
[2025-10-23 19:02:11,708: DEBUG/38447] boost-unordered-documentation/bud_03/en: completed Unit pre-create add-on: weblate.flags.same_edit
[2025-10-23 19:02:11,726: DEBUG/38447] boost-unordered-documentation/bud_03/en: running Unit pre-create add-on: weblate.flags.same_edit
[2025-10-23 19:02:11,726: DEBUG/38447] boost-unordered-documentation/bud_03/en: completed Unit pre-create add-on: weblate.flags.same_edit
[2025-10-23 19:02:11,742: DEBUG/38447] boost-unordered-documentation/bud_03/en: running Unit pre-create add-on: weblate.flags.same_edit
[2025-10-23 19:02:11,743: DEBUG/38447] boost-unordered-documentation/bud_03/en: completed Unit pre-create add-on: weblate.flags.same_edit
[2025-10-23 19:02:11,762: DEBUG/38447] boost-unordered-documentation/bud_03/en: running Unit pre-create add-on: weblate.flags.same_edit
[2025-10-23 19:02:11,762: DEBUG/38447] boost-unordered-documentation/bud_03/en: completed Unit pre-create add-on: weblate.flags.same_edit
[2025-10-23 19:02:11,781: DEBUG/38447] boost-unordered-documentation/bud_03/en: running Unit pre-create add-on: weblate.flags.same_edit
[2025-10-23 19:02:11,782: DEBUG/38447] boost-unordered-documentation/bud_03/en: completed Unit pre-create add-on: weblate.flags.same_edit
[2025-10-23 19:02:11,799: DEBUG/38447] boost-unordered-documentation/bud_03/en: running Unit pre-create add-on: weblate.flags.same_edit
[2025-10-23 19:02:11,799: DEBUG/38447] boost-unordered-documentation/bud_03/en: completed Unit pre-create add-on: weblate.flags.same_edit
[2025-10-23 19:02:11,816: DEBUG/38447] boost-unordered-documentation/bud_03/en: running Unit pre-create add-on: weblate.flags.same_edit
[2025-10-23 19:02:11,817: DEBUG/38447] boost-unordered-documentation/bud_03/en: completed Unit pre-create add-on: weblate.flags.same_edit
[2025-10-23 19:02:11,832: DEBUG/38447] boost-unordered-documentation/bud_03/en: running Unit pre-create add-on: weblate.flags.same_edit
[2025-10-23 19:02:11,832: DEBUG/38447] boost-unordered-documentation/bud_03/en: completed Unit pre-create add-on: weblate.flags.same_edit
[2025-10-23 19:02:11,848: DEBUG/38447] boost-unordered-documentation/bud_03/en: running Unit pre-create add-on: weblate.flags.same_edit
[2025-10-23 19:02:11,848: DEBUG/38447] boost-unordered-documentation/bud_03/en: completed Unit pre-create add-on: weblate.flags.same_edit
[2025-10-23 19:02:11,875: DEBUG/38447] boost-unordered-documentation/bud_03/en: running Unit pre-create add-on: weblate.flags.same_edit
[2025-10-23 19:02:11,876: DEBUG/38447] boost-unordered-documentation/bud_03/en: completed Unit pre-create add-on: weblate.flags.same_edit
[2025-10-23 19:02:11,897: DEBUG/38447] boost-unordered-documentation/bud_03/en: running Unit pre-create add-on: weblate.flags.same_edit
[2025-10-23 19:02:11,897: DEBUG/38447] boost-unordered-documentation/bud_03/en: completed Unit pre-create add-on: weblate.flags.same_edit
[2025-10-23 19:02:11,911: DEBUG/38447] boost-unordered-documentation/bud_03/en: running Unit pre-create add-on: weblate.flags.same_edit
[2025-10-23 19:02:11,911: DEBUG/38447] boost-unordered-documentation/bud_03/en: completed Unit pre-create add-on: weblate.flags.same_edit
[2025-10-23 19:02:11,925: DEBUG/38447] boost-unordered-documentation/bud_03/en: running Unit pre-create add-on: weblate.flags.same_edit
[2025-10-23 19:02:11,925: DEBUG/38447] boost-unordered-documentation/bud_03/en: completed Unit pre-create add-on: weblate.flags.same_edit
[2025-10-23 19:02:11,940: DEBUG/38447] boost-unordered-documentation/bud_03/en: running Unit pre-create add-on: weblate.flags.same_edit
[2025-10-23 19:02:11,940: DEBUG/38447] boost-unordered-documentation/bud_03/en: completed Unit pre-create add-on: weblate.flags.same_edit
[2025-10-23 19:02:11,955: DEBUG/38447] boost-unordered-documentation/bud_03/en: running Unit pre-create add-on: weblate.flags.same_edit
[2025-10-23 19:02:11,955: DEBUG/38447] boost-unordered-documentation/bud_03/en: completed Unit pre-create add-on: weblate.flags.same_edit
[2025-10-23 19:02:11,971: DEBUG/38447] boost-unordered-documentation/bud_03/en: running Unit pre-create add-on: weblate.flags.same_edit
[2025-10-23 19:02:11,972: DEBUG/38447] boost-unordered-documentation/bud_03/en: completed Unit pre-create add-on: weblate.flags.same_edit
[2025-10-23 19:02:11,990: DEBUG/38447] boost-unordered-documentation/bud_03/en: running Unit pre-create add-on: weblate.flags.same_edit
[2025-10-23 19:02:11,990: DEBUG/38447] boost-unordered-documentation/bud_03/en: completed Unit pre-create add-on: weblate.flags.same_edit
[2025-10-23 19:02:12,008: DEBUG/38447] boost-unordered-documentation/bud_03/en: running Unit pre-create add-on: weblate.flags.same_edit
[2025-10-23 19:02:12,008: DEBUG/38447] boost-unordered-documentation/bud_03/en: completed Unit pre-create add-on: weblate.flags.same_edit
[2025-10-23 19:02:12,029: DEBUG/38447] boost-unordered-documentation/bud_03/en: running Unit pre-create add-on: weblate.flags.same_edit
[2025-10-23 19:02:12,029: DEBUG/38447] boost-unordered-documentation/bud_03/en: completed Unit pre-create add-on: weblate.flags.same_edit
[2025-10-23 19:02:12,052: DEBUG/38447] boost-unordered-documentation/bud_03/en: running Unit pre-create add-on: weblate.flags.same_edit
[2025-10-23 19:02:12,052: DEBUG/38447] boost-unordered-documentation/bud_03/en: completed Unit pre-create add-on: weblate.flags.same_edit
[2025-10-23 19:02:12,072: INFO/38447] boost-unordered-documentation/bud_03/en: updating completed
[2025-10-23 19:02:12,129: INFO/38447] boost-unordered-documentation/bud_03: checking triggered alerts
[2025-10-23 19:02:12,129: INFO/38447] boost-unordered-documentation/bud_03: running source checks for 24 strings
[2025-10-23 19:02:12,184: INFO/38447] boost-unordered-documentation/bud_03: updating stats caches
[2025-10-23 19:02:12,199: DEBUG/38447] boost-unordered-documentation/bud_03: updating stats <ProjectStats:stats-Project-16>
[2025-10-23 19:02:12,204: DEBUG/38447] boost-unordered-documentation/bud_03: updating stats <GlobalStats:stats-global>
[2025-10-23 19:02:12,206: DEBUG/38447] boost-unordered-documentation/bud_03: updating stats <LanguageStats:stats-Language-179>
[2025-10-23 19:02:12,207: DEBUG/38447] boost-unordered-documentation/bud_03: updating stats <ProjectLanguageStats:stats-Project-16-179>
[2025-10-23 19:02:12,214: INFO/38447] boost-unordered-documentation/bud_03: updating completed
[2025-10-23 19:02:12,269: INFO/38447] sending notification NewAlertNotificaton on Boost Unordered Documentation/BUD_03 to user01@weblate.com
[2025-10-23 19:02:12,308: DEBUG/38447] sending e-mail to user01@weblate.com
[2025-10-23 19:02:12,323: DEBUG/38447] SMTP completed (250): OK id=1vC0Zf-00000000A7g-0E6W
[2025-10-23 19:02:12,528: DEBUG/38447] boost-unordered-documentation/bud_03: triggering add-on: weblate.flags.same_edit
[2025-10-23 19:02:12,532: DEBUG/38447] boost-unordered-documentation/bud_03: triggering add-on: weblate.cleanup.generic
[2025-10-23 19:02:12,537: DEBUG/38447] boost-unordered-documentation/bud_03: running post_update add-on: weblate.cleanup.generic
[2025-10-23 19:02:12,552: INFO/38447] boost-unordered-documentation/bud_03: updating translation memory
[2025-10-23 19:02:12,585: INFO/38447] boost-unordered-documentation/bud_03: Component created (user01)
[23/Oct/2025 19:02:12] "POST /create/component/vcs/ HTTP/1.1" 302 0
[23/Oct/2025 19:02:12] "GET /progress/boost-unordered-documentation/bud_03/ HTTP/1.1" 302 0
[23/Oct/2025 19:02:12] "GET /guide/boost-unordered-documentation/bud_03/ HTTP/1.1" 200 39493
[23/Oct/2025 19:02:12] "GET /widget/boost-unordered-documentation/bud_03/svg-badge.svg?native=1 HTTP/1.1" 200 905
[23/Oct/2025 19:02:15] "GET /projects/boost-unordered-documentation/bud_03/ HTTP/1.1" 200 146116
[23/Oct/2025 19:02:17] "GET /new-lang/boost-unordered-documentation/bud_03/ HTTP/1.1" 200 64363
[2025-10-23 19:02:23,597: DEBUG/38447] boost-unordered-documentation/bud_03/zh_Hans: running Repository pre-commit add-on: weblate.cleanup.generic
[2025-10-23 19:02:24,230: DEBUG/38447] boost-unordered-documentation/bud_03/zh_Hans: completed Repository pre-commit add-on: weblate.cleanup.generic
[2025-10-23 19:02:24,256: DEBUG/38447] git: failure fatal: bad revision 'Giggly19890103/bud-branch-03..'
 (128)
[2025-10-23 19:02:24,256: DEBUG/38447] git: failure fatal: bad revision 'Giggly19890103/bud-branch-03..'
 (128)
[2025-10-23 19:02:24,263: DEBUG/38447] git: On branch develop
Your branch is ahead of 'origin/develop' by 1 commit.
  (use "git push" to publish your local commits)

nothing to commit, working tree clean

[2025-10-23 19:02:24,263: DEBUG/38447] git: On branch develop
Your branch is ahead of 'origin/develop' by 1 commit.
  (use "git push" to publish your local commits)

nothing to commit, working tree clean

[2025-10-23 19:02:24,266: DEBUG/38447] git: failure fatal: bad revision 'Giggly19890103/bud-branch-03..'
 (128)
[2025-10-23 19:02:24,266: DEBUG/38447] git: failure fatal: bad revision 'Giggly19890103/bud-branch-03..'
 (128)
[2025-10-23 19:02:24,271: DEBUG/38447] git: On branch develop
Your branch is ahead of 'origin/develop' by 1 commit.
  (use "git push" to publish your local commits)

nothing to commit, working tree clean

[2025-10-23 19:02:24,271: DEBUG/38447] git: On branch develop
Your branch is ahead of 'origin/develop' by 1 commit.
  (use "git push" to publish your local commits)

nothing to commit, working tree clean

[2025-10-23 19:02:24,274: INFO/38447] boost-unordered-documentation/bud_03: updating repository
[2025-10-23 19:02:34,372: INFO/38447] boost-unordered-documentation/bud_03: update took 10.10 seconds
[2025-10-23 19:02:34,374: INFO/38447] boost-unordered-documentation/bud_03: repository up to date at 09d6416755cda0d46d9d60f9c00c6d4267b98c61
[2025-10-23 19:02:34,385: INFO/38447] boost-unordered-documentation/bud_03: pushing to remote repo
[2025-10-23 19:02:39,394: DEBUG/38447] git: HTTP post https://api.github.com/repos/Giggly19890103/unordered/pulls
[2025-10-23 19:02:39,394: DEBUG/38447] git: HTTP post https://api.github.com/repos/Giggly19890103/unordered/pulls
[2025-10-23 19:02:41,921: INFO/38447] boost-unordered-documentation/bud_03/zh_Hans: committed ['/home/dsf2eqw3/Documents/weblate-weblate-5.13.3/data/vcs/boost-unordered-documentation/bud_03/doc/modules/ROOT/pages/intro_zh_Hans.adoc'] as user01 <user01@weblate.com>
[2025-10-23 19:02:41,929: INFO/38447] boost-unordered-documentation/bud_03/zh_Hans: Language added (user01)
[2025-10-23 19:02:41,931: INFO/38447] boost-unordered-documentation/bud_03: checking doc/modules/ROOT/pages/intro.adoc (en) [1/2]
[2025-10-23 19:02:41,940: INFO/38447] boost-unordered-documentation/bud_03: checking doc/modules/ROOT/pages/intro_zh_Hans.adoc (zh_Hans) [2/2]
[2025-10-23 19:02:41,961: INFO/38447] boost-unordered-documentation/bud_03/zh_Hans: processing doc/modules/ROOT/pages/intro_zh_Hans.adoc, new file, 24 strings
[2025-10-23 19:02:41,974: DEBUG/38447] boost-unordered-documentation/bud_03/zh_Hans: running Unit pre-create add-on: weblate.flags.same_edit
[2025-10-23 19:02:41,976: DEBUG/38447] boost-unordered-documentation/bud_03/zh_Hans: completed Unit pre-create add-on: weblate.flags.same_edit
[2025-10-23 19:02:41,987: DEBUG/38447] boost-unordered-documentation/bud_03/zh_Hans: running Unit pre-create add-on: weblate.flags.same_edit
[2025-10-23 19:02:41,988: DEBUG/38447] boost-unordered-documentation/bud_03/zh_Hans: completed Unit pre-create add-on: weblate.flags.same_edit
[2025-10-23 19:02:41,991: DEBUG/38447] boost-unordered-documentation/bud_03/zh_Hans: running Unit pre-create add-on: weblate.flags.same_edit
[2025-10-23 19:02:41,992: DEBUG/38447] boost-unordered-documentation/bud_03/zh_Hans: completed Unit pre-create add-on: weblate.flags.same_edit
[2025-10-23 19:02:41,995: DEBUG/38447] boost-unordered-documentation/bud_03/zh_Hans: running Unit pre-create add-on: weblate.flags.same_edit
[2025-10-23 19:02:41,995: DEBUG/38447] boost-unordered-documentation/bud_03/zh_Hans: completed Unit pre-create add-on: weblate.flags.same_edit
[2025-10-23 19:02:42,002: DEBUG/38447] boost-unordered-documentation/bud_03/zh_Hans: running Unit pre-create add-on: weblate.flags.same_edit
[2025-10-23 19:02:42,002: DEBUG/38447] boost-unordered-documentation/bud_03/zh_Hans: completed Unit pre-create add-on: weblate.flags.same_edit
[2025-10-23 19:02:42,005: DEBUG/38447] boost-unordered-documentation/bud_03/zh_Hans: running Unit pre-create add-on: weblate.flags.same_edit
[2025-10-23 19:02:42,006: DEBUG/38447] boost-unordered-documentation/bud_03/zh_Hans: completed Unit pre-create add-on: weblate.flags.same_edit
[2025-10-23 19:02:42,008: DEBUG/38447] boost-unordered-documentation/bud_03/zh_Hans: running Unit pre-create add-on: weblate.flags.same_edit
[2025-10-23 19:02:42,008: DEBUG/38447] boost-unordered-documentation/bud_03/zh_Hans: completed Unit pre-create add-on: weblate.flags.same_edit
[2025-10-23 19:02:42,010: DEBUG/38447] boost-unordered-documentation/bud_03/zh_Hans: running Unit pre-create add-on: weblate.flags.same_edit
[2025-10-23 19:02:42,011: DEBUG/38447] boost-unordered-documentation/bud_03/zh_Hans: completed Unit pre-create add-on: weblate.flags.same_edit
[2025-10-23 19:02:42,013: DEBUG/38447] boost-unordered-documentation/bud_03/zh_Hans: running Unit pre-create add-on: weblate.flags.same_edit
[2025-10-23 19:02:42,013: DEBUG/38447] boost-unordered-documentation/bud_03/zh_Hans: completed Unit pre-create add-on: weblate.flags.same_edit
[2025-10-23 19:02:42,016: DEBUG/38447] boost-unordered-documentation/bud_03/zh_Hans: running Unit pre-create add-on: weblate.flags.same_edit
[2025-10-23 19:02:42,016: DEBUG/38447] boost-unordered-documentation/bud_03/zh_Hans: completed Unit pre-create add-on: weblate.flags.same_edit
[2025-10-23 19:02:42,017: DEBUG/38447] boost-unordered-documentation/bud_03/zh_Hans: running Unit pre-create add-on: weblate.flags.same_edit
[2025-10-23 19:02:42,018: DEBUG/38447] boost-unordered-documentation/bud_03/zh_Hans: completed Unit pre-create add-on: weblate.flags.same_edit
[2025-10-23 19:02:42,019: DEBUG/38447] boost-unordered-documentation/bud_03/zh_Hans: running Unit pre-create add-on: weblate.flags.same_edit
[2025-10-23 19:02:42,019: DEBUG/38447] boost-unordered-documentation/bud_03/zh_Hans: completed Unit pre-create add-on: weblate.flags.same_edit
[2025-10-23 19:02:42,021: DEBUG/38447] boost-unordered-documentation/bud_03/zh_Hans: running Unit pre-create add-on: weblate.flags.same_edit
[2025-10-23 19:02:42,021: DEBUG/38447] boost-unordered-documentation/bud_03/zh_Hans: completed Unit pre-create add-on: weblate.flags.same_edit
[2025-10-23 19:02:42,023: DEBUG/38447] boost-unordered-documentation/bud_03/zh_Hans: running Unit pre-create add-on: weblate.flags.same_edit
[2025-10-23 19:02:42,023: DEBUG/38447] boost-unordered-documentation/bud_03/zh_Hans: completed Unit pre-create add-on: weblate.flags.same_edit
[2025-10-23 19:02:42,024: DEBUG/38447] boost-unordered-documentation/bud_03/zh_Hans: running Unit pre-create add-on: weblate.flags.same_edit
[2025-10-23 19:02:42,024: DEBUG/38447] boost-unordered-documentation/bud_03/zh_Hans: completed Unit pre-create add-on: weblate.flags.same_edit
[2025-10-23 19:02:42,026: DEBUG/38447] boost-unordered-documentation/bud_03/zh_Hans: running Unit pre-create add-on: weblate.flags.same_edit
[2025-10-23 19:02:42,026: DEBUG/38447] boost-unordered-documentation/bud_03/zh_Hans: completed Unit pre-create add-on: weblate.flags.same_edit
[2025-10-23 19:02:42,028: DEBUG/38447] boost-unordered-documentation/bud_03/zh_Hans: running Unit pre-create add-on: weblate.flags.same_edit
[2025-10-23 19:02:42,028: DEBUG/38447] boost-unordered-documentation/bud_03/zh_Hans: completed Unit pre-create add-on: weblate.flags.same_edit
[2025-10-23 19:02:42,032: DEBUG/38447] boost-unordered-documentation/bud_03/zh_Hans: running Unit pre-create add-on: weblate.flags.same_edit
[2025-10-23 19:02:42,032: DEBUG/38447] boost-unordered-documentation/bud_03/zh_Hans: completed Unit pre-create add-on: weblate.flags.same_edit
[2025-10-23 19:02:42,035: DEBUG/38447] boost-unordered-documentation/bud_03/zh_Hans: running Unit pre-create add-on: weblate.flags.same_edit
[2025-10-23 19:02:42,035: DEBUG/38447] boost-unordered-documentation/bud_03/zh_Hans: completed Unit pre-create add-on: weblate.flags.same_edit
[2025-10-23 19:02:42,037: DEBUG/38447] boost-unordered-documentation/bud_03/zh_Hans: running Unit pre-create add-on: weblate.flags.same_edit
[2025-10-23 19:02:42,037: DEBUG/38447] boost-unordered-documentation/bud_03/zh_Hans: completed Unit pre-create add-on: weblate.flags.same_edit
[2025-10-23 19:02:42,039: DEBUG/38447] boost-unordered-documentation/bud_03/zh_Hans: running Unit pre-create add-on: weblate.flags.same_edit
[2025-10-23 19:02:42,040: DEBUG/38447] boost-unordered-documentation/bud_03/zh_Hans: completed Unit pre-create add-on: weblate.flags.same_edit
[2025-10-23 19:02:42,043: DEBUG/38447] boost-unordered-documentation/bud_03/zh_Hans: running Unit pre-create add-on: weblate.flags.same_edit
[2025-10-23 19:02:42,043: DEBUG/38447] boost-unordered-documentation/bud_03/zh_Hans: completed Unit pre-create add-on: weblate.flags.same_edit
[2025-10-23 19:02:42,045: DEBUG/38447] boost-unordered-documentation/bud_03/zh_Hans: running Unit pre-create add-on: weblate.flags.same_edit
[2025-10-23 19:02:42,045: DEBUG/38447] boost-unordered-documentation/bud_03/zh_Hans: completed Unit pre-create add-on: weblate.flags.same_edit
[2025-10-23 19:02:42,047: DEBUG/38447] boost-unordered-documentation/bud_03/zh_Hans: running Unit pre-create add-on: weblate.flags.same_edit
[2025-10-23 19:02:42,048: DEBUG/38447] boost-unordered-documentation/bud_03/zh_Hans: completed Unit pre-create add-on: weblate.flags.same_edit
[2025-10-23 19:02:42,053: INFO/38447] boost-unordered-documentation/bud_03/zh_Hans: updating completed
[2025-10-23 19:02:42,055: INFO/38447] boost-unordered-documentation/bud_03: checking triggered alerts
[2025-10-23 19:02:42,055: INFO/38447] boost-unordered-documentation/bud_03: running source checks for 5 strings
[2025-10-23 19:02:42,071: INFO/38447] boost-unordered-documentation/bud_03: batch updating check translated
[2025-10-23 19:02:42,075: INFO/38447] boost-unordered-documentation/bud_03: batch updating check inconsistent
[2025-10-23 19:02:42,128: INFO/38447] boost-unordered-documentation/bud_03: updating completed
[2025-10-23 19:02:42,141: DEBUG/38447] boost-unordered-documentation/bud_03/zh_Hans: updating stats <LanguageStats:stats-Language-769>
[2025-10-23 19:02:42,146: DEBUG/38447] boost-unordered-documentation/bud_03/zh_Hans: updating stats <ProjectLanguageStats:stats-Project-16-769>
[2025-10-23 19:02:42,151: DEBUG/38447] boost-unordered-documentation/bud_03/zh_Hans: updating stats <ComponentStats:stats-Component-21>
[2025-10-23 19:02:42,157: DEBUG/38447] boost-unordered-documentation/bud_03/zh_Hans: updating stats <ProjectStats:stats-Project-16>
[2025-10-23 19:02:42,164: DEBUG/38447] boost-unordered-documentation/bud_03/zh_Hans: updating stats <GlobalStats:stats-global>
[2025-10-23 19:02:42,173: DEBUG/38447] boost-unordered-documentation/bud_03/zh_Hans: skipping update of <LanguageStats:stats-Language-769>
[2025-10-23 19:02:42,173: DEBUG/38447] boost-unordered-documentation/bud_03/zh_Hans: skipping update of <ProjectLanguageStats:stats-Project-16-769>
[2025-10-23 19:02:42,173: DEBUG/38447] boost-unordered-documentation/bud_03/zh_Hans: skipping update of <ComponentStats:stats-Component-21>
[2025-10-23 19:02:42,173: DEBUG/38447] boost-unordered-documentation/bud_03/zh_Hans: skipping update of <ProjectStats:stats-Project-16>
[2025-10-23 19:02:42,173: DEBUG/38447] boost-unordered-documentation/bud_03/zh_Hans: skipping update of <GlobalStats:stats-global>
[2025-10-23 19:02:42,273: DEBUG/38447] boost-unordered-documentation/bud_03/zh_Hans: updating stats <LanguageStats:stats-Language-769>
[2025-10-23 19:02:42,273: DEBUG/38447] boost-unordered-documentation/bud_03/zh_Hans: updating stats <ProjectLanguageStats:stats-Project-16-769>
[2025-10-23 19:02:42,277: DEBUG/38447] boost-unordered-documentation/bud_03/zh_Hans: updating stats <ComponentStats:stats-Component-21>
[2025-10-23 19:02:42,277: DEBUG/38447] boost-unordered-documentation/bud_03/zh_Hans: updating stats <ProjectStats:stats-Project-16>
[2025-10-23 19:02:42,280: DEBUG/38447] boost-unordered-documentation/bud_03/zh_Hans: updating stats <GlobalStats:stats-global>
[2025-10-23 19:02:42,405: INFO/38447] boost-unordered-documentation/bud_03: updating stats caches
[2025-10-23 19:02:42,432: DEBUG/38447] boost-unordered-documentation/bud_03: skipping update of <ProjectStats:stats-Project-16>
[2025-10-23 19:02:42,432: DEBUG/38447] boost-unordered-documentation/bud_03: skipping update of <GlobalStats:stats-global>
[2025-10-23 19:02:42,433: DEBUG/38447] boost-unordered-documentation/bud_03: updating stats <LanguageStats:stats-Language-179>
[2025-10-23 19:02:42,435: DEBUG/38447] boost-unordered-documentation/bud_03: updating stats <ProjectLanguageStats:stats-Project-16-179>
[2025-10-23 19:02:42,438: DEBUG/38447] boost-unordered-documentation/bud_03: skipping update of <LanguageStats:stats-Language-769>
[2025-10-23 19:02:42,439: DEBUG/38447] boost-unordered-documentation/bud_03: skipping update of <ProjectLanguageStats:stats-Project-16-769>
[2025-10-23 19:02:42,439: INFO/38447] boost-unordered-documentation/bud_01: updating stats caches
[2025-10-23 19:02:42,488: DEBUG/38447] boost-unordered-documentation/bud_01: updating stats <ProjectStats:stats-Project-16>
[2025-10-23 19:02:42,499: DEBUG/38447] boost-unordered-documentation/bud_01: updating stats <GlobalStats:stats-global>
[2025-10-23 19:02:42,504: DEBUG/38447] boost-unordered-documentation/bud_01: updating stats <LanguageStats:stats-Language-769>
[2025-10-23 19:02:42,506: DEBUG/38447] boost-unordered-documentation/bud_01: updating stats <ProjectLanguageStats:stats-Project-16-769>
[2025-10-23 19:02:42,509: DEBUG/38447] boost-unordered-documentation/bud_01: updating stats <LanguageStats:stats-Language-179>
[2025-10-23 19:02:42,511: DEBUG/38447] boost-unordered-documentation/bud_01: updating stats <ProjectLanguageStats:stats-Project-16-179>
[2025-10-23 19:02:42,513: INFO/38447] boost-unordered-documentation/bud_02: updating stats caches
[2025-10-23 19:02:42,537: DEBUG/38447] boost-unordered-documentation/bud_02: updating stats <ProjectStats:stats-Project-16>
[2025-10-23 19:02:42,539: DEBUG/38447] boost-unordered-documentation/bud_02: updating stats <GlobalStats:stats-global>
[2025-10-23 19:02:42,541: DEBUG/38447] boost-unordered-documentation/bud_02: updating stats <LanguageStats:stats-Language-179>
[2025-10-23 19:02:42,543: DEBUG/38447] boost-unordered-documentation/bud_02: updating stats <ProjectLanguageStats:stats-Project-16-179>
[2025-10-23 19:02:42,545: DEBUG/38447] boost-unordered-documentation/bud_02: updating stats <LanguageStats:stats-Language-191>
[2025-10-23 19:02:42,547: DEBUG/38447] boost-unordered-documentation/bud_02: updating stats <ProjectLanguageStats:stats-Project-16-191>
[2025-10-23 19:02:42,550: DEBUG/38447] boost-unordered-documentation/bud_02: updating stats <LanguageStats:stats-Language-769>
[2025-10-23 19:02:42,553: DEBUG/38447] boost-unordered-documentation/bud_02: updating stats <ProjectLanguageStats:stats-Project-16-769>
[2025-10-23 19:02:42,555: INFO/38447] boost-unordered-documentation/bud_03: updating stats caches
[2025-10-23 19:02:42,575: DEBUG/38447] boost-unordered-documentation/bud_03: updating stats <ProjectStats:stats-Project-16>
[2025-10-23 19:02:42,576: DEBUG/38447] boost-unordered-documentation/bud_03: updating stats <GlobalStats:stats-global>
[2025-10-23 19:02:42,578: DEBUG/38447] boost-unordered-documentation/bud_03: updating stats <LanguageStats:stats-Language-179>
[2025-10-23 19:02:42,580: DEBUG/38447] boost-unordered-documentation/bud_03: updating stats <ProjectLanguageStats:stats-Project-16-179>
[2025-10-23 19:02:42,582: DEBUG/38447] boost-unordered-documentation/bud_03: updating stats <LanguageStats:stats-Language-769>
[2025-10-23 19:02:42,584: DEBUG/38447] boost-unordered-documentation/bud_03: updating stats <ProjectLanguageStats:stats-Project-16-769>
[2025-10-23 19:02:42,586: INFO/38447] boost-unordered-documentation/intro: updating stats caches
[2025-10-23 19:02:42,602: DEBUG/38447] boost-unordered-documentation/intro: updating stats <ProjectStats:stats-Project-16>
[2025-10-23 19:02:42,604: DEBUG/38447] boost-unordered-documentation/intro: updating stats <GlobalStats:stats-global>
[2025-10-23 19:02:42,606: DEBUG/38447] boost-unordered-documentation/intro: updating stats <LanguageStats:stats-Language-179>
[2025-10-23 19:02:42,608: DEBUG/38447] boost-unordered-documentation/intro: updating stats <ProjectLanguageStats:stats-Project-16-179>
[2025-10-23 19:02:42,610: DEBUG/38447] boost-unordered-documentation/intro: updating stats <LanguageStats:stats-Language-769>
[2025-10-23 19:02:42,612: DEBUG/38447] boost-unordered-documentation/intro: updating stats <ProjectLanguageStats:stats-Project-16-769>
[23/Oct/2025 19:02:42] "POST /new-lang/boost-unordered-documentation/bud_03/ HTTP/1.1" 302 0
[2025-10-23 19:02:43,565: DEBUG/38447] boost-unordered-documentation/bud_03/zh_Hans: skipping update of <LanguageStats:stats-Language-769>
[2025-10-23 19:02:43,566: DEBUG/38447] boost-unordered-documentation/bud_03/zh_Hans: skipping update of <ProjectLanguageStats:stats-Project-16-769>
[2025-10-23 19:02:43,566: DEBUG/38447] boost-unordered-documentation/bud_03/zh_Hans: skipping update of <ComponentStats:stats-Component-21>
[2025-10-23 19:02:43,566: DEBUG/38447] boost-unordered-documentation/bud_03/zh_Hans: updating stats <ProjectStats:stats-Project-16>
[2025-10-23 19:02:43,573: DEBUG/38447] boost-unordered-documentation/bud_03/zh_Hans: updating stats <GlobalStats:stats-global>
[2025-10-23 19:02:43,588: DEBUG/38447] boost-unordered-documentation/bud_03/zh_Hans: skipping update of <LanguageStats:stats-Language-769>
[2025-10-23 19:02:43,588: DEBUG/38447] boost-unordered-documentation/bud_03/zh_Hans: skipping update of <ProjectLanguageStats:stats-Project-16-769>
[2025-10-23 19:02:43,588: DEBUG/38447] boost-unordered-documentation/bud_03/zh_Hans: skipping update of <ComponentStats:stats-Component-21>
[2025-10-23 19:02:43,588: DEBUG/38447] boost-unordered-documentation/bud_03/zh_Hans: skipping update of <ProjectStats:stats-Project-16>
[2025-10-23 19:02:43,588: DEBUG/38447] boost-unordered-documentation/bud_03/zh_Hans: skipping update of <GlobalStats:stats-global>
[23/Oct/2025 19:02:43] "GET /projects/boost-unordered-documentation/bud_03/zh_Hans/ HTTP/1.1" 200 175624
[23/Oct/2025 19:02:43] "GET /widget/boost-unordered-documentation/bud_03/zh_Hans/svg-badge.svg?native=1 HTTP/1.1" 200 900
[23/Oct/2025 19:03:08] "GET /translate/boost-unordered-documentation/bud_03/zh_Hans/?q=state:%3Ctranslated HTTP/1.1" 200 180538
[23/Oct/2025 19:03:08] "POST /js/translate/openai/829/ HTTP/1.1" 200 454
[2025-10-23 19:03:17,811: DEBUG/38447] boost-unordered-documentation/bud_01/zh_Hans: updating stats <LanguageStats:stats-Language-769>
[2025-10-23 19:03:17,813: DEBUG/38447] boost-unordered-documentation/bud_01/zh_Hans: updating stats <ProjectLanguageStats:stats-Project-16-769>
[2025-10-23 19:03:17,815: DEBUG/38447] boost-unordered-documentation/bud_01/zh_Hans: updating stats <ComponentStats:stats-Component-17>
[2025-10-23 19:03:17,817: DEBUG/38447] boost-unordered-documentation/bud_01/zh_Hans: updating stats <ProjectStats:stats-Project-16>
[2025-10-23 19:03:17,821: DEBUG/38447] boost-unordered-documentation/bud_01/zh_Hans: updating stats <GlobalStats:stats-global>
[2025-10-23 19:03:17,832: DEBUG/38447] boost-unordered-documentation/bud_02/zh_Hans: updating stats <LanguageStats:stats-Language-769>
[2025-10-23 19:03:17,834: DEBUG/38447] boost-unordered-documentation/bud_02/zh_Hans: updating stats <ProjectLanguageStats:stats-Project-16-769>
[2025-10-23 19:03:17,836: DEBUG/38447] boost-unordered-documentation/bud_02/zh_Hans: updating stats <ComponentStats:stats-Component-20>
[2025-10-23 19:03:17,837: DEBUG/38447] boost-unordered-documentation/bud_02/zh_Hans: updating stats <ProjectStats:stats-Project-16>
[2025-10-23 19:03:17,839: DEBUG/38447] boost-unordered-documentation/bud_02/zh_Hans: updating stats <GlobalStats:stats-global>
[2025-10-23 19:03:17,850: DEBUG/38447] boost-unordered-documentation/intro/zh_Hans: updating stats <LanguageStats:stats-Language-769>
[2025-10-23 19:03:17,851: DEBUG/38447] boost-unordered-documentation/intro/zh_Hans: updating stats <ProjectLanguageStats:stats-Project-16-769>
[2025-10-23 19:03:17,853: DEBUG/38447] boost-unordered-documentation/intro/zh_Hans: updating stats <ComponentStats:stats-Component-19>
[2025-10-23 19:03:17,854: DEBUG/38447] boost-unordered-documentation/intro/zh_Hans: updating stats <ProjectStats:stats-Project-16>
[2025-10-23 19:03:17,855: DEBUG/38447] boost-unordered-documentation/intro/zh_Hans: updating stats <GlobalStats:stats-global>
[2025-10-23 19:03:17,936: DEBUG/38447] boost-unordered-documentation/bud_01/zh_Hans: updating stats <LanguageStats:stats-Language-769>
[2025-10-23 19:03:17,937: DEBUG/38447] boost-unordered-documentation/bud_01/zh_Hans: updating stats <ProjectLanguageStats:stats-Project-16-769>
[2025-10-23 19:03:17,939: DEBUG/38447] boost-unordered-documentation/bud_01/zh_Hans: updating stats <ComponentStats:stats-Component-17>
[2025-10-23 19:03:17,940: DEBUG/38447] boost-unordered-documentation/bud_01/zh_Hans: updating stats <ProjectStats:stats-Project-16>
[2025-10-23 19:03:17,946: DEBUG/38447] boost-unordered-documentation/bud_01/zh_Hans: updating stats <GlobalStats:stats-global>
[2025-10-23 19:03:17,959: DEBUG/38447] boost-unordered-documentation/bud_02/zh_Hans: updating stats <LanguageStats:stats-Language-769>
[2025-10-23 19:03:17,960: DEBUG/38447] boost-unordered-documentation/bud_02/zh_Hans: updating stats <ProjectLanguageStats:stats-Project-16-769>
[2025-10-23 19:03:17,962: DEBUG/38447] boost-unordered-documentation/bud_02/zh_Hans: updating stats <ComponentStats:stats-Component-20>
[2025-10-23 19:03:17,964: DEBUG/38447] boost-unordered-documentation/bud_02/zh_Hans: updating stats <ProjectStats:stats-Project-16>
[2025-10-23 19:03:17,966: DEBUG/38447] boost-unordered-documentation/bud_02/zh_Hans: updating stats <GlobalStats:stats-global>
[2025-10-23 19:03:17,976: DEBUG/38447] boost-unordered-documentation/intro/zh_Hans: updating stats <LanguageStats:stats-Language-769>
[2025-10-23 19:03:17,976: DEBUG/38447] boost-unordered-documentation/intro/zh_Hans: updating stats <ProjectLanguageStats:stats-Project-16-769>
[2025-10-23 19:03:17,978: DEBUG/38447] boost-unordered-documentation/intro/zh_Hans: updating stats <ComponentStats:stats-Component-19>
[2025-10-23 19:03:17,980: DEBUG/38447] boost-unordered-documentation/intro/zh_Hans: updating stats <ProjectStats:stats-Project-16>
[2025-10-23 19:03:17,983: DEBUG/38447] boost-unordered-documentation/intro/zh_Hans: updating stats <GlobalStats:stats-global>
[2025-10-23 19:03:17,993: DEBUG/38447] boost-unordered-documentation/bud_03/zh_Hans: updating stats <LanguageStats:stats-Language-769>
[2025-10-23 19:03:17,995: DEBUG/38447] boost-unordered-documentation/bud_03/zh_Hans: updating stats <ProjectLanguageStats:stats-Project-16-769>
[2025-10-23 19:03:17,998: DEBUG/38447] boost-unordered-documentation/bud_03/zh_Hans: updating stats <ComponentStats:stats-Component-21>
[2025-10-23 19:03:17,999: DEBUG/38447] boost-unordered-documentation/bud_03/zh_Hans: updating stats <ProjectStats:stats-Project-16>
[2025-10-23 19:03:18,003: DEBUG/38447] boost-unordered-documentation/bud_03/zh_Hans: updating stats <GlobalStats:stats-global>
[23/Oct/2025 19:03:18] "POST /translate/boost-unordered-documentation/bud_03/zh_Hans/?q=state%3A%3Ctranslated&offset=1 HTTP/1.1" 302 0
[23/Oct/2025 19:03:18] "GET /translate/boost-unordered-documentation/bud_03/zh_Hans/?q=state%3A%3Ctranslated&offset=1 HTTP/1.1" 200 177576
[23/Oct/2025 19:03:18] "POST /js/translate/openai/829/ HTTP/1.1" 200 454
[23/Oct/2025 19:03:19] "POST /translate/boost-unordered-documentation/bud_03/zh_Hans/?q=state%3A%3Ctranslated&offset=1 HTTP/1.1" 302 0
[23/Oct/2025 19:03:20] "GET /translate/boost-unordered-documentation/bud_03/zh_Hans/?q=state%3A%3Ctranslated&offset=2 HTTP/1.1" 200 176547
[23/Oct/2025 19:03:20] "POST /js/translate/openai/830/ HTTP/1.1" 200 372
[2025-10-23 19:03:22,283: DEBUG/38447] boost-unordered-documentation/bud_01/zh_Hans: updating stats <LanguageStats:stats-Language-769>
[2025-10-23 19:03:22,293: DEBUG/38447] boost-unordered-documentation/bud_01/zh_Hans: updating stats <ProjectLanguageStats:stats-Project-16-769>
[2025-10-23 19:03:22,302: DEBUG/38447] boost-unordered-documentation/bud_01/zh_Hans: updating stats <ComponentStats:stats-Component-17>
[2025-10-23 19:03:22,308: DEBUG/38447] boost-unordered-documentation/bud_01/zh_Hans: updating stats <ProjectStats:stats-Project-16>
[2025-10-23 19:03:22,324: DEBUG/38447] boost-unordered-documentation/bud_01/zh_Hans: updating stats <GlobalStats:stats-global>
[2025-10-23 19:03:22,346: DEBUG/38447] boost-unordered-documentation/bud_02/zh_Hans: updating stats <LanguageStats:stats-Language-769>
[2025-10-23 19:03:22,347: DEBUG/38447] boost-unordered-documentation/bud_02/zh_Hans: updating stats <ProjectLanguageStats:stats-Project-16-769>
[2025-10-23 19:03:22,349: DEBUG/38447] boost-unordered-documentation/bud_02/zh_Hans: updating stats <ComponentStats:stats-Component-20>
[2025-10-23 19:03:22,350: DEBUG/38447] boost-unordered-documentation/bud_02/zh_Hans: updating stats <ProjectStats:stats-Project-16>
[2025-10-23 19:03:22,351: DEBUG/38447] boost-unordered-documentation/bud_02/zh_Hans: updating stats <GlobalStats:stats-global>
[2025-10-23 19:03:22,364: DEBUG/38447] boost-unordered-documentation/intro/zh_Hans: updating stats <LanguageStats:stats-Language-769>
[2025-10-23 19:03:22,366: DEBUG/38447] boost-unordered-documentation/intro/zh_Hans: updating stats <ProjectLanguageStats:stats-Project-16-769>
[2025-10-23 19:03:22,372: DEBUG/38447] boost-unordered-documentation/intro/zh_Hans: updating stats <ComponentStats:stats-Component-19>
[2025-10-23 19:03:22,374: DEBUG/38447] boost-unordered-documentation/intro/zh_Hans: updating stats <ProjectStats:stats-Project-16>
[2025-10-23 19:03:22,376: DEBUG/38447] boost-unordered-documentation/intro/zh_Hans: updating stats <GlobalStats:stats-global>
[2025-10-23 19:03:22,391: DEBUG/38447] boost-unordered-documentation/bud_03/zh_Hans: updating stats <LanguageStats:stats-Language-769>
[2025-10-23 19:03:22,393: DEBUG/38447] boost-unordered-documentation/bud_03/zh_Hans: updating stats <ProjectLanguageStats:stats-Project-16-769>
[2025-10-23 19:03:22,394: DEBUG/38447] boost-unordered-documentation/bud_03/zh_Hans: updating stats <ComponentStats:stats-Component-21>
[2025-10-23 19:03:22,395: DEBUG/38447] boost-unordered-documentation/bud_03/zh_Hans: updating stats <ProjectStats:stats-Project-16>
[2025-10-23 19:03:22,399: DEBUG/38447] boost-unordered-documentation/bud_03/zh_Hans: updating stats <GlobalStats:stats-global>
[23/Oct/2025 19:03:22] "POST /translate/boost-unordered-documentation/bud_03/zh_Hans/?q=state%3A%3Ctranslated&offset=2 HTTP/1.1" 302 0
[23/Oct/2025 19:03:22] "GET /translate/boost-unordered-documentation/bud_03/zh_Hans/?q=state%3A%3Ctranslated&offset=3 HTTP/1.1" 200 180567
[23/Oct/2025 19:03:22] "POST /js/translate/openai/831/ HTTP/1.1" 200 372
[2025-10-23 19:03:25,198: DEBUG/38447] boost-unordered-documentation/bud_03/zh_Hans: skipping update of <LanguageStats:stats-Language-769>
[2025-10-23 19:03:25,198: DEBUG/38447] boost-unordered-documentation/bud_03/zh_Hans: skipping update of <ProjectLanguageStats:stats-Project-16-769>
[2025-10-23 19:03:25,198: DEBUG/38447] boost-unordered-documentation/bud_03/zh_Hans: skipping update of <ComponentStats:stats-Component-21>
[2025-10-23 19:03:25,198: DEBUG/38447] boost-unordered-documentation/bud_03/zh_Hans: skipping update of <ProjectStats:stats-Project-16>
[2025-10-23 19:03:25,198: DEBUG/38447] boost-unordered-documentation/bud_03/zh_Hans: skipping update of <GlobalStats:stats-global>
[2025-10-23 19:03:25,201: DEBUG/38447] boost-unordered-documentation/bud_03/zh_Hans: skipping update of <LanguageStats:stats-Language-769>
[2025-10-23 19:03:25,201: DEBUG/38447] boost-unordered-documentation/bud_03/zh_Hans: skipping update of <ProjectLanguageStats:stats-Project-16-769>
[2025-10-23 19:03:25,201: DEBUG/38447] boost-unordered-documentation/bud_03/zh_Hans: skipping update of <ComponentStats:stats-Component-21>
[2025-10-23 19:03:25,201: DEBUG/38447] boost-unordered-documentation/bud_03/zh_Hans: skipping update of <ProjectStats:stats-Project-16>
[2025-10-23 19:03:25,201: DEBUG/38447] boost-unordered-documentation/bud_03/zh_Hans: skipping update of <GlobalStats:stats-global>
[23/Oct/2025 19:03:25] "GET /projects/boost-unordered-documentation/bud_03/zh_Hans/ HTTP/1.1" 200 177748
[2025-10-23 19:03:27,933: DEBUG/38447] git: failure fatal: bad revision 'Giggly19890103/bud-branch-03..'
 (128)
[2025-10-23 19:03:27,933: DEBUG/38447] git: failure fatal: bad revision 'Giggly19890103/bud-branch-03..'
 (128)
[2025-10-23 19:03:27,938: DEBUG/38447] git: On branch develop
Your branch is ahead of 'origin/develop' by 1 commit.
  (use "git push" to publish your local commits)

nothing to commit, working tree clean

[2025-10-23 19:03:27,938: DEBUG/38447] git: On branch develop
Your branch is ahead of 'origin/develop' by 1 commit.
  (use "git push" to publish your local commits)

nothing to commit, working tree clean

Performing system checks...

October 23, 2025 - 06:58:13 PM
Django version 5.2.7, using settings 'weblate.settings'
Starting development server at http://127.0.0.1:8000/
Quit the server with CONTROL-C.

WARNING: This is a development server. Do not use it in a production setting. Use a production WSGI or ASGI server instead.
For more information on production servers see: https://docs.djangoproject.com/en/5.2/howto/deployment/
[23/Oct/2025 19:03:27] "GET /js/git/boost-unordered-documentation/bud_03/zh_Hans/ HTTP/1.1" 200 15743
[2025-10-23 19:03:29,433: INFO/38447] boost-unordered-documentation/bud_03/zh_Hans: committing 2 pending changes (commit)
[2025-10-23 19:03:29,536: DEBUG/38447] boost-unordered-documentation/bud_03/zh_Hans: running Repository pre-commit add-on: weblate.cleanup.generic
[2025-10-23 19:03:29,611: DEBUG/38447] boost-unordered-documentation/bud_03/zh_Hans: completed Repository pre-commit add-on: weblate.cleanup.generic
[2025-10-23 19:03:29,639: INFO/38447] boost-unordered-documentation/bud_03/zh_Hans: committed ['/home/dsf2eqw3/Documents/weblate-weblate-5.13.3/data/vcs/boost-unordered-documentation/bud_03/doc/modules/ROOT/pages/intro_zh_Hans.adoc'] as user01 <user01@weblate.com>
[2025-10-23 19:03:29,652: INFO/38447] boost-unordered-documentation/bud_03: checking triggered alerts
[2025-10-23 19:03:29,654: DEBUG/38447] git: failure fatal: bad revision 'Giggly19890103/bud-branch-03..'
 (128)
[2025-10-23 19:03:29,654: DEBUG/38447] git: failure fatal: bad revision 'Giggly19890103/bud-branch-03..'
 (128)
[2025-10-23 19:03:29,659: DEBUG/38447] git: On branch develop
Your branch is ahead of 'origin/develop' by 2 commits.
  (use "git push" to publish your local commits)

nothing to commit, working tree clean

[2025-10-23 19:03:29,659: DEBUG/38447] git: On branch develop
Your branch is ahead of 'origin/develop' by 2 commits.
  (use "git push" to publish your local commits)

nothing to commit, working tree clean

[2025-10-23 19:03:29,662: DEBUG/38447] git: failure fatal: bad revision 'Giggly19890103/bud-branch-03..'
 (128)
[2025-10-23 19:03:29,662: DEBUG/38447] git: failure fatal: bad revision 'Giggly19890103/bud-branch-03..'
 (128)
[2025-10-23 19:03:29,667: DEBUG/38447] git: On branch develop
Your branch is ahead of 'origin/develop' by 2 commits.
  (use "git push" to publish your local commits)

nothing to commit, working tree clean

[2025-10-23 19:03:29,667: DEBUG/38447] git: On branch develop
Your branch is ahead of 'origin/develop' by 2 commits.
  (use "git push" to publish your local commits)

nothing to commit, working tree clean

[2025-10-23 19:03:29,671: INFO/38447] boost-unordered-documentation/bud_03: updating repository
[2025-10-23 19:03:43,235: INFO/38447] boost-unordered-documentation/bud_03: update took 13.56 seconds
[2025-10-23 19:03:43,238: INFO/38447] boost-unordered-documentation/bud_03: repository up to date at 09d6416755cda0d46d9d60f9c00c6d4267b98c61
[2025-10-23 19:03:43,252: INFO/38447] boost-unordered-documentation/bud_03: pushing to remote repo
[2025-10-23 19:03:50,208: DEBUG/38447] git: HTTP post https://api.github.com/repos/Giggly19890103/unordered/pulls
[2025-10-23 19:03:50,208: DEBUG/38447] git: HTTP post https://api.github.com/repos/Giggly19890103/unordered/pulls
[2025-10-23 19:03:52,048: DEBUG/38447] git: Validation Failed
[2025-10-23 19:03:52,048: DEBUG/38447] git: Validation Failed
[2025-10-23 19:03:52,048: DEBUG/38447] git: A pull request already exists for Giggly19890103:bud-branch-03.
[2025-10-23 19:03:52,048: DEBUG/38447] git: A pull request already exists for Giggly19890103:bud-branch-03.
[2025-10-23 19:03:52,118: DEBUG/38447] boost-unordered-documentation/bud_03/zh_Hans: updating stats <LanguageStats:stats-Language-769>
[2025-10-23 19:03:52,120: DEBUG/38447] boost-unordered-documentation/bud_03/zh_Hans: updating stats <ProjectLanguageStats:stats-Project-16-769>
[2025-10-23 19:03:52,122: DEBUG/38447] boost-unordered-documentation/bud_03/zh_Hans: updating stats <ComponentStats:stats-Component-21>
[2025-10-23 19:03:52,123: DEBUG/38447] boost-unordered-documentation/bud_03/zh_Hans: updating stats <ProjectStats:stats-Project-16>
[2025-10-23 19:03:52,126: DEBUG/38447] boost-unordered-documentation/bud_03/zh_Hans: updating stats <GlobalStats:stats-global>
[23/Oct/2025 19:03:52] "POST /commit/boost-unordered-documentation/bud_03/zh_Hans/ HTTP/1.1" 302 0
[2025-10-23 19:03:52,265: DEBUG/38447] boost-unordered-documentation/bud_03/zh_Hans: skipping update of <LanguageStats:stats-Language-769>
[2025-10-23 19:03:52,265: DEBUG/38447] boost-unordered-documentation/bud_03/zh_Hans: skipping update of <ProjectLanguageStats:stats-Project-16-769>
[2025-10-23 19:03:52,265: DEBUG/38447] boost-unordered-documentation/bud_03/zh_Hans: skipping update of <ComponentStats:stats-Component-21>
[2025-10-23 19:03:52,265: DEBUG/38447] boost-unordered-documentation/bud_03/zh_Hans: skipping update of <ProjectStats:stats-Project-16>
[2025-10-23 19:03:52,265: DEBUG/38447] boost-unordered-documentation/bud_03/zh_Hans: skipping update of <GlobalStats:stats-global>
[2025-10-23 19:03:52,268: DEBUG/38447] boost-unordered-documentation/bud_03/zh_Hans: skipping update of <LanguageStats:stats-Language-769>
[2025-10-23 19:03:52,268: DEBUG/38447] boost-unordered-documentation/bud_03/zh_Hans: skipping update of <ProjectLanguageStats:stats-Project-16-769>
[2025-10-23 19:03:52,268: DEBUG/38447] boost-unordered-documentation/bud_03/zh_Hans: skipping update of <ComponentStats:stats-Component-21>
[2025-10-23 19:03:52,268: DEBUG/38447] boost-unordered-documentation/bud_03/zh_Hans: skipping update of <ProjectStats:stats-Project-16>
[2025-10-23 19:03:52,268: DEBUG/38447] boost-unordered-documentation/bud_03/zh_Hans: skipping update of <GlobalStats:stats-global>
[23/Oct/2025 19:03:52] "GET /projects/boost-unordered-documentation/bud_03/zh_Hans/ HTTP/1.1" 200 176811
[2025-10-23 19:03:52,446: DEBUG/38447] git: failure fatal: bad revision 'Giggly19890103/bud-branch-03..'
 (128)
[2025-10-23 19:03:52,446: DEBUG/38447] git: failure fatal: bad revision 'Giggly19890103/bud-branch-03..'
 (128)
[2025-10-23 19:03:52,456: DEBUG/38447] git: On branch develop
Your branch is ahead of 'origin/develop' by 2 commits.
  (use "git push" to publish your local commits)

nothing to commit, working tree clean

[2025-10-23 19:03:52,456: DEBUG/38447] git: On branch develop
Your branch is ahead of 'origin/develop' by 2 commits.
  (use "git push" to publish your local commits)

nothing to commit, working tree clean

[23/Oct/2025 19:03:52] "GET /js/git/boost-unordered-documentation/bud_03/zh_Hans/ HTTP/1.1" 200 19227
[23/Oct/2025 19:03:56] "GET /translate/boost-unordered-documentation/bud_03/zh_Hans/?q=state:%3Ctranslated HTTP/1.1" 200 180569
[23/Oct/2025 19:03:56] "POST /js/translate/openai/831/ HTTP/1.1" 200 372
[2025-10-23 19:03:58,213: DEBUG/38447] boost-unordered-documentation/bud_01/zh_Hans: updating stats <LanguageStats:stats-Language-769>
[2025-10-23 19:03:58,221: DEBUG/38447] boost-unordered-documentation/bud_01/zh_Hans: updating stats <ProjectLanguageStats:stats-Project-16-769>
[2025-10-23 19:03:58,227: DEBUG/38447] boost-unordered-documentation/bud_01/zh_Hans: updating stats <ComponentStats:stats-Component-17>
[2025-10-23 19:03:58,230: DEBUG/38447] boost-unordered-documentation/bud_01/zh_Hans: updating stats <ProjectStats:stats-Project-16>
[2025-10-23 19:03:58,236: DEBUG/38447] boost-unordered-documentation/bud_01/zh_Hans: updating stats <GlobalStats:stats-global>
[2025-10-23 19:03:58,256: DEBUG/38447] boost-unordered-documentation/bud_02/zh_Hans: updating stats <LanguageStats:stats-Language-769>
[2025-10-23 19:03:58,257: DEBUG/38447] boost-unordered-documentation/bud_02/zh_Hans: updating stats <ProjectLanguageStats:stats-Project-16-769>
[2025-10-23 19:03:58,261: DEBUG/38447] boost-unordered-documentation/bud_02/zh_Hans: updating stats <ComponentStats:stats-Component-20>
[2025-10-23 19:03:58,264: DEBUG/38447] boost-unordered-documentation/bud_02/zh_Hans: updating stats <ProjectStats:stats-Project-16>
[2025-10-23 19:03:58,266: DEBUG/38447] boost-unordered-documentation/bud_02/zh_Hans: updating stats <GlobalStats:stats-global>
[2025-10-23 19:03:58,291: DEBUG/38447] boost-unordered-documentation/intro/zh_Hans: updating stats <LanguageStats:stats-Language-769>
[2025-10-23 19:03:58,294: DEBUG/38447] boost-unordered-documentation/intro/zh_Hans: updating stats <ProjectLanguageStats:stats-Project-16-769>
[2025-10-23 19:03:58,302: DEBUG/38447] boost-unordered-documentation/intro/zh_Hans: updating stats <ComponentStats:stats-Component-19>
[2025-10-23 19:03:58,305: DEBUG/38447] boost-unordered-documentation/intro/zh_Hans: updating stats <ProjectStats:stats-Project-16>
[2025-10-23 19:03:58,307: DEBUG/38447] boost-unordered-documentation/intro/zh_Hans: updating stats <GlobalStats:stats-global>
[2025-10-23 19:03:58,319: DEBUG/38447] boost-unordered-documentation/bud_03/zh_Hans: updating stats <LanguageStats:stats-Language-769>
[2025-10-23 19:03:58,323: DEBUG/38447] boost-unordered-documentation/bud_03/zh_Hans: updating stats <ProjectLanguageStats:stats-Project-16-769>
[2025-10-23 19:03:58,329: DEBUG/38447] boost-unordered-documentation/bud_03/zh_Hans: updating stats <ComponentStats:stats-Component-21>
[2025-10-23 19:03:58,331: DEBUG/38447] boost-unordered-documentation/bud_03/zh_Hans: updating stats <ProjectStats:stats-Project-16>
[2025-10-23 19:03:58,336: DEBUG/38447] boost-unordered-documentation/bud_03/zh_Hans: updating stats <GlobalStats:stats-global>
[23/Oct/2025 19:03:58] "POST /translate/boost-unordered-documentation/bud_03/zh_Hans/?q=state%3A%3Ctranslated&offset=1 HTTP/1.1" 302 0
[23/Oct/2025 19:03:58] "GET /translate/boost-unordered-documentation/bud_03/zh_Hans/?q=state%3A%3Ctranslated&offset=2 HTTP/1.1" 200 204694
[23/Oct/2025 19:03:58] "POST /js/translate/openai/832/ HTTP/1.1" 200 5418
[2025-10-23 19:04:04,630: DEBUG/38447] boost-unordered-documentation/bud_01/zh_Hans: updating stats <LanguageStats:stats-Language-769>
[2025-10-23 19:04:04,631: DEBUG/38447] boost-unordered-documentation/bud_01/zh_Hans: updating stats <ProjectLanguageStats:stats-Project-16-769>
[2025-10-23 19:04:04,633: DEBUG/38447] boost-unordered-documentation/bud_01/zh_Hans: updating stats <ComponentStats:stats-Component-17>
[2025-10-23 19:04:04,634: DEBUG/38447] boost-unordered-documentation/bud_01/zh_Hans: updating stats <ProjectStats:stats-Project-16>
[2025-10-23 19:04:04,638: DEBUG/38447] boost-unordered-documentation/bud_01/zh_Hans: updating stats <GlobalStats:stats-global>
[2025-10-23 19:04:04,647: DEBUG/38447] boost-unordered-documentation/bud_02/zh_Hans: updating stats <LanguageStats:stats-Language-769>
[2025-10-23 19:04:04,647: DEBUG/38447] boost-unordered-documentation/bud_02/zh_Hans: updating stats <ProjectLanguageStats:stats-Project-16-769>
[2025-10-23 19:04:04,649: DEBUG/38447] boost-unordered-documentation/bud_02/zh_Hans: updating stats <ComponentStats:stats-Component-20>
[2025-10-23 19:04:04,650: DEBUG/38447] boost-unordered-documentation/bud_02/zh_Hans: updating stats <ProjectStats:stats-Project-16>
[2025-10-23 19:04:04,651: DEBUG/38447] boost-unordered-documentation/bud_02/zh_Hans: updating stats <GlobalStats:stats-global>
[2025-10-23 19:04:04,663: DEBUG/38447] boost-unordered-documentation/intro/zh_Hans: updating stats <LanguageStats:stats-Language-769>
[2025-10-23 19:04:04,664: DEBUG/38447] boost-unordered-documentation/intro/zh_Hans: updating stats <ProjectLanguageStats:stats-Project-16-769>
[2025-10-23 19:04:04,667: DEBUG/38447] boost-unordered-documentation/intro/zh_Hans: updating stats <ComponentStats:stats-Component-19>
[2025-10-23 19:04:04,668: DEBUG/38447] boost-unordered-documentation/intro/zh_Hans: updating stats <ProjectStats:stats-Project-16>
[2025-10-23 19:04:04,670: DEBUG/38447] boost-unordered-documentation/intro/zh_Hans: updating stats <GlobalStats:stats-global>
[2025-10-23 19:04:04,731: DEBUG/38447] boost-unordered-documentation/bud_01/zh_Hans: updating stats <LanguageStats:stats-Language-769>
[2025-10-23 19:04:04,733: DEBUG/38447] boost-unordered-documentation/bud_01/zh_Hans: updating stats <ProjectLanguageStats:stats-Project-16-769>
[2025-10-23 19:04:04,734: DEBUG/38447] boost-unordered-documentation/bud_01/zh_Hans: updating stats <ComponentStats:stats-Component-17>
[2025-10-23 19:04:04,736: DEBUG/38447] boost-unordered-documentation/bud_01/zh_Hans: updating stats <ProjectStats:stats-Project-16>
[2025-10-23 19:04:04,739: DEBUG/38447] boost-unordered-documentation/bud_01/zh_Hans: updating stats <GlobalStats:stats-global>
[2025-10-23 19:04:04,749: DEBUG/38447] boost-unordered-documentation/bud_02/zh_Hans: updating stats <LanguageStats:stats-Language-769>
[2025-10-23 19:04:04,749: DEBUG/38447] boost-unordered-documentation/bud_02/zh_Hans: updating stats <ProjectLanguageStats:stats-Project-16-769>
[2025-10-23 19:04:04,751: DEBUG/38447] boost-unordered-documentation/bud_02/zh_Hans: updating stats <ComponentStats:stats-Component-20>
[2025-10-23 19:04:04,752: DEBUG/38447] boost-unordered-documentation/bud_02/zh_Hans: updating stats <ProjectStats:stats-Project-16>
[2025-10-23 19:04:04,753: DEBUG/38447] boost-unordered-documentation/bud_02/zh_Hans: updating stats <GlobalStats:stats-global>
[2025-10-23 19:04:04,763: DEBUG/38447] boost-unordered-documentation/intro/zh_Hans: updating stats <LanguageStats:stats-Language-769>
[2025-10-23 19:04:04,763: DEBUG/38447] boost-unordered-documentation/intro/zh_Hans: updating stats <ProjectLanguageStats:stats-Project-16-769>
[2025-10-23 19:04:04,765: DEBUG/38447] boost-unordered-documentation/intro/zh_Hans: updating stats <ComponentStats:stats-Component-19>
[2025-10-23 19:04:04,767: DEBUG/38447] boost-unordered-documentation/intro/zh_Hans: updating stats <ProjectStats:stats-Project-16>
[2025-10-23 19:04:04,768: DEBUG/38447] boost-unordered-documentation/intro/zh_Hans: updating stats <GlobalStats:stats-global>
[2025-10-23 19:04:04,777: DEBUG/38447] boost-unordered-documentation/bud_01/zh_Hans: updating stats <LanguageStats:stats-Language-769>
[2025-10-23 19:04:04,779: DEBUG/38447] boost-unordered-documentation/bud_01/zh_Hans: updating stats <ProjectLanguageStats:stats-Project-16-769>
[2025-10-23 19:04:04,781: DEBUG/38447] boost-unordered-documentation/bud_01/zh_Hans: updating stats <ComponentStats:stats-Component-17>
[2025-10-23 19:04:04,782: DEBUG/38447] boost-unordered-documentation/bud_01/zh_Hans: updating stats <ProjectStats:stats-Project-16>
[2025-10-23 19:04:04,785: DEBUG/38447] boost-unordered-documentation/bud_01/zh_Hans: updating stats <GlobalStats:stats-global>
[2025-10-23 19:04:04,794: DEBUG/38447] boost-unordered-documentation/intro/zh_Hans: updating stats <LanguageStats:stats-Language-769>
[2025-10-23 19:04:04,795: DEBUG/38447] boost-unordered-documentation/intro/zh_Hans: updating stats <ProjectLanguageStats:stats-Project-16-769>
[2025-10-23 19:04:04,798: DEBUG/38447] boost-unordered-documentation/intro/zh_Hans: updating stats <ComponentStats:stats-Component-19>
[2025-10-23 19:04:04,799: DEBUG/38447] boost-unordered-documentation/intro/zh_Hans: updating stats <ProjectStats:stats-Project-16>
[2025-10-23 19:04:04,801: DEBUG/38447] boost-unordered-documentation/intro/zh_Hans: updating stats <GlobalStats:stats-global>
[2025-10-23 19:04:04,811: DEBUG/38447] boost-unordered-documentation/bud_02/zh_Hans: updating stats <LanguageStats:stats-Language-769>
[2025-10-23 19:04:04,812: DEBUG/38447] boost-unordered-documentation/bud_02/zh_Hans: updating stats <ProjectLanguageStats:stats-Project-16-769>
[2025-10-23 19:04:04,814: DEBUG/38447] boost-unordered-documentation/bud_02/zh_Hans: updating stats <ComponentStats:stats-Component-20>
[2025-10-23 19:04:04,815: DEBUG/38447] boost-unordered-documentation/bud_02/zh_Hans: updating stats <ProjectStats:stats-Project-16>
[2025-10-23 19:04:04,817: DEBUG/38447] boost-unordered-documentation/bud_02/zh_Hans: updating stats <GlobalStats:stats-global>
[2025-10-23 19:04:04,824: DEBUG/38447] boost-unordered-documentation/bud_03/zh_Hans: updating stats <LanguageStats:stats-Language-769>
[2025-10-23 19:04:04,826: DEBUG/38447] boost-unordered-documentation/bud_03/zh_Hans: updating stats <ProjectLanguageStats:stats-Project-16-769>
[2025-10-23 19:04:04,829: DEBUG/38447] boost-unordered-documentation/bud_03/zh_Hans: updating stats <ComponentStats:stats-Component-21>
[2025-10-23 19:04:04,831: DEBUG/38447] boost-unordered-documentation/bud_03/zh_Hans: updating stats <ProjectStats:stats-Project-16>
[2025-10-23 19:04:04,834: DEBUG/38447] boost-unordered-documentation/bud_03/zh_Hans: updating stats <GlobalStats:stats-global>
[23/Oct/2025 19:04:04] "POST /translate/boost-unordered-documentation/bud_03/zh_Hans/?q=state%3A%3Ctranslated&offset=2 HTTP/1.1" 302 0
[23/Oct/2025 19:04:05] "GET /translate/boost-unordered-documentation/bud_03/zh_Hans/?q=state%3A%3Ctranslated&offset=3 HTTP/1.1" 200 192937
[23/Oct/2025 19:04:05] "POST /js/translate/openai/833/ HTTP/1.1" 200 7670
[2025-10-23 19:04:07,543: DEBUG/38447] boost-unordered-documentation/bud_03/zh_Hans: skipping update of <LanguageStats:stats-Language-769>
[2025-10-23 19:04:07,543: DEBUG/38447] boost-unordered-documentation/bud_03/zh_Hans: skipping update of <ProjectLanguageStats:stats-Project-16-769>
[2025-10-23 19:04:07,543: DEBUG/38447] boost-unordered-documentation/bud_03/zh_Hans: skipping update of <ComponentStats:stats-Component-21>
[2025-10-23 19:04:07,543: DEBUG/38447] boost-unordered-documentation/bud_03/zh_Hans: skipping update of <ProjectStats:stats-Project-16>
[2025-10-23 19:04:07,543: DEBUG/38447] boost-unordered-documentation/bud_03/zh_Hans: skipping update of <GlobalStats:stats-global>
[2025-10-23 19:04:07,546: DEBUG/38447] boost-unordered-documentation/bud_03/zh_Hans: skipping update of <LanguageStats:stats-Language-769>
[2025-10-23 19:04:07,546: DEBUG/38447] boost-unordered-documentation/bud_03/zh_Hans: skipping update of <ProjectLanguageStats:stats-Project-16-769>
[2025-10-23 19:04:07,546: DEBUG/38447] boost-unordered-documentation/bud_03/zh_Hans: skipping update of <ComponentStats:stats-Component-21>
[2025-10-23 19:04:07,546: DEBUG/38447] boost-unordered-documentation/bud_03/zh_Hans: skipping update of <ProjectStats:stats-Project-16>
[2025-10-23 19:04:07,546: DEBUG/38447] boost-unordered-documentation/bud_03/zh_Hans: skipping update of <GlobalStats:stats-global>
[23/Oct/2025 19:04:07] "GET /projects/boost-unordered-documentation/bud_03/zh_Hans/ HTTP/1.1" 200 177097
[2025-10-23 19:04:10,125: DEBUG/38447] git: failure fatal: bad revision 'Giggly19890103/bud-branch-03..'
 (128)
[2025-10-23 19:04:10,125: DEBUG/38447] git: failure fatal: bad revision 'Giggly19890103/bud-branch-03..'
 (128)
[2025-10-23 19:04:10,129: DEBUG/38447] git: On branch develop
Your branch is ahead of 'origin/develop' by 2 commits.
  (use "git push" to publish your local commits)

nothing to commit, working tree clean

[2025-10-23 19:04:10,129: DEBUG/38447] git: On branch develop
Your branch is ahead of 'origin/develop' by 2 commits.
  (use "git push" to publish your local commits)

nothing to commit, working tree clean

[23/Oct/2025 19:04:10] "GET /js/git/boost-unordered-documentation/bud_03/zh_Hans/ HTTP/1.1" 200 19219
[2025-10-23 19:04:11,006: INFO/38447] boost-unordered-documentation/bud_03/zh_Hans: committing 2 pending changes (commit)
[2025-10-23 19:04:11,090: DEBUG/38447] boost-unordered-documentation/bud_03/zh_Hans: running Repository pre-commit add-on: weblate.cleanup.generic
[2025-10-23 19:04:11,161: DEBUG/38447] boost-unordered-documentation/bud_03/zh_Hans: completed Repository pre-commit add-on: weblate.cleanup.generic
[2025-10-23 19:04:11,179: INFO/38447] boost-unordered-documentation/bud_03/zh_Hans: committed ['/home/dsf2eqw3/Documents/weblate-weblate-5.13.3/data/vcs/boost-unordered-documentation/bud_03/doc/modules/ROOT/pages/intro_zh_Hans.adoc'] as user01 <user01@weblate.com>
[2025-10-23 19:04:11,187: INFO/38447] boost-unordered-documentation/bud_03: checking triggered alerts
[2025-10-23 19:04:11,189: DEBUG/38447] git: failure fatal: bad revision 'Giggly19890103/bud-branch-03..'
 (128)
[2025-10-23 19:04:11,189: DEBUG/38447] git: failure fatal: bad revision 'Giggly19890103/bud-branch-03..'
 (128)
[2025-10-23 19:04:11,194: DEBUG/38447] git: On branch develop
Your branch is ahead of 'origin/develop' by 3 commits.
  (use "git push" to publish your local commits)

nothing to commit, working tree clean

[2025-10-23 19:04:11,194: DEBUG/38447] git: On branch develop
Your branch is ahead of 'origin/develop' by 3 commits.
  (use "git push" to publish your local commits)

nothing to commit, working tree clean

[2025-10-23 19:04:11,197: DEBUG/38447] git: failure fatal: bad revision 'Giggly19890103/bud-branch-03..'
 (128)
[2025-10-23 19:04:11,197: DEBUG/38447] git: failure fatal: bad revision 'Giggly19890103/bud-branch-03..'
 (128)
[2025-10-23 19:04:11,202: DEBUG/38447] git: On branch develop
Your branch is ahead of 'origin/develop' by 3 commits.
  (use "git push" to publish your local commits)

nothing to commit, working tree clean

[2025-10-23 19:04:11,202: DEBUG/38447] git: On branch develop
Your branch is ahead of 'origin/develop' by 3 commits.
  (use "git push" to publish your local commits)

nothing to commit, working tree clean

[2025-10-23 19:04:11,206: INFO/38447] boost-unordered-documentation/bud_03: updating repository
[23/Oct/2025 19:04:24] "GET /translate/boost-unordered-documentation/bud_03/zh_Hans/?q=state:%3Ctranslated HTTP/1.1" 200 192946
[23/Oct/2025 19:04:24] "POST /js/translate/openai/833/ HTTP/1.1" 200 7670
[2025-10-23 19:04:26,256: INFO/38447] boost-unordered-documentation/bud_03: update took 15.05 seconds
[2025-10-23 19:04:26,259: INFO/38447] boost-unordered-documentation/bud_03: repository up to date at 09d6416755cda0d46d9d60f9c00c6d4267b98c61
[2025-10-23 19:04:26,278: INFO/38447] boost-unordered-documentation/bud_03: pushing to remote repo
[23/Oct/2025 19:04:28] "GET /projects/boost-unordered-documentation/bud_03/zh_Hans/ HTTP/1.1" 200 177094
[23/Oct/2025 19:04:29] "GET /browse/boost-unordered-documentation/bud_03/zh_Hans/ HTTP/1.1" 200 58683
[23/Oct/2025 19:04:31] "GET /translate/boost-unordered-documentation/bud_03/zh_Hans/?checksum=0fe293b9804e578a HTTP/1.1" 200 200369
[23/Oct/2025 19:04:31] "POST /js/translate/openai/832/ HTTP/1.1" 200 4746
[2025-10-23 19:04:33,340: DEBUG/38447] git: HTTP post https://api.github.com/repos/Giggly19890103/unordered/pulls
[2025-10-23 19:04:33,340: DEBUG/38447] git: HTTP post https://api.github.com/repos/Giggly19890103/unordered/pulls
[2025-10-23 19:04:35,176: DEBUG/38447] git: Validation Failed
[2025-10-23 19:04:35,176: DEBUG/38447] git: Validation Failed
[2025-10-23 19:04:35,176: DEBUG/38447] git: A pull request already exists for Giggly19890103:bud-branch-03.
[2025-10-23 19:04:35,176: DEBUG/38447] git: A pull request already exists for Giggly19890103:bud-branch-03.
[2025-10-23 19:04:35,234: DEBUG/38447] boost-unordered-documentation/bud_03/zh_Hans: updating stats <LanguageStats:stats-Language-769>
[2025-10-23 19:04:35,236: DEBUG/38447] boost-unordered-documentation/bud_03/zh_Hans: updating stats <ProjectLanguageStats:stats-Project-16-769>
[2025-10-23 19:04:35,238: DEBUG/38447] boost-unordered-documentation/bud_03/zh_Hans: updating stats <ComponentStats:stats-Component-21>
[2025-10-23 19:04:35,239: DEBUG/38447] boost-unordered-documentation/bud_03/zh_Hans: updating stats <ProjectStats:stats-Project-16>
[2025-10-23 19:04:35,242: DEBUG/38447] boost-unordered-documentation/bud_03/zh_Hans: updating stats <GlobalStats:stats-global>
[2025-10-23 19:04:41,975: DEBUG/38447] boost-unordered-documentation/bud_01/zh_Hans: updating stats <LanguageStats:stats-Language-769>
[2025-10-23 19:04:41,977: DEBUG/38447] boost-unordered-documentation/bud_01/zh_Hans: updating stats <ProjectLanguageStats:stats-Project-16-769>
[2025-10-23 19:04:41,980: DEBUG/38447] boost-unordered-documentation/bud_01/zh_Hans: updating stats <ComponentStats:stats-Component-17>
[2025-10-23 19:04:41,982: DEBUG/38447] boost-unordered-documentation/bud_01/zh_Hans: updating stats <ProjectStats:stats-Project-16>
[2025-10-23 19:04:41,986: DEBUG/38447] boost-unordered-documentation/bud_01/zh_Hans: updating stats <GlobalStats:stats-global>
[2025-10-23 19:04:41,997: DEBUG/38447] boost-unordered-documentation/bud_02/zh_Hans: updating stats <LanguageStats:stats-Language-769>
[2025-10-23 19:04:41,998: DEBUG/38447] boost-unordered-documentation/bud_02/zh_Hans: updating stats <ProjectLanguageStats:stats-Project-16-769>
[2025-10-23 19:04:41,999: DEBUG/38447] boost-unordered-documentation/bud_02/zh_Hans: updating stats <ComponentStats:stats-Component-20>
[2025-10-23 19:04:42,001: DEBUG/38447] boost-unordered-documentation/bud_02/zh_Hans: updating stats <ProjectStats:stats-Project-16>
[2025-10-23 19:04:42,002: DEBUG/38447] boost-unordered-documentation/bud_02/zh_Hans: updating stats <GlobalStats:stats-global>
[2025-10-23 19:04:42,013: DEBUG/38447] boost-unordered-documentation/intro/zh_Hans: updating stats <LanguageStats:stats-Language-769>
[2025-10-23 19:04:42,014: DEBUG/38447] boost-unordered-documentation/intro/zh_Hans: updating stats <ProjectLanguageStats:stats-Project-16-769>
[2025-10-23 19:04:42,016: DEBUG/38447] boost-unordered-documentation/intro/zh_Hans: updating stats <ComponentStats:stats-Component-19>
[2025-10-23 19:04:42,017: DEBUG/38447] boost-unordered-documentation/intro/zh_Hans: updating stats <ProjectStats:stats-Project-16>
[2025-10-23 19:04:42,019: DEBUG/38447] boost-unordered-documentation/intro/zh_Hans: updating stats <GlobalStats:stats-global>
[2025-10-23 19:04:42,141: DEBUG/38447] boost-unordered-documentation/bud_03/zh_Hans: updating stats <LanguageStats:stats-Language-769>
[2025-10-23 19:04:42,143: DEBUG/38447] boost-unordered-documentation/bud_03/zh_Hans: updating stats <ProjectLanguageStats:stats-Project-16-769>
[2025-10-23 19:04:42,145: DEBUG/38447] boost-unordered-documentation/bud_03/zh_Hans: updating stats <ComponentStats:stats-Component-21>
[2025-10-23 19:04:42,146: DEBUG/38447] boost-unordered-documentation/bud_03/zh_Hans: updating stats <ProjectStats:stats-Project-16>
[2025-10-23 19:04:42,150: DEBUG/38447] boost-unordered-documentation/bud_03/zh_Hans: updating stats <GlobalStats:stats-global>
[23/Oct/2025 19:04:42] "POST /translate/boost-unordered-documentation/bud_03/zh_Hans/?&offset=4 HTTP/1.1" 302 0
[23/Oct/2025 19:04:42] "GET /translate/boost-unordered-documentation/bud_03/zh_Hans/?&offset=4 HTTP/1.1" 200 203067
[23/Oct/2025 19:04:42] "POST /js/translate/openai/832/ HTTP/1.1" 200 4757
[2025-10-23 19:04:43,805: DEBUG/38447] boost-unordered-documentation/bud_03/zh_Hans: skipping update of <LanguageStats:stats-Language-769>
[2025-10-23 19:04:43,805: DEBUG/38447] boost-unordered-documentation/bud_03/zh_Hans: skipping update of <ProjectLanguageStats:stats-Project-16-769>
[2025-10-23 19:04:43,805: DEBUG/38447] boost-unordered-documentation/bud_03/zh_Hans: skipping update of <ComponentStats:stats-Component-21>
[2025-10-23 19:04:43,805: DEBUG/38447] boost-unordered-documentation/bud_03/zh_Hans: skipping update of <ProjectStats:stats-Project-16>
[2025-10-23 19:04:43,805: DEBUG/38447] boost-unordered-documentation/bud_03/zh_Hans: skipping update of <GlobalStats:stats-global>
[2025-10-23 19:04:43,808: DEBUG/38447] boost-unordered-documentation/bud_03/zh_Hans: skipping update of <LanguageStats:stats-Language-769>
[2025-10-23 19:04:43,809: DEBUG/38447] boost-unordered-documentation/bud_03/zh_Hans: skipping update of <ProjectLanguageStats:stats-Project-16-769>
[2025-10-23 19:04:43,809: DEBUG/38447] boost-unordered-documentation/bud_03/zh_Hans: skipping update of <ComponentStats:stats-Component-21>
[2025-10-23 19:04:43,809: DEBUG/38447] boost-unordered-documentation/bud_03/zh_Hans: skipping update of <ProjectStats:stats-Project-16>
[2025-10-23 19:04:43,809: DEBUG/38447] boost-unordered-documentation/bud_03/zh_Hans: skipping update of <GlobalStats:stats-global>
[23/Oct/2025 19:04:43] "GET /projects/boost-unordered-documentation/bud_03/zh_Hans/ HTTP/1.1" 200 171351
[2025-10-23 19:04:45,740: DEBUG/38447] git: failure fatal: bad revision 'Giggly19890103/bud-branch-03..'
 (128)
[2025-10-23 19:04:45,740: DEBUG/38447] git: failure fatal: bad revision 'Giggly19890103/bud-branch-03..'
 (128)
[2025-10-23 19:04:45,744: DEBUG/38447] git: On branch develop
Your branch is ahead of 'origin/develop' by 3 commits.
  (use "git push" to publish your local commits)

nothing to commit, working tree clean

[2025-10-23 19:04:45,744: DEBUG/38447] git: On branch develop
Your branch is ahead of 'origin/develop' by 3 commits.
  (use "git push" to publish your local commits)

nothing to commit, working tree clean

[23/Oct/2025 19:04:45] "GET /js/git/boost-unordered-documentation/bud_03/zh_Hans/ HTTP/1.1" 200 22702
[2025-10-23 19:04:47,101: INFO/38447] boost-unordered-documentation/bud_03/zh_Hans: committing 1 pending changes (commit)
[2025-10-23 19:04:47,185: DEBUG/38447] boost-unordered-documentation/bud_03/zh_Hans: running Repository pre-commit add-on: weblate.cleanup.generic
[2025-10-23 19:04:47,258: DEBUG/38447] boost-unordered-documentation/bud_03/zh_Hans: completed Repository pre-commit add-on: weblate.cleanup.generic
[2025-10-23 19:04:47,286: INFO/38447] boost-unordered-documentation/bud_03/zh_Hans: committed ['/home/dsf2eqw3/Documents/weblate-weblate-5.13.3/data/vcs/boost-unordered-documentation/bud_03/doc/modules/ROOT/pages/intro_zh_Hans.adoc'] as user01 <user01@weblate.com>
[2025-10-23 19:04:47,293: INFO/38447] boost-unordered-documentation/bud_03: checking triggered alerts
[2025-10-23 19:04:47,295: DEBUG/38447] git: failure fatal: bad revision 'Giggly19890103/bud-branch-03..'
 (128)
[2025-10-23 19:04:47,295: DEBUG/38447] git: failure fatal: bad revision 'Giggly19890103/bud-branch-03..'
 (128)
[2025-10-23 19:04:47,300: DEBUG/38447] git: On branch develop
Your branch is ahead of 'origin/develop' by 4 commits.
  (use "git push" to publish your local commits)

nothing to commit, working tree clean

[2025-10-23 19:04:47,300: DEBUG/38447] git: On branch develop
Your branch is ahead of 'origin/develop' by 4 commits.
  (use "git push" to publish your local commits)

nothing to commit, working tree clean

[2025-10-23 19:04:47,303: DEBUG/38447] git: failure fatal: bad revision 'Giggly19890103/bud-branch-03..'
 (128)
[2025-10-23 19:04:47,303: DEBUG/38447] git: failure fatal: bad revision 'Giggly19890103/bud-branch-03..'
 (128)
[2025-10-23 19:04:47,308: DEBUG/38447] git: On branch develop
Your branch is ahead of 'origin/develop' by 4 commits.
  (use "git push" to publish your local commits)

nothing to commit, working tree clean

[2025-10-23 19:04:47,308: DEBUG/38447] git: On branch develop
Your branch is ahead of 'origin/develop' by 4 commits.
  (use "git push" to publish your local commits)

nothing to commit, working tree clean

[2025-10-23 19:04:47,311: INFO/38447] boost-unordered-documentation/bud_03: updating repository
[2025-10-23 19:04:58,990: INFO/38447] boost-unordered-documentation/bud_03: update took 11.68 seconds
[2025-10-23 19:04:58,992: INFO/38447] boost-unordered-documentation/bud_03: repository up to date at 09d6416755cda0d46d9d60f9c00c6d4267b98c61
[2025-10-23 19:04:59,001: INFO/38447] boost-unordered-documentation/bud_03: pushing to remote repo
[2025-10-23 19:05:03,732: DEBUG/38447] git: HTTP post https://api.github.com/repos/Giggly19890103/unordered/pulls
[2025-10-23 19:05:03,732: DEBUG/38447] git: HTTP post https://api.github.com/repos/Giggly19890103/unordered/pulls
[2025-10-23 19:05:05,569: DEBUG/38447] git: Validation Failed
[2025-10-23 19:05:05,569: DEBUG/38447] git: Validation Failed
[2025-10-23 19:05:05,569: DEBUG/38447] git: A pull request already exists for Giggly19890103:bud-branch-03.
[2025-10-23 19:05:05,569: DEBUG/38447] git: A pull request already exists for Giggly19890103:bud-branch-03.
[2025-10-23 19:05:05,655: DEBUG/38447] boost-unordered-documentation/bud_03/zh_Hans: updating stats <LanguageStats:stats-Language-769>
[2025-10-23 19:05:05,656: DEBUG/38447] boost-unordered-documentation/bud_03/zh_Hans: updating stats <ProjectLanguageStats:stats-Project-16-769>
[2025-10-23 19:05:05,659: DEBUG/38447] boost-unordered-documentation/bud_03/zh_Hans: updating stats <ComponentStats:stats-Component-21>
[2025-10-23 19:05:05,660: DEBUG/38447] boost-unordered-documentation/bud_03/zh_Hans: updating stats <ProjectStats:stats-Project-16>
[2025-10-23 19:05:05,664: DEBUG/38447] boost-unordered-documentation/bud_03/zh_Hans: updating stats <GlobalStats:stats-global>
[23/Oct/2025 19:05:05] "POST /commit/boost-unordered-documentation/bud_03/zh_Hans/ HTTP/1.1" 302 0
[2025-10-23 19:05:05,806: DEBUG/38447] boost-unordered-documentation/bud_03/zh_Hans: skipping update of <LanguageStats:stats-Language-769>
[2025-10-23 19:05:05,806: DEBUG/38447] boost-unordered-documentation/bud_03/zh_Hans: skipping update of <ProjectLanguageStats:stats-Project-16-769>
[2025-10-23 19:05:05,806: DEBUG/38447] boost-unordered-documentation/bud_03/zh_Hans: skipping update of <ComponentStats:stats-Component-21>
[2025-10-23 19:05:05,806: DEBUG/38447] boost-unordered-documentation/bud_03/zh_Hans: skipping update of <ProjectStats:stats-Project-16>
[2025-10-23 19:05:05,806: DEBUG/38447] boost-unordered-documentation/bud_03/zh_Hans: skipping update of <GlobalStats:stats-global>
[2025-10-23 19:05:05,809: DEBUG/38447] boost-unordered-documentation/bud_03/zh_Hans: skipping update of <LanguageStats:stats-Language-769>
[2025-10-23 19:05:05,809: DEBUG/38447] boost-unordered-documentation/bud_03/zh_Hans: skipping update of <ProjectLanguageStats:stats-Project-16-769>
[2025-10-23 19:05:05,809: DEBUG/38447] boost-unordered-documentation/bud_03/zh_Hans: skipping update of <ComponentStats:stats-Component-21>
[2025-10-23 19:05:05,809: DEBUG/38447] boost-unordered-documentation/bud_03/zh_Hans: skipping update of <ProjectStats:stats-Project-16>
[2025-10-23 19:05:05,809: DEBUG/38447] boost-unordered-documentation/bud_03/zh_Hans: skipping update of <GlobalStats:stats-global>
[23/Oct/2025 19:05:05] "GET /projects/boost-unordered-documentation/bud_03/zh_Hans/ HTTP/1.1" 200 169892
[2025-10-23 19:05:06,064: DEBUG/38447] git: failure fatal: bad revision 'Giggly19890103/bud-branch-03..'
 (128)
[2025-10-23 19:05:06,064: DEBUG/38447] git: failure fatal: bad revision 'Giggly19890103/bud-branch-03..'
 (128)
[2025-10-23 19:05:06,069: DEBUG/38447] git: On branch develop
Your branch is ahead of 'origin/develop' by 4 commits.
  (use "git push" to publish your local commits)

nothing to commit, working tree clean

[2025-10-23 19:05:06,069: DEBUG/38447] git: On branch develop
Your branch is ahead of 'origin/develop' by 4 commits.
  (use "git push" to publish your local commits)

nothing to commit, working tree clean

[23/Oct/2025 19:05:06] "GET /js/git/boost-unordered-documentation/bud_03/zh_Hans/ HTTP/1.1" 200 26192
[23/Oct/2025 19:05:08] "GET /browse/boost-unordered-documentation/bud_03/zh_Hans/ HTTP/1.1" 200 58512
[23/Oct/2025 19:05:29] "GET /translate/boost-unordered-documentation/bud_03/zh_Hans/?checksum=3abaa9ca21ae9abc HTTP/1.1" 200 174660
[23/Oct/2025 19:05:29] "POST /js/translate/openai/831/ HTTP/1.1" 200 338
[23/Oct/2025 19:05:34] "GET /translate/boost-unordered-documentation/bud_03/zh_Hans/?&offset=18 HTTP/1.1" 200 206996
[23/Oct/2025 19:05:34] "POST /js/translate/openai/846/ HTTP/1.1" 200 2146
[23/Oct/2025 19:05:36] "GET /translate/boost-unordered-documentation/bud_03/zh_Hans/?&offset=17 HTTP/1.1" 200 208630
[23/Oct/2025 19:05:36] "POST /js/translate/openai/845/ HTTP/1.1" 200 748
[23/Oct/2025 19:05:37] "GET /translate/boost-unordered-documentation/bud_03/zh_Hans/?&offset=16 HTTP/1.1" 200 193798
[23/Oct/2025 19:05:38] "POST /js/translate/openai/844/ HTTP/1.1" 200 865
[23/Oct/2025 19:05:38] "GET /translate/boost-unordered-documentation/bud_03/zh_Hans/?&offset=1 HTTP/1.1" 200 175437
[23/Oct/2025 19:05:38] "POST /js/translate/openai/829/ HTTP/1.1" 200 454
[23/Oct/2025 19:05:41] "POST /translate/boost-unordered-documentation/bud_03/zh_Hans/?&offset=1 HTTP/1.1" 302 0
[23/Oct/2025 19:05:41] "GET /translate/boost-unordered-documentation/bud_03/zh_Hans/?&offset=2 HTTP/1.1" 200 170757
[23/Oct/2025 19:05:41] "POST /js/translate/openai/830/ HTTP/1.1" 200 338
[23/Oct/2025 19:05:42] "POST /translate/boost-unordered-documentation/bud_03/zh_Hans/?&offset=2 HTTP/1.1" 302 0
[23/Oct/2025 19:05:42] "GET /translate/boost-unordered-documentation/bud_03/zh_Hans/?&offset=3 HTTP/1.1" 200 174660
[23/Oct/2025 19:05:42] "POST /js/translate/openai/831/ HTTP/1.1" 200 338
[23/Oct/2025 19:05:43] "POST /translate/boost-unordered-documentation/bud_03/zh_Hans/?&offset=3 HTTP/1.1" 302 0
[23/Oct/2025 19:05:43] "GET /translate/boost-unordered-documentation/bud_03/zh_Hans/?&offset=4 HTTP/1.1" 200 202741
[23/Oct/2025 19:05:43] "POST /js/translate/openai/832/ HTTP/1.1" 200 4757
[2025-10-23 19:05:47,920: DEBUG/38447] boost-unordered-documentation/bud_01/zh_Hans: updating stats <LanguageStats:stats-Language-769>
[2025-10-23 19:05:47,922: DEBUG/38447] boost-unordered-documentation/bud_01/zh_Hans: updating stats <ProjectLanguageStats:stats-Project-16-769>
[2025-10-23 19:05:47,924: DEBUG/38447] boost-unordered-documentation/bud_01/zh_Hans: updating stats <ComponentStats:stats-Component-17>
[2025-10-23 19:05:47,928: DEBUG/38447] boost-unordered-documentation/bud_01/zh_Hans: updating stats <ProjectStats:stats-Project-16>
[2025-10-23 19:05:47,932: DEBUG/38447] boost-unordered-documentation/bud_01/zh_Hans: updating stats <GlobalStats:stats-global>
[2025-10-23 19:05:47,945: DEBUG/38447] boost-unordered-documentation/bud_02/zh_Hans: updating stats <LanguageStats:stats-Language-769>
[2025-10-23 19:05:47,945: DEBUG/38447] boost-unordered-documentation/bud_02/zh_Hans: updating stats <ProjectLanguageStats:stats-Project-16-769>
[2025-10-23 19:05:47,948: DEBUG/38447] boost-unordered-documentation/bud_02/zh_Hans: updating stats <ComponentStats:stats-Component-20>
[2025-10-23 19:05:47,952: DEBUG/38447] boost-unordered-documentation/bud_02/zh_Hans: updating stats <ProjectStats:stats-Project-16>
[2025-10-23 19:05:47,953: DEBUG/38447] boost-unordered-documentation/bud_02/zh_Hans: updating stats <GlobalStats:stats-global>
[2025-10-23 19:05:47,966: DEBUG/38447] boost-unordered-documentation/intro/zh_Hans: updating stats <LanguageStats:stats-Language-769>
[2025-10-23 19:05:47,967: DEBUG/38447] boost-unordered-documentation/intro/zh_Hans: updating stats <ProjectLanguageStats:stats-Project-16-769>
[2025-10-23 19:05:47,969: DEBUG/38447] boost-unordered-documentation/intro/zh_Hans: updating stats <ComponentStats:stats-Component-19>
[2025-10-23 19:05:47,970: DEBUG/38447] boost-unordered-documentation/intro/zh_Hans: updating stats <ProjectStats:stats-Project-16>
[2025-10-23 19:05:47,972: DEBUG/38447] boost-unordered-documentation/intro/zh_Hans: updating stats <GlobalStats:stats-global>
[2025-10-23 19:05:48,097: DEBUG/38447] boost-unordered-documentation/bud_03/zh_Hans: updating stats <LanguageStats:stats-Language-769>
[2025-10-23 19:05:48,099: DEBUG/38447] boost-unordered-documentation/bud_03/zh_Hans: updating stats <ProjectLanguageStats:stats-Project-16-769>
[2025-10-23 19:05:48,102: DEBUG/38447] boost-unordered-documentation/bud_03/zh_Hans: updating stats <ComponentStats:stats-Component-21>
[2025-10-23 19:05:48,104: DEBUG/38447] boost-unordered-documentation/bud_03/zh_Hans: updating stats <ProjectStats:stats-Project-16>
[2025-10-23 19:05:48,107: DEBUG/38447] boost-unordered-documentation/bud_03/zh_Hans: updating stats <GlobalStats:stats-global>
[23/Oct/2025 19:05:48] "POST /translate/boost-unordered-documentation/bud_03/zh_Hans/?&offset=4 HTTP/1.1" 302 0
[23/Oct/2025 19:05:48] "GET /translate/boost-unordered-documentation/bud_03/zh_Hans/?&offset=5 HTTP/1.1" 200 192553
[23/Oct/2025 19:05:48] "POST /js/translate/openai/833/ HTTP/1.1" 200 7670
[2025-10-23 19:05:53,544: DEBUG/38447] boost-unordered-documentation/bud_01/zh_Hans: updating stats <LanguageStats:stats-Language-769>
[2025-10-23 19:05:53,546: DEBUG/38447] boost-unordered-documentation/bud_01/zh_Hans: updating stats <ProjectLanguageStats:stats-Project-16-769>
[2025-10-23 19:05:53,548: DEBUG/38447] boost-unordered-documentation/bud_01/zh_Hans: updating stats <ComponentStats:stats-Component-17>
[2025-10-23 19:05:53,550: DEBUG/38447] boost-unordered-documentation/bud_01/zh_Hans: updating stats <ProjectStats:stats-Project-16>
[2025-10-23 19:05:53,555: DEBUG/38447] boost-unordered-documentation/bud_01/zh_Hans: updating stats <GlobalStats:stats-global>
[2025-10-23 19:05:53,568: DEBUG/38447] boost-unordered-documentation/bud_02/zh_Hans: updating stats <LanguageStats:stats-Language-769>
[2025-10-23 19:05:53,569: DEBUG/38447] boost-unordered-documentation/bud_02/zh_Hans: updating stats <ProjectLanguageStats:stats-Project-16-769>
[2025-10-23 19:05:53,571: DEBUG/38447] boost-unordered-documentation/bud_02/zh_Hans: updating stats <ComponentStats:stats-Component-20>
[2025-10-23 19:05:53,573: DEBUG/38447] boost-unordered-documentation/bud_02/zh_Hans: updating stats <ProjectStats:stats-Project-16>
[2025-10-23 19:05:53,575: DEBUG/38447] boost-unordered-documentation/bud_02/zh_Hans: updating stats <GlobalStats:stats-global>
[2025-10-23 19:05:53,586: DEBUG/38447] boost-unordered-documentation/intro/zh_Hans: updating stats <LanguageStats:stats-Language-769>
[2025-10-23 19:05:53,587: DEBUG/38447] boost-unordered-documentation/intro/zh_Hans: updating stats <ProjectLanguageStats:stats-Project-16-769>
[2025-10-23 19:05:53,591: DEBUG/38447] boost-unordered-documentation/intro/zh_Hans: updating stats <ComponentStats:stats-Component-19>
[2025-10-23 19:05:53,592: DEBUG/38447] boost-unordered-documentation/intro/zh_Hans: updating stats <ProjectStats:stats-Project-16>
[2025-10-23 19:05:53,594: DEBUG/38447] boost-unordered-documentation/intro/zh_Hans: updating stats <GlobalStats:stats-global>
[2025-10-23 19:05:53,661: DEBUG/38447] boost-unordered-documentation/bud_01/zh_Hans: updating stats <LanguageStats:stats-Language-769>
[2025-10-23 19:05:53,663: DEBUG/38447] boost-unordered-documentation/bud_01/zh_Hans: updating stats <ProjectLanguageStats:stats-Project-16-769>
[2025-10-23 19:05:53,665: DEBUG/38447] boost-unordered-documentation/bud_01/zh_Hans: updating stats <ComponentStats:stats-Component-17>
[2025-10-23 19:05:53,667: DEBUG/38447] boost-unordered-documentation/bud_01/zh_Hans: updating stats <ProjectStats:stats-Project-16>
[2025-10-23 19:05:53,671: DEBUG/38447] boost-unordered-documentation/bud_01/zh_Hans: updating stats <GlobalStats:stats-global>
[2025-10-23 19:05:53,682: DEBUG/38447] boost-unordered-documentation/bud_02/zh_Hans: updating stats <LanguageStats:stats-Language-769>
[2025-10-23 19:05:53,682: DEBUG/38447] boost-unordered-documentation/bud_02/zh_Hans: updating stats <ProjectLanguageStats:stats-Project-16-769>
[2025-10-23 19:05:53,684: DEBUG/38447] boost-unordered-documentation/bud_02/zh_Hans: updating stats <ComponentStats:stats-Component-20>
[2025-10-23 19:05:53,686: DEBUG/38447] boost-unordered-documentation/bud_02/zh_Hans: updating stats <ProjectStats:stats-Project-16>
[2025-10-23 19:05:53,687: DEBUG/38447] boost-unordered-documentation/bud_02/zh_Hans: updating stats <GlobalStats:stats-global>
[2025-10-23 19:05:53,696: DEBUG/38447] boost-unordered-documentation/intro/zh_Hans: updating stats <LanguageStats:stats-Language-769>
[2025-10-23 19:05:53,697: DEBUG/38447] boost-unordered-documentation/intro/zh_Hans: updating stats <ProjectLanguageStats:stats-Project-16-769>
[2025-10-23 19:05:53,698: DEBUG/38447] boost-unordered-documentation/intro/zh_Hans: updating stats <ComponentStats:stats-Component-19>
[2025-10-23 19:05:53,699: DEBUG/38447] boost-unordered-documentation/intro/zh_Hans: updating stats <ProjectStats:stats-Project-16>
[2025-10-23 19:05:53,701: DEBUG/38447] boost-unordered-documentation/intro/zh_Hans: updating stats <GlobalStats:stats-global>
[2025-10-23 19:05:53,712: DEBUG/38447] boost-unordered-documentation/bud_01/zh_Hans: updating stats <LanguageStats:stats-Language-769>
[2025-10-23 19:05:53,713: DEBUG/38447] boost-unordered-documentation/bud_01/zh_Hans: updating stats <ProjectLanguageStats:stats-Project-16-769>
[2025-10-23 19:05:53,715: DEBUG/38447] boost-unordered-documentation/bud_01/zh_Hans: updating stats <ComponentStats:stats-Component-17>
[2025-10-23 19:05:53,716: DEBUG/38447] boost-unordered-documentation/bud_01/zh_Hans: updating stats <ProjectStats:stats-Project-16>
[2025-10-23 19:05:53,720: DEBUG/38447] boost-unordered-documentation/bud_01/zh_Hans: updating stats <GlobalStats:stats-global>
[2025-10-23 19:05:53,735: DEBUG/38447] boost-unordered-documentation/intro/zh_Hans: updating stats <LanguageStats:stats-Language-769>
[2025-10-23 19:05:53,735: DEBUG/38447] boost-unordered-documentation/intro/zh_Hans: updating stats <ProjectLanguageStats:stats-Project-16-769>
[2025-10-23 19:05:53,737: DEBUG/38447] boost-unordered-documentation/intro/zh_Hans: updating stats <ComponentStats:stats-Component-19>
[2025-10-23 19:05:53,738: DEBUG/38447] boost-unordered-documentation/intro/zh_Hans: updating stats <ProjectStats:stats-Project-16>
[2025-10-23 19:05:53,739: DEBUG/38447] boost-unordered-documentation/intro/zh_Hans: updating stats <GlobalStats:stats-global>
[2025-10-23 19:05:53,749: DEBUG/38447] boost-unordered-documentation/bud_02/zh_Hans: updating stats <LanguageStats:stats-Language-769>
[2025-10-23 19:05:53,750: DEBUG/38447] boost-unordered-documentation/bud_02/zh_Hans: updating stats <ProjectLanguageStats:stats-Project-16-769>
[2025-10-23 19:05:53,753: DEBUG/38447] boost-unordered-documentation/bud_02/zh_Hans: updating stats <ComponentStats:stats-Component-20>
[2025-10-23 19:05:53,754: DEBUG/38447] boost-unordered-documentation/bud_02/zh_Hans: updating stats <ProjectStats:stats-Project-16>
[2025-10-23 19:05:53,756: DEBUG/38447] boost-unordered-documentation/bud_02/zh_Hans: updating stats <GlobalStats:stats-global>
[2025-10-23 19:05:53,765: DEBUG/38447] boost-unordered-documentation/bud_03/zh_Hans: updating stats <LanguageStats:stats-Language-769>
[2025-10-23 19:05:53,767: DEBUG/38447] boost-unordered-documentation/bud_03/zh_Hans: updating stats <ProjectLanguageStats:stats-Project-16-769>
[2025-10-23 19:05:53,769: DEBUG/38447] boost-unordered-documentation/bud_03/zh_Hans: updating stats <ComponentStats:stats-Component-21>
[2025-10-23 19:05:53,770: DEBUG/38447] boost-unordered-documentation/bud_03/zh_Hans: updating stats <ProjectStats:stats-Project-16>
[2025-10-23 19:05:53,774: DEBUG/38447] boost-unordered-documentation/bud_03/zh_Hans: updating stats <GlobalStats:stats-global>
[23/Oct/2025 19:05:53] "POST /translate/boost-unordered-documentation/bud_03/zh_Hans/?&offset=5 HTTP/1.1" 302 0
[23/Oct/2025 19:05:54] "GET /translate/boost-unordered-documentation/bud_03/zh_Hans/?&offset=6 HTTP/1.1" 200 203594
[23/Oct/2025 19:05:54] "POST /js/translate/openai/834/ HTTP/1.1" 200 1348
[2025-10-23 19:05:58,108: DEBUG/38447] boost-unordered-documentation/bud_01/zh_Hans: updating stats <LanguageStats:stats-Language-769>
[2025-10-23 19:05:58,111: DEBUG/38447] boost-unordered-documentation/bud_01/zh_Hans: updating stats <ProjectLanguageStats:stats-Project-16-769>
[2025-10-23 19:05:58,117: DEBUG/38447] boost-unordered-documentation/bud_01/zh_Hans: updating stats <ComponentStats:stats-Component-17>
[2025-10-23 19:05:58,120: DEBUG/38447] boost-unordered-documentation/bud_01/zh_Hans: updating stats <ProjectStats:stats-Project-16>
[2025-10-23 19:05:58,124: DEBUG/38447] boost-unordered-documentation/bud_01/zh_Hans: updating stats <GlobalStats:stats-global>
[2025-10-23 19:05:58,145: DEBUG/38447] boost-unordered-documentation/bud_02/zh_Hans: updating stats <LanguageStats:stats-Language-769>
[2025-10-23 19:05:58,146: DEBUG/38447] boost-unordered-documentation/bud_02/zh_Hans: updating stats <ProjectLanguageStats:stats-Project-16-769>
[2025-10-23 19:05:58,148: DEBUG/38447] boost-unordered-documentation/bud_02/zh_Hans: updating stats <ComponentStats:stats-Component-20>
[2025-10-23 19:05:58,149: DEBUG/38447] boost-unordered-documentation/bud_02/zh_Hans: updating stats <ProjectStats:stats-Project-16>
[2025-10-23 19:05:58,151: DEBUG/38447] boost-unordered-documentation/bud_02/zh_Hans: updating stats <GlobalStats:stats-global>
[2025-10-23 19:05:58,166: DEBUG/38447] boost-unordered-documentation/intro/zh_Hans: updating stats <LanguageStats:stats-Language-769>
[2025-10-23 19:05:58,167: DEBUG/38447] boost-unordered-documentation/intro/zh_Hans: updating stats <ProjectLanguageStats:stats-Project-16-769>
[2025-10-23 19:05:58,170: DEBUG/38447] boost-unordered-documentation/intro/zh_Hans: updating stats <ComponentStats:stats-Component-19>
[2025-10-23 19:05:58,172: DEBUG/38447] boost-unordered-documentation/intro/zh_Hans: updating stats <ProjectStats:stats-Project-16>
[2025-10-23 19:05:58,174: DEBUG/38447] boost-unordered-documentation/intro/zh_Hans: updating stats <GlobalStats:stats-global>
[2025-10-23 19:05:58,183: DEBUG/38447] boost-unordered-documentation/bud_03/zh_Hans: updating stats <LanguageStats:stats-Language-769>
[2025-10-23 19:05:58,185: DEBUG/38447] boost-unordered-documentation/bud_03/zh_Hans: updating stats <ProjectLanguageStats:stats-Project-16-769>
[2025-10-23 19:05:58,188: DEBUG/38447] boost-unordered-documentation/bud_03/zh_Hans: updating stats <ComponentStats:stats-Component-21>
[2025-10-23 19:05:58,191: DEBUG/38447] boost-unordered-documentation/bud_03/zh_Hans: updating stats <ProjectStats:stats-Project-16>
[2025-10-23 19:05:58,197: DEBUG/38447] boost-unordered-documentation/bud_03/zh_Hans: updating stats <GlobalStats:stats-global>
[23/Oct/2025 19:05:58] "POST /translate/boost-unordered-documentation/bud_03/zh_Hans/?&offset=6 HTTP/1.1" 302 0
[23/Oct/2025 19:05:58] "GET /translate/boost-unordered-documentation/bud_03/zh_Hans/?&offset=7 HTTP/1.1" 200 209116
[23/Oct/2025 19:05:58] "POST /js/translate/openai/835/ HTTP/1.1" 200 3100
[2025-10-23 19:06:04,239: DEBUG/38447] boost-unordered-documentation/bud_01/zh_Hans: updating stats <LanguageStats:stats-Language-769>
[2025-10-23 19:06:04,241: DEBUG/38447] boost-unordered-documentation/bud_01/zh_Hans: updating stats <ProjectLanguageStats:stats-Project-16-769>
[2025-10-23 19:06:04,242: DEBUG/38447] boost-unordered-documentation/bud_01/zh_Hans: updating stats <ComponentStats:stats-Component-17>
[2025-10-23 19:06:04,243: DEBUG/38447] boost-unordered-documentation/bud_01/zh_Hans: updating stats <ProjectStats:stats-Project-16>
[2025-10-23 19:06:04,247: DEBUG/38447] boost-unordered-documentation/bud_01/zh_Hans: updating stats <GlobalStats:stats-global>
[2025-10-23 19:06:04,259: DEBUG/38447] boost-unordered-documentation/bud_02/zh_Hans: updating stats <LanguageStats:stats-Language-769>
[2025-10-23 19:06:04,260: DEBUG/38447] boost-unordered-documentation/bud_02/zh_Hans: updating stats <ProjectLanguageStats:stats-Project-16-769>
[2025-10-23 19:06:04,262: DEBUG/38447] boost-unordered-documentation/bud_02/zh_Hans: updating stats <ComponentStats:stats-Component-20>
[2025-10-23 19:06:04,263: DEBUG/38447] boost-unordered-documentation/bud_02/zh_Hans: updating stats <ProjectStats:stats-Project-16>
[2025-10-23 19:06:04,264: DEBUG/38447] boost-unordered-documentation/bud_02/zh_Hans: updating stats <GlobalStats:stats-global>
[2025-10-23 19:06:04,273: DEBUG/38447] boost-unordered-documentation/intro/zh_Hans: updating stats <LanguageStats:stats-Language-769>
[2025-10-23 19:06:04,273: DEBUG/38447] boost-unordered-documentation/intro/zh_Hans: updating stats <ProjectLanguageStats:stats-Project-16-769>
[2025-10-23 19:06:04,275: DEBUG/38447] boost-unordered-documentation/intro/zh_Hans: updating stats <ComponentStats:stats-Component-19>
[2025-10-23 19:06:04,278: DEBUG/38447] boost-unordered-documentation/intro/zh_Hans: updating stats <ProjectStats:stats-Project-16>
[2025-10-23 19:06:04,282: DEBUG/38447] boost-unordered-documentation/intro/zh_Hans: updating stats <GlobalStats:stats-global>
[2025-10-23 19:06:04,344: DEBUG/38447] boost-unordered-documentation/bud_01/zh_Hans: updating stats <LanguageStats:stats-Language-769>
[2025-10-23 19:06:04,346: DEBUG/38447] boost-unordered-documentation/bud_01/zh_Hans: updating stats <ProjectLanguageStats:stats-Project-16-769>
[2025-10-23 19:06:04,348: DEBUG/38447] boost-unordered-documentation/bud_01/zh_Hans: updating stats <ComponentStats:stats-Component-17>
[2025-10-23 19:06:04,350: DEBUG/38447] boost-unordered-documentation/bud_01/zh_Hans: updating stats <ProjectStats:stats-Project-16>
[2025-10-23 19:06:04,354: DEBUG/38447] boost-unordered-documentation/bud_01/zh_Hans: updating stats <GlobalStats:stats-global>
[2025-10-23 19:06:04,362: DEBUG/38447] boost-unordered-documentation/bud_02/zh_Hans: updating stats <LanguageStats:stats-Language-769>
[2025-10-23 19:06:04,362: DEBUG/38447] boost-unordered-documentation/bud_02/zh_Hans: updating stats <ProjectLanguageStats:stats-Project-16-769>
[2025-10-23 19:06:04,364: DEBUG/38447] boost-unordered-documentation/bud_02/zh_Hans: updating stats <ComponentStats:stats-Component-20>
[2025-10-23 19:06:04,365: DEBUG/38447] boost-unordered-documentation/bud_02/zh_Hans: updating stats <ProjectStats:stats-Project-16>
[2025-10-23 19:06:04,366: DEBUG/38447] boost-unordered-documentation/bud_02/zh_Hans: updating stats <GlobalStats:stats-global>
[2025-10-23 19:06:04,375: DEBUG/38447] boost-unordered-documentation/intro/zh_Hans: updating stats <LanguageStats:stats-Language-769>
[2025-10-23 19:06:04,376: DEBUG/38447] boost-unordered-documentation/intro/zh_Hans: updating stats <ProjectLanguageStats:stats-Project-16-769>
[2025-10-23 19:06:04,377: DEBUG/38447] boost-unordered-documentation/intro/zh_Hans: updating stats <ComponentStats:stats-Component-19>
[2025-10-23 19:06:04,379: DEBUG/38447] boost-unordered-documentation/intro/zh_Hans: updating stats <ProjectStats:stats-Project-16>
[2025-10-23 19:06:04,380: DEBUG/38447] boost-unordered-documentation/intro/zh_Hans: updating stats <GlobalStats:stats-global>
[2025-10-23 19:06:04,391: DEBUG/38447] boost-unordered-documentation/bud_01/zh_Hans: updating stats <LanguageStats:stats-Language-769>
[2025-10-23 19:06:04,393: DEBUG/38447] boost-unordered-documentation/bud_01/zh_Hans: updating stats <ProjectLanguageStats:stats-Project-16-769>
[2025-10-23 19:06:04,394: DEBUG/38447] boost-unordered-documentation/bud_01/zh_Hans: updating stats <ComponentStats:stats-Component-17>
[2025-10-23 19:06:04,395: DEBUG/38447] boost-unordered-documentation/bud_01/zh_Hans: updating stats <ProjectStats:stats-Project-16>
[2025-10-23 19:06:04,399: DEBUG/38447] boost-unordered-documentation/bud_01/zh_Hans: updating stats <GlobalStats:stats-global>
[2025-10-23 19:06:04,409: DEBUG/38447] boost-unordered-documentation/intro/zh_Hans: updating stats <LanguageStats:stats-Language-769>
[2025-10-23 19:06:04,409: DEBUG/38447] boost-unordered-documentation/intro/zh_Hans: updating stats <ProjectLanguageStats:stats-Project-16-769>
[2025-10-23 19:06:04,411: DEBUG/38447] boost-unordered-documentation/intro/zh_Hans: updating stats <ComponentStats:stats-Component-19>
[2025-10-23 19:06:04,412: DEBUG/38447] boost-unordered-documentation/intro/zh_Hans: updating stats <ProjectStats:stats-Project-16>
[2025-10-23 19:06:04,413: DEBUG/38447] boost-unordered-documentation/intro/zh_Hans: updating stats <GlobalStats:stats-global>
[2025-10-23 19:06:04,422: DEBUG/38447] boost-unordered-documentation/bud_02/zh_Hans: updating stats <LanguageStats:stats-Language-769>
[2025-10-23 19:06:04,422: DEBUG/38447] boost-unordered-documentation/bud_02/zh_Hans: updating stats <ProjectLanguageStats:stats-Project-16-769>
[2025-10-23 19:06:04,424: DEBUG/38447] boost-unordered-documentation/bud_02/zh_Hans: updating stats <ComponentStats:stats-Component-20>
[2025-10-23 19:06:04,425: DEBUG/38447] boost-unordered-documentation/bud_02/zh_Hans: updating stats <ProjectStats:stats-Project-16>
[2025-10-23 19:06:04,426: DEBUG/38447] boost-unordered-documentation/bud_02/zh_Hans: updating stats <GlobalStats:stats-global>
[2025-10-23 19:06:04,436: DEBUG/38447] boost-unordered-documentation/bud_03/zh_Hans: updating stats <LanguageStats:stats-Language-769>
[2025-10-23 19:06:04,438: DEBUG/38447] boost-unordered-documentation/bud_03/zh_Hans: updating stats <ProjectLanguageStats:stats-Project-16-769>
[2025-10-23 19:06:04,440: DEBUG/38447] boost-unordered-documentation/bud_03/zh_Hans: updating stats <ComponentStats:stats-Component-21>
[2025-10-23 19:06:04,441: DEBUG/38447] boost-unordered-documentation/bud_03/zh_Hans: updating stats <ProjectStats:stats-Project-16>
[2025-10-23 19:06:04,444: DEBUG/38447] boost-unordered-documentation/bud_03/zh_Hans: updating stats <GlobalStats:stats-global>
[23/Oct/2025 19:06:04] "POST /translate/boost-unordered-documentation/bud_03/zh_Hans/?&offset=7 HTTP/1.1" 302 0
[23/Oct/2025 19:06:04] "GET /translate/boost-unordered-documentation/bud_03/zh_Hans/?&offset=8 HTTP/1.1" 200 209636
[23/Oct/2025 19:06:04] "POST /js/translate/openai/836/ HTTP/1.1" 200 379
[2025-10-23 19:06:07,917: DEBUG/38447] boost-unordered-documentation/bud_01/zh_Hans: updating stats <LanguageStats:stats-Language-769>
[2025-10-23 19:06:07,922: DEBUG/38447] boost-unordered-documentation/bud_01/zh_Hans: updating stats <ProjectLanguageStats:stats-Project-16-769>
[2025-10-23 19:06:07,925: DEBUG/38447] boost-unordered-documentation/bud_01/zh_Hans: updating stats <ComponentStats:stats-Component-17>
[2025-10-23 19:06:07,926: DEBUG/38447] boost-unordered-documentation/bud_01/zh_Hans: updating stats <ProjectStats:stats-Project-16>
[2025-10-23 19:06:07,934: DEBUG/38447] boost-unordered-documentation/bud_01/zh_Hans: updating stats <GlobalStats:stats-global>
[2025-10-23 19:06:07,949: DEBUG/38447] boost-unordered-documentation/bud_02/zh_Hans: updating stats <LanguageStats:stats-Language-769>
[2025-10-23 19:06:07,949: DEBUG/38447] boost-unordered-documentation/bud_02/zh_Hans: updating stats <ProjectLanguageStats:stats-Project-16-769>
[2025-10-23 19:06:07,951: DEBUG/38447] boost-unordered-documentation/bud_02/zh_Hans: updating stats <ComponentStats:stats-Component-20>
[2025-10-23 19:06:07,952: DEBUG/38447] boost-unordered-documentation/bud_02/zh_Hans: updating stats <ProjectStats:stats-Project-16>
[2025-10-23 19:06:07,953: DEBUG/38447] boost-unordered-documentation/bud_02/zh_Hans: updating stats <GlobalStats:stats-global>
[2025-10-23 19:06:07,972: DEBUG/38447] boost-unordered-documentation/intro/zh_Hans: updating stats <LanguageStats:stats-Language-769>
[2025-10-23 19:06:07,974: DEBUG/38447] boost-unordered-documentation/intro/zh_Hans: updating stats <ProjectLanguageStats:stats-Project-16-769>
[2025-10-23 19:06:07,977: DEBUG/38447] boost-unordered-documentation/intro/zh_Hans: updating stats <ComponentStats:stats-Component-19>
[2025-10-23 19:06:07,978: DEBUG/38447] boost-unordered-documentation/intro/zh_Hans: updating stats <ProjectStats:stats-Project-16>
[2025-10-23 19:06:07,981: DEBUG/38447] boost-unordered-documentation/intro/zh_Hans: updating stats <GlobalStats:stats-global>
[2025-10-23 19:06:07,993: DEBUG/38447] boost-unordered-documentation/bud_03/zh_Hans: updating stats <LanguageStats:stats-Language-769>
[2025-10-23 19:06:07,995: DEBUG/38447] boost-unordered-documentation/bud_03/zh_Hans: updating stats <ProjectLanguageStats:stats-Project-16-769>
[2025-10-23 19:06:07,998: DEBUG/38447] boost-unordered-documentation/bud_03/zh_Hans: updating stats <ComponentStats:stats-Component-21>
[2025-10-23 19:06:07,999: DEBUG/38447] boost-unordered-documentation/bud_03/zh_Hans: updating stats <ProjectStats:stats-Project-16>
[2025-10-23 19:06:08,004: DEBUG/38447] boost-unordered-documentation/bud_03/zh_Hans: updating stats <GlobalStats:stats-global>
[23/Oct/2025 19:06:08] "POST /translate/boost-unordered-documentation/bud_03/zh_Hans/?&offset=8 HTTP/1.1" 302 0
[23/Oct/2025 19:06:08] "GET /translate/boost-unordered-documentation/bud_03/zh_Hans/?&offset=9 HTTP/1.1" 200 209828
[23/Oct/2025 19:06:08] "POST /js/translate/openai/837/ HTTP/1.1" 200 447
[2025-10-23 19:06:11,388: DEBUG/38447] boost-unordered-documentation/bud_01/zh_Hans: updating stats <LanguageStats:stats-Language-769>
[2025-10-23 19:06:11,390: DEBUG/38447] boost-unordered-documentation/bud_01/zh_Hans: updating stats <ProjectLanguageStats:stats-Project-16-769>
[2025-10-23 19:06:11,393: DEBUG/38447] boost-unordered-documentation/bud_01/zh_Hans: updating stats <ComponentStats:stats-Component-17>
[2025-10-23 19:06:11,394: DEBUG/38447] boost-unordered-documentation/bud_01/zh_Hans: updating stats <ProjectStats:stats-Project-16>
[2025-10-23 19:06:11,397: DEBUG/38447] boost-unordered-documentation/bud_01/zh_Hans: updating stats <GlobalStats:stats-global>
[2025-10-23 19:06:11,411: DEBUG/38447] boost-unordered-documentation/bud_02/zh_Hans: updating stats <LanguageStats:stats-Language-769>
[2025-10-23 19:06:11,412: DEBUG/38447] boost-unordered-documentation/bud_02/zh_Hans: updating stats <ProjectLanguageStats:stats-Project-16-769>
[2025-10-23 19:06:11,414: DEBUG/38447] boost-unordered-documentation/bud_02/zh_Hans: updating stats <ComponentStats:stats-Component-20>
[2025-10-23 19:06:11,416: DEBUG/38447] boost-unordered-documentation/bud_02/zh_Hans: updating stats <ProjectStats:stats-Project-16>
[2025-10-23 19:06:11,418: DEBUG/38447] boost-unordered-documentation/bud_02/zh_Hans: updating stats <GlobalStats:stats-global>
[2025-10-23 19:06:11,433: DEBUG/38447] boost-unordered-documentation/intro/zh_Hans: updating stats <LanguageStats:stats-Language-769>
[2025-10-23 19:06:11,434: DEBUG/38447] boost-unordered-documentation/intro/zh_Hans: updating stats <ProjectLanguageStats:stats-Project-16-769>
[2025-10-23 19:06:11,437: DEBUG/38447] boost-unordered-documentation/intro/zh_Hans: updating stats <ComponentStats:stats-Component-19>
[2025-10-23 19:06:11,439: DEBUG/38447] boost-unordered-documentation/intro/zh_Hans: updating stats <ProjectStats:stats-Project-16>
[2025-10-23 19:06:11,441: DEBUG/38447] boost-unordered-documentation/intro/zh_Hans: updating stats <GlobalStats:stats-global>
[2025-10-23 19:06:11,461: DEBUG/38447] boost-unordered-documentation/bud_03/zh_Hans: updating stats <LanguageStats:stats-Language-769>
[2025-10-23 19:06:11,466: DEBUG/38447] boost-unordered-documentation/bud_03/zh_Hans: updating stats <ProjectLanguageStats:stats-Project-16-769>
[2025-10-23 19:06:11,470: DEBUG/38447] boost-unordered-documentation/bud_03/zh_Hans: updating stats <ComponentStats:stats-Component-21>
[2025-10-23 19:06:11,473: DEBUG/38447] boost-unordered-documentation/bud_03/zh_Hans: updating stats <ProjectStats:stats-Project-16>
[2025-10-23 19:06:11,482: DEBUG/38447] boost-unordered-documentation/bud_03/zh_Hans: updating stats <GlobalStats:stats-global>
[23/Oct/2025 19:06:11] "POST /translate/boost-unordered-documentation/bud_03/zh_Hans/?&offset=9 HTTP/1.1" 302 0
[23/Oct/2025 19:06:11] "GET /translate/boost-unordered-documentation/bud_03/zh_Hans/?&offset=10 HTTP/1.1" 200 220664
[23/Oct/2025 19:06:11] "POST /js/translate/openai/838/ HTTP/1.1" 200 3413
[2025-10-23 19:06:16,727: DEBUG/38447] boost-unordered-documentation/bud_01/zh_Hans: updating stats <LanguageStats:stats-Language-769>
[2025-10-23 19:06:16,729: DEBUG/38447] boost-unordered-documentation/bud_01/zh_Hans: updating stats <ProjectLanguageStats:stats-Project-16-769>
[2025-10-23 19:06:16,732: DEBUG/38447] boost-unordered-documentation/bud_01/zh_Hans: updating stats <ComponentStats:stats-Component-17>
[2025-10-23 19:06:16,733: DEBUG/38447] boost-unordered-documentation/bud_01/zh_Hans: updating stats <ProjectStats:stats-Project-16>
[2025-10-23 19:06:16,736: DEBUG/38447] boost-unordered-documentation/bud_01/zh_Hans: updating stats <GlobalStats:stats-global>
[2025-10-23 19:06:16,748: DEBUG/38447] boost-unordered-documentation/bud_02/zh_Hans: updating stats <LanguageStats:stats-Language-769>
[2025-10-23 19:06:16,749: DEBUG/38447] boost-unordered-documentation/bud_02/zh_Hans: updating stats <ProjectLanguageStats:stats-Project-16-769>
[2025-10-23 19:06:16,751: DEBUG/38447] boost-unordered-documentation/bud_02/zh_Hans: updating stats <ComponentStats:stats-Component-20>
[2025-10-23 19:06:16,752: DEBUG/38447] boost-unordered-documentation/bud_02/zh_Hans: updating stats <ProjectStats:stats-Project-16>
[2025-10-23 19:06:16,754: DEBUG/38447] boost-unordered-documentation/bud_02/zh_Hans: updating stats <GlobalStats:stats-global>
[2025-10-23 19:06:16,772: DEBUG/38447] boost-unordered-documentation/intro/zh_Hans: updating stats <LanguageStats:stats-Language-769>
[2025-10-23 19:06:16,773: DEBUG/38447] boost-unordered-documentation/intro/zh_Hans: updating stats <ProjectLanguageStats:stats-Project-16-769>
[2025-10-23 19:06:16,775: DEBUG/38447] boost-unordered-documentation/intro/zh_Hans: updating stats <ComponentStats:stats-Component-19>
[2025-10-23 19:06:16,777: DEBUG/38447] boost-unordered-documentation/intro/zh_Hans: updating stats <ProjectStats:stats-Project-16>
[2025-10-23 19:06:16,779: DEBUG/38447] boost-unordered-documentation/intro/zh_Hans: updating stats <GlobalStats:stats-global>
[2025-10-23 19:06:16,849: DEBUG/38447] boost-unordered-documentation/bud_01/zh_Hans: updating stats <LanguageStats:stats-Language-769>
[2025-10-23 19:06:16,850: DEBUG/38447] boost-unordered-documentation/bud_01/zh_Hans: updating stats <ProjectLanguageStats:stats-Project-16-769>
[2025-10-23 19:06:16,852: DEBUG/38447] boost-unordered-documentation/bud_01/zh_Hans: updating stats <ComponentStats:stats-Component-17>
[2025-10-23 19:06:16,853: DEBUG/38447] boost-unordered-documentation/bud_01/zh_Hans: updating stats <ProjectStats:stats-Project-16>
[2025-10-23 19:06:16,857: DEBUG/38447] boost-unordered-documentation/bud_01/zh_Hans: updating stats <GlobalStats:stats-global>
[2025-10-23 19:06:16,869: DEBUG/38447] boost-unordered-documentation/bud_02/zh_Hans: updating stats <LanguageStats:stats-Language-769>
[2025-10-23 19:06:16,869: DEBUG/38447] boost-unordered-documentation/bud_02/zh_Hans: updating stats <ProjectLanguageStats:stats-Project-16-769>
[2025-10-23 19:06:16,871: DEBUG/38447] boost-unordered-documentation/bud_02/zh_Hans: updating stats <ComponentStats:stats-Component-20>
[2025-10-23 19:06:16,872: DEBUG/38447] boost-unordered-documentation/bud_02/zh_Hans: updating stats <ProjectStats:stats-Project-16>
[2025-10-23 19:06:16,874: DEBUG/38447] boost-unordered-documentation/bud_02/zh_Hans: updating stats <GlobalStats:stats-global>
[2025-10-23 19:06:16,883: DEBUG/38447] boost-unordered-documentation/intro/zh_Hans: updating stats <LanguageStats:stats-Language-769>
[2025-10-23 19:06:16,884: DEBUG/38447] boost-unordered-documentation/intro/zh_Hans: updating stats <ProjectLanguageStats:stats-Project-16-769>
[2025-10-23 19:06:16,885: DEBUG/38447] boost-unordered-documentation/intro/zh_Hans: updating stats <ComponentStats:stats-Component-19>
[2025-10-23 19:06:16,887: DEBUG/38447] boost-unordered-documentation/intro/zh_Hans: updating stats <ProjectStats:stats-Project-16>
[2025-10-23 19:06:16,888: DEBUG/38447] boost-unordered-documentation/intro/zh_Hans: updating stats <GlobalStats:stats-global>
[2025-10-23 19:06:16,898: DEBUG/38447] boost-unordered-documentation/bud_01/zh_Hans: updating stats <LanguageStats:stats-Language-769>
[2025-10-23 19:06:16,900: DEBUG/38447] boost-unordered-documentation/bud_01/zh_Hans: updating stats <ProjectLanguageStats:stats-Project-16-769>
[2025-10-23 19:06:16,902: DEBUG/38447] boost-unordered-documentation/bud_01/zh_Hans: updating stats <ComponentStats:stats-Component-17>
[2025-10-23 19:06:16,903: DEBUG/38447] boost-unordered-documentation/bud_01/zh_Hans: updating stats <ProjectStats:stats-Project-16>
[2025-10-23 19:06:16,906: DEBUG/38447] boost-unordered-documentation/bud_01/zh_Hans: updating stats <GlobalStats:stats-global>
[2025-10-23 19:06:16,919: DEBUG/38447] boost-unordered-documentation/intro/zh_Hans: updating stats <LanguageStats:stats-Language-769>
[2025-10-23 19:06:16,919: DEBUG/38447] boost-unordered-documentation/intro/zh_Hans: updating stats <ProjectLanguageStats:stats-Project-16-769>
[2025-10-23 19:06:16,921: DEBUG/38447] boost-unordered-documentation/intro/zh_Hans: updating stats <ComponentStats:stats-Component-19>
[2025-10-23 19:06:16,922: DEBUG/38447] boost-unordered-documentation/intro/zh_Hans: updating stats <ProjectStats:stats-Project-16>
[2025-10-23 19:06:16,923: DEBUG/38447] boost-unordered-documentation/intro/zh_Hans: updating stats <GlobalStats:stats-global>
[2025-10-23 19:06:16,932: DEBUG/38447] boost-unordered-documentation/bud_02/zh_Hans: updating stats <LanguageStats:stats-Language-769>
[2025-10-23 19:06:16,933: DEBUG/38447] boost-unordered-documentation/bud_02/zh_Hans: updating stats <ProjectLanguageStats:stats-Project-16-769>
[2025-10-23 19:06:16,935: DEBUG/38447] boost-unordered-documentation/bud_02/zh_Hans: updating stats <ComponentStats:stats-Component-20>
[2025-10-23 19:06:16,936: DEBUG/38447] boost-unordered-documentation/bud_02/zh_Hans: updating stats <ProjectStats:stats-Project-16>
[2025-10-23 19:06:16,938: DEBUG/38447] boost-unordered-documentation/bud_02/zh_Hans: updating stats <GlobalStats:stats-global>
[2025-10-23 19:06:16,948: DEBUG/38447] boost-unordered-documentation/bud_03/zh_Hans: updating stats <LanguageStats:stats-Language-769>
[2025-10-23 19:06:16,949: DEBUG/38447] boost-unordered-documentation/bud_03/zh_Hans: updating stats <ProjectLanguageStats:stats-Project-16-769>
[2025-10-23 19:06:16,951: DEBUG/38447] boost-unordered-documentation/bud_03/zh_Hans: updating stats <ComponentStats:stats-Component-21>
[2025-10-23 19:06:16,953: DEBUG/38447] boost-unordered-documentation/bud_03/zh_Hans: updating stats <ProjectStats:stats-Project-16>
[2025-10-23 19:06:16,957: DEBUG/38447] boost-unordered-documentation/bud_03/zh_Hans: updating stats <GlobalStats:stats-global>
[23/Oct/2025 19:06:17] "POST /translate/boost-unordered-documentation/bud_03/zh_Hans/?&offset=10 HTTP/1.1" 302 0
[23/Oct/2025 19:06:17] "GET /translate/boost-unordered-documentation/bud_03/zh_Hans/?&offset=11 HTTP/1.1" 200 205272
[23/Oct/2025 19:06:17] "POST /js/translate/openai/839/ HTTP/1.1" 200 1135
[2025-10-23 19:06:23,010: DEBUG/38447] boost-unordered-documentation/bud_03/zh_Hans: updating stats <LanguageStats:stats-Language-769>
[2025-10-23 19:06:23,012: DEBUG/38447] boost-unordered-documentation/bud_03/zh_Hans: updating stats <ProjectLanguageStats:stats-Project-16-769>
[2025-10-23 19:06:23,014: DEBUG/38447] boost-unordered-documentation/bud_03/zh_Hans: updating stats <ComponentStats:stats-Component-21>
[2025-10-23 19:06:23,015: DEBUG/38447] boost-unordered-documentation/bud_03/zh_Hans: updating stats <ProjectStats:stats-Project-16>
[2025-10-23 19:06:23,028: DEBUG/38447] boost-unordered-documentation/bud_03/zh_Hans: updating stats <GlobalStats:stats-global>
[2025-10-23 19:06:23,048: DEBUG/38447] boost-unordered-documentation/bud_01/zh_Hans: updating stats <LanguageStats:stats-Language-769>
[2025-10-23 19:06:23,050: DEBUG/38447] boost-unordered-documentation/bud_01/zh_Hans: updating stats <ProjectLanguageStats:stats-Project-16-769>
[2025-10-23 19:06:23,053: DEBUG/38447] boost-unordered-documentation/bud_01/zh_Hans: updating stats <ComponentStats:stats-Component-17>
[2025-10-23 19:06:23,054: DEBUG/38447] boost-unordered-documentation/bud_01/zh_Hans: updating stats <ProjectStats:stats-Project-16>
[2025-10-23 19:06:23,063: DEBUG/38447] boost-unordered-documentation/bud_01/zh_Hans: updating stats <GlobalStats:stats-global>
[2025-10-23 19:06:23,090: DEBUG/38447] boost-unordered-documentation/bud_02/zh_Hans: updating stats <LanguageStats:stats-Language-769>
[2025-10-23 19:06:23,092: DEBUG/38447] boost-unordered-documentation/bud_02/zh_Hans: updating stats <ProjectLanguageStats:stats-Project-16-769>
[2025-10-23 19:06:23,094: DEBUG/38447] boost-unordered-documentation/bud_02/zh_Hans: updating stats <ComponentStats:stats-Component-20>
[2025-10-23 19:06:23,096: DEBUG/38447] boost-unordered-documentation/bud_02/zh_Hans: updating stats <ProjectStats:stats-Project-16>
[2025-10-23 19:06:23,100: DEBUG/38447] boost-unordered-documentation/bud_02/zh_Hans: updating stats <GlobalStats:stats-global>
[2025-10-23 19:06:23,127: DEBUG/38447] boost-unordered-documentation/intro/zh_Hans: updating stats <LanguageStats:stats-Language-769>
[2025-10-23 19:06:23,128: DEBUG/38447] boost-unordered-documentation/intro/zh_Hans: updating stats <ProjectLanguageStats:stats-Project-16-769>
[2025-10-23 19:06:23,130: DEBUG/38447] boost-unordered-documentation/intro/zh_Hans: updating stats <ComponentStats:stats-Component-19>
[2025-10-23 19:06:23,131: DEBUG/38447] boost-unordered-documentation/intro/zh_Hans: updating stats <ProjectStats:stats-Project-16>
[2025-10-23 19:06:23,135: DEBUG/38447] boost-unordered-documentation/intro/zh_Hans: updating stats <GlobalStats:stats-global>
[23/Oct/2025 19:06:23] "POST /js/ignore-check/318/ HTTP/1.1" 200 2
[2025-10-23 19:06:24,070: DEBUG/38447] boost-unordered-documentation/bud_01/zh_Hans: updating stats <LanguageStats:stats-Language-769>
[2025-10-23 19:06:24,072: DEBUG/38447] boost-unordered-documentation/bud_01/zh_Hans: updating stats <ProjectLanguageStats:stats-Project-16-769>
[2025-10-23 19:06:24,074: DEBUG/38447] boost-unordered-documentation/bud_01/zh_Hans: updating stats <ComponentStats:stats-Component-17>
[2025-10-23 19:06:24,075: DEBUG/38447] boost-unordered-documentation/bud_01/zh_Hans: updating stats <ProjectStats:stats-Project-16>
[2025-10-23 19:06:24,079: DEBUG/38447] boost-unordered-documentation/bud_01/zh_Hans: updating stats <GlobalStats:stats-global>
[2025-10-23 19:06:24,089: DEBUG/38447] boost-unordered-documentation/bud_02/zh_Hans: updating stats <LanguageStats:stats-Language-769>
[2025-10-23 19:06:24,090: DEBUG/38447] boost-unordered-documentation/bud_02/zh_Hans: updating stats <ProjectLanguageStats:stats-Project-16-769>
[2025-10-23 19:06:24,092: DEBUG/38447] boost-unordered-documentation/bud_02/zh_Hans: updating stats <ComponentStats:stats-Component-20>
[2025-10-23 19:06:24,093: DEBUG/38447] boost-unordered-documentation/bud_02/zh_Hans: updating stats <ProjectStats:stats-Project-16>
[2025-10-23 19:06:24,096: DEBUG/38447] boost-unordered-documentation/bud_02/zh_Hans: updating stats <GlobalStats:stats-global>
[2025-10-23 19:06:24,110: DEBUG/38447] boost-unordered-documentation/intro/zh_Hans: updating stats <LanguageStats:stats-Language-769>
[2025-10-23 19:06:24,111: DEBUG/38447] boost-unordered-documentation/intro/zh_Hans: updating stats <ProjectLanguageStats:stats-Project-16-769>
[2025-10-23 19:06:24,112: DEBUG/38447] boost-unordered-documentation/intro/zh_Hans: updating stats <ComponentStats:stats-Component-19>
[2025-10-23 19:06:24,113: DEBUG/38447] boost-unordered-documentation/intro/zh_Hans: updating stats <ProjectStats:stats-Project-16>
[2025-10-23 19:06:24,115: DEBUG/38447] boost-unordered-documentation/intro/zh_Hans: updating stats <GlobalStats:stats-global>
[2025-10-23 19:06:24,225: DEBUG/38447] boost-unordered-documentation/bud_01/zh_Hans: updating stats <LanguageStats:stats-Language-769>
[2025-10-23 19:06:24,231: DEBUG/38447] boost-unordered-documentation/bud_01/zh_Hans: updating stats <ProjectLanguageStats:stats-Project-16-769>
[2025-10-23 19:06:24,238: DEBUG/38447] boost-unordered-documentation/bud_01/zh_Hans: updating stats <ComponentStats:stats-Component-17>
[2025-10-23 19:06:24,246: DEBUG/38447] boost-unordered-documentation/bud_01/zh_Hans: updating stats <ProjectStats:stats-Project-16>
[2025-10-23 19:06:24,263: DEBUG/38447] boost-unordered-documentation/bud_01/zh_Hans: updating stats <GlobalStats:stats-global>
[2025-10-23 19:06:24,311: DEBUG/38447] boost-unordered-documentation/bud_02/zh_Hans: updating stats <LanguageStats:stats-Language-769>
[2025-10-23 19:06:24,311: DEBUG/38447] boost-unordered-documentation/bud_02/zh_Hans: updating stats <ProjectLanguageStats:stats-Project-16-769>
[2025-10-23 19:06:24,317: DEBUG/38447] boost-unordered-documentation/bud_02/zh_Hans: updating stats <ComponentStats:stats-Component-20>
[2025-10-23 19:06:24,321: DEBUG/38447] boost-unordered-documentation/bud_02/zh_Hans: updating stats <ProjectStats:stats-Project-16>
[2025-10-23 19:06:24,327: DEBUG/38447] boost-unordered-documentation/bud_02/zh_Hans: updating stats <GlobalStats:stats-global>
[2025-10-23 19:06:24,344: DEBUG/38447] boost-unordered-documentation/intro/zh_Hans: updating stats <LanguageStats:stats-Language-769>
[2025-10-23 19:06:24,345: DEBUG/38447] boost-unordered-documentation/intro/zh_Hans: updating stats <ProjectLanguageStats:stats-Project-16-769>
[2025-10-23 19:06:24,346: DEBUG/38447] boost-unordered-documentation/intro/zh_Hans: updating stats <ComponentStats:stats-Component-19>
[2025-10-23 19:06:24,348: DEBUG/38447] boost-unordered-documentation/intro/zh_Hans: updating stats <ProjectStats:stats-Project-16>
[2025-10-23 19:06:24,349: DEBUG/38447] boost-unordered-documentation/intro/zh_Hans: updating stats <GlobalStats:stats-global>
[2025-10-23 19:06:24,363: DEBUG/38447] boost-unordered-documentation/bud_01/zh_Hans: updating stats <LanguageStats:stats-Language-769>
[2025-10-23 19:06:24,365: DEBUG/38447] boost-unordered-documentation/bud_01/zh_Hans: updating stats <ProjectLanguageStats:stats-Project-16-769>
[2025-10-23 19:06:24,366: DEBUG/38447] boost-unordered-documentation/bud_01/zh_Hans: updating stats <ComponentStats:stats-Component-17>
[2025-10-23 19:06:24,367: DEBUG/38447] boost-unordered-documentation/bud_01/zh_Hans: updating stats <ProjectStats:stats-Project-16>
[2025-10-23 19:06:24,372: DEBUG/38447] boost-unordered-documentation/bud_01/zh_Hans: updating stats <GlobalStats:stats-global>
[2025-10-23 19:06:24,382: DEBUG/38447] boost-unordered-documentation/intro/zh_Hans: updating stats <LanguageStats:stats-Language-769>
[2025-10-23 19:06:24,382: DEBUG/38447] boost-unordered-documentation/intro/zh_Hans: updating stats <ProjectLanguageStats:stats-Project-16-769>
[2025-10-23 19:06:24,384: DEBUG/38447] boost-unordered-documentation/intro/zh_Hans: updating stats <ComponentStats:stats-Component-19>
[2025-10-23 19:06:24,385: DEBUG/38447] boost-unordered-documentation/intro/zh_Hans: updating stats <ProjectStats:stats-Project-16>
[2025-10-23 19:06:24,386: DEBUG/38447] boost-unordered-documentation/intro/zh_Hans: updating stats <GlobalStats:stats-global>
[2025-10-23 19:06:24,397: DEBUG/38447] boost-unordered-documentation/bud_02/zh_Hans: updating stats <LanguageStats:stats-Language-769>
[2025-10-23 19:06:24,398: DEBUG/38447] boost-unordered-documentation/bud_02/zh_Hans: updating stats <ProjectLanguageStats:stats-Project-16-769>
[2025-10-23 19:06:24,399: DEBUG/38447] boost-unordered-documentation/bud_02/zh_Hans: updating stats <ComponentStats:stats-Component-20>
[2025-10-23 19:06:24,400: DEBUG/38447] boost-unordered-documentation/bud_02/zh_Hans: updating stats <ProjectStats:stats-Project-16>
[2025-10-23 19:06:24,402: DEBUG/38447] boost-unordered-documentation/bud_02/zh_Hans: updating stats <GlobalStats:stats-global>
[2025-10-23 19:06:24,411: DEBUG/38447] boost-unordered-documentation/bud_03/zh_Hans: updating stats <LanguageStats:stats-Language-769>
[2025-10-23 19:06:24,412: DEBUG/38447] boost-unordered-documentation/bud_03/zh_Hans: updating stats <ProjectLanguageStats:stats-Project-16-769>
[2025-10-23 19:06:24,414: DEBUG/38447] boost-unordered-documentation/bud_03/zh_Hans: updating stats <ComponentStats:stats-Component-21>
[2025-10-23 19:06:24,415: DEBUG/38447] boost-unordered-documentation/bud_03/zh_Hans: updating stats <ProjectStats:stats-Project-16>
[2025-10-23 19:06:24,418: DEBUG/38447] boost-unordered-documentation/bud_03/zh_Hans: updating stats <GlobalStats:stats-global>
[23/Oct/2025 19:06:24] "POST /translate/boost-unordered-documentation/bud_03/zh_Hans/?&offset=11 HTTP/1.1" 302 0
[23/Oct/2025 19:06:24] "GET /translate/boost-unordered-documentation/bud_03/zh_Hans/?&offset=12 HTTP/1.1" 200 209567
[23/Oct/2025 19:06:25] "POST /js/translate/openai/840/ HTTP/1.1" 200 2531
[2025-10-23 19:06:29,599: DEBUG/38447] boost-unordered-documentation/bud_01/zh_Hans: updating stats <LanguageStats:stats-Language-769>
[2025-10-23 19:06:29,602: DEBUG/38447] boost-unordered-documentation/bud_01/zh_Hans: updating stats <ProjectLanguageStats:stats-Project-16-769>
[2025-10-23 19:06:29,605: DEBUG/38447] boost-unordered-documentation/bud_01/zh_Hans: updating stats <ComponentStats:stats-Component-17>
[2025-10-23 19:06:29,606: DEBUG/38447] boost-unordered-documentation/bud_01/zh_Hans: updating stats <ProjectStats:stats-Project-16>
[2025-10-23 19:06:29,610: DEBUG/38447] boost-unordered-documentation/bud_01/zh_Hans: updating stats <GlobalStats:stats-global>
[2025-10-23 19:06:29,624: DEBUG/38447] boost-unordered-documentation/bud_02/zh_Hans: updating stats <LanguageStats:stats-Language-769>
[2025-10-23 19:06:29,624: DEBUG/38447] boost-unordered-documentation/bud_02/zh_Hans: updating stats <ProjectLanguageStats:stats-Project-16-769>
[2025-10-23 19:06:29,626: DEBUG/38447] boost-unordered-documentation/bud_02/zh_Hans: updating stats <ComponentStats:stats-Component-20>
[2025-10-23 19:06:29,628: DEBUG/38447] boost-unordered-documentation/bud_02/zh_Hans: updating stats <ProjectStats:stats-Project-16>
[2025-10-23 19:06:29,630: DEBUG/38447] boost-unordered-documentation/bud_02/zh_Hans: updating stats <GlobalStats:stats-global>
[2025-10-23 19:06:29,640: DEBUG/38447] boost-unordered-documentation/intro/zh_Hans: updating stats <LanguageStats:stats-Language-769>
[2025-10-23 19:06:29,640: DEBUG/38447] boost-unordered-documentation/intro/zh_Hans: updating stats <ProjectLanguageStats:stats-Project-16-769>
[2025-10-23 19:06:29,643: DEBUG/38447] boost-unordered-documentation/intro/zh_Hans: updating stats <ComponentStats:stats-Component-19>
[2025-10-23 19:06:29,644: DEBUG/38447] boost-unordered-documentation/intro/zh_Hans: updating stats <ProjectStats:stats-Project-16>
[2025-10-23 19:06:29,646: DEBUG/38447] boost-unordered-documentation/intro/zh_Hans: updating stats <GlobalStats:stats-global>
[2025-10-23 19:06:29,703: DEBUG/38447] boost-unordered-documentation/bud_01/zh_Hans: updating stats <LanguageStats:stats-Language-769>
[2025-10-23 19:06:29,705: DEBUG/38447] boost-unordered-documentation/bud_01/zh_Hans: updating stats <ProjectLanguageStats:stats-Project-16-769>
[2025-10-23 19:06:29,707: DEBUG/38447] boost-unordered-documentation/bud_01/zh_Hans: updating stats <ComponentStats:stats-Component-17>
[2025-10-23 19:06:29,708: DEBUG/38447] boost-unordered-documentation/bud_01/zh_Hans: updating stats <ProjectStats:stats-Project-16>
[2025-10-23 19:06:29,712: DEBUG/38447] boost-unordered-documentation/bud_01/zh_Hans: updating stats <GlobalStats:stats-global>
[2025-10-23 19:06:29,722: DEBUG/38447] boost-unordered-documentation/bud_02/zh_Hans: updating stats <LanguageStats:stats-Language-769>
[2025-10-23 19:06:29,723: DEBUG/38447] boost-unordered-documentation/bud_02/zh_Hans: updating stats <ProjectLanguageStats:stats-Project-16-769>
[2025-10-23 19:06:29,725: DEBUG/38447] boost-unordered-documentation/bud_02/zh_Hans: updating stats <ComponentStats:stats-Component-20>
[2025-10-23 19:06:29,726: DEBUG/38447] boost-unordered-documentation/bud_02/zh_Hans: updating stats <ProjectStats:stats-Project-16>
[2025-10-23 19:06:29,728: DEBUG/38447] boost-unordered-documentation/bud_02/zh_Hans: updating stats <GlobalStats:stats-global>
[2025-10-23 19:06:29,738: DEBUG/38447] boost-unordered-documentation/intro/zh_Hans: updating stats <LanguageStats:stats-Language-769>
[2025-10-23 19:06:29,738: DEBUG/38447] boost-unordered-documentation/intro/zh_Hans: updating stats <ProjectLanguageStats:stats-Project-16-769>
[2025-10-23 19:06:29,740: DEBUG/38447] boost-unordered-documentation/intro/zh_Hans: updating stats <ComponentStats:stats-Component-19>
[2025-10-23 19:06:29,741: DEBUG/38447] boost-unordered-documentation/intro/zh_Hans: updating stats <ProjectStats:stats-Project-16>
[2025-10-23 19:06:29,743: DEBUG/38447] boost-unordered-documentation/intro/zh_Hans: updating stats <GlobalStats:stats-global>
[2025-10-23 19:06:29,752: DEBUG/38447] boost-unordered-documentation/bud_01/zh_Hans: updating stats <LanguageStats:stats-Language-769>
[2025-10-23 19:06:29,753: DEBUG/38447] boost-unordered-documentation/bud_01/zh_Hans: updating stats <ProjectLanguageStats:stats-Project-16-769>
[2025-10-23 19:06:29,755: DEBUG/38447] boost-unordered-documentation/bud_01/zh_Hans: updating stats <ComponentStats:stats-Component-17>
[2025-10-23 19:06:29,756: DEBUG/38447] boost-unordered-documentation/bud_01/zh_Hans: updating stats <ProjectStats:stats-Project-16>
[2025-10-23 19:06:29,759: DEBUG/38447] boost-unordered-documentation/bud_01/zh_Hans: updating stats <GlobalStats:stats-global>
[2025-10-23 19:06:29,767: DEBUG/38447] boost-unordered-documentation/intro/zh_Hans: updating stats <LanguageStats:stats-Language-769>
[2025-10-23 19:06:29,767: DEBUG/38447] boost-unordered-documentation/intro/zh_Hans: updating stats <ProjectLanguageStats:stats-Project-16-769>
[2025-10-23 19:06:29,769: DEBUG/38447] boost-unordered-documentation/intro/zh_Hans: updating stats <ComponentStats:stats-Component-19>
[2025-10-23 19:06:29,770: DEBUG/38447] boost-unordered-documentation/intro/zh_Hans: updating stats <ProjectStats:stats-Project-16>
[2025-10-23 19:06:29,772: DEBUG/38447] boost-unordered-documentation/intro/zh_Hans: updating stats <GlobalStats:stats-global>
[2025-10-23 19:06:29,781: DEBUG/38447] boost-unordered-documentation/bud_02/zh_Hans: updating stats <LanguageStats:stats-Language-769>
[2025-10-23 19:06:29,782: DEBUG/38447] boost-unordered-documentation/bud_02/zh_Hans: updating stats <ProjectLanguageStats:stats-Project-16-769>
[2025-10-23 19:06:29,785: DEBUG/38447] boost-unordered-documentation/bud_02/zh_Hans: updating stats <ComponentStats:stats-Component-20>
[2025-10-23 19:06:29,786: DEBUG/38447] boost-unordered-documentation/bud_02/zh_Hans: updating stats <ProjectStats:stats-Project-16>
[2025-10-23 19:06:29,788: DEBUG/38447] boost-unordered-documentation/bud_02/zh_Hans: updating stats <GlobalStats:stats-global>
[2025-10-23 19:06:29,796: DEBUG/38447] boost-unordered-documentation/bud_03/zh_Hans: updating stats <LanguageStats:stats-Language-769>
[2025-10-23 19:06:29,797: DEBUG/38447] boost-unordered-documentation/bud_03/zh_Hans: updating stats <ProjectLanguageStats:stats-Project-16-769>
[2025-10-23 19:06:29,799: DEBUG/38447] boost-unordered-documentation/bud_03/zh_Hans: updating stats <ComponentStats:stats-Component-21>
[2025-10-23 19:06:29,801: DEBUG/38447] boost-unordered-documentation/bud_03/zh_Hans: updating stats <ProjectStats:stats-Project-16>
[2025-10-23 19:06:29,804: DEBUG/38447] boost-unordered-documentation/bud_03/zh_Hans: updating stats <GlobalStats:stats-global>
[23/Oct/2025 19:06:29] "POST /translate/boost-unordered-documentation/bud_03/zh_Hans/?&offset=12 HTTP/1.1" 302 0
[23/Oct/2025 19:06:30] "GET /translate/boost-unordered-documentation/bud_03/zh_Hans/?&offset=13 HTTP/1.1" 200 224362
[23/Oct/2025 19:06:30] "POST /js/translate/openai/841/ HTTP/1.1" 200 8515
[2025-10-23 19:06:33,231: DEBUG/38447] boost-unordered-documentation/bud_01/zh_Hans: updating stats <LanguageStats:stats-Language-769>
[2025-10-23 19:06:33,233: DEBUG/38447] boost-unordered-documentation/bud_01/zh_Hans: updating stats <ProjectLanguageStats:stats-Project-16-769>
[2025-10-23 19:06:33,234: DEBUG/38447] boost-unordered-documentation/bud_01/zh_Hans: updating stats <ComponentStats:stats-Component-17>
[2025-10-23 19:06:33,235: DEBUG/38447] boost-unordered-documentation/bud_01/zh_Hans: updating stats <ProjectStats:stats-Project-16>
[2025-10-23 19:06:33,241: DEBUG/38447] boost-unordered-documentation/bud_01/zh_Hans: updating stats <GlobalStats:stats-global>
[2025-10-23 19:06:33,252: DEBUG/38447] boost-unordered-documentation/bud_02/zh_Hans: updating stats <LanguageStats:stats-Language-769>
[2025-10-23 19:06:33,252: DEBUG/38447] boost-unordered-documentation/bud_02/zh_Hans: updating stats <ProjectLanguageStats:stats-Project-16-769>
[2025-10-23 19:06:33,254: DEBUG/38447] boost-unordered-documentation/bud_02/zh_Hans: updating stats <ComponentStats:stats-Component-20>
[2025-10-23 19:06:33,255: DEBUG/38447] boost-unordered-documentation/bud_02/zh_Hans: updating stats <ProjectStats:stats-Project-16>
[2025-10-23 19:06:33,257: DEBUG/38447] boost-unordered-documentation/bud_02/zh_Hans: updating stats <GlobalStats:stats-global>
[2025-10-23 19:06:33,267: DEBUG/38447] boost-unordered-documentation/intro/zh_Hans: updating stats <LanguageStats:stats-Language-769>
[2025-10-23 19:06:33,268: DEBUG/38447] boost-unordered-documentation/intro/zh_Hans: updating stats <ProjectLanguageStats:stats-Project-16-769>
[2025-10-23 19:06:33,269: DEBUG/38447] boost-unordered-documentation/intro/zh_Hans: updating stats <ComponentStats:stats-Component-19>
[2025-10-23 19:06:33,271: DEBUG/38447] boost-unordered-documentation/intro/zh_Hans: updating stats <ProjectStats:stats-Project-16>
[2025-10-23 19:06:33,272: DEBUG/38447] boost-unordered-documentation/intro/zh_Hans: updating stats <GlobalStats:stats-global>
[2025-10-23 19:06:33,334: DEBUG/38447] boost-unordered-documentation/bud_01/zh_Hans: updating stats <LanguageStats:stats-Language-769>
[2025-10-23 19:06:33,336: DEBUG/38447] boost-unordered-documentation/bud_01/zh_Hans: updating stats <ProjectLanguageStats:stats-Project-16-769>
[2025-10-23 19:06:33,341: DEBUG/38447] boost-unordered-documentation/bud_01/zh_Hans: updating stats <ComponentStats:stats-Component-17>
[2025-10-23 19:06:33,343: DEBUG/38447] boost-unordered-documentation/bud_01/zh_Hans: updating stats <ProjectStats:stats-Project-16>
[2025-10-23 19:06:33,347: DEBUG/38447] boost-unordered-documentation/bud_01/zh_Hans: updating stats <GlobalStats:stats-global>
[2025-10-23 19:06:33,358: DEBUG/38447] boost-unordered-documentation/bud_02/zh_Hans: updating stats <LanguageStats:stats-Language-769>
[2025-10-23 19:06:33,359: DEBUG/38447] boost-unordered-documentation/bud_02/zh_Hans: updating stats <ProjectLanguageStats:stats-Project-16-769>
[2025-10-23 19:06:33,361: DEBUG/38447] boost-unordered-documentation/bud_02/zh_Hans: updating stats <ComponentStats:stats-Component-20>
[2025-10-23 19:06:33,362: DEBUG/38447] boost-unordered-documentation/bud_02/zh_Hans: updating stats <ProjectStats:stats-Project-16>
[2025-10-23 19:06:33,364: DEBUG/38447] boost-unordered-documentation/bud_02/zh_Hans: updating stats <GlobalStats:stats-global>
[2025-10-23 19:06:33,373: DEBUG/38447] boost-unordered-documentation/intro/zh_Hans: updating stats <LanguageStats:stats-Language-769>
[2025-10-23 19:06:33,374: DEBUG/38447] boost-unordered-documentation/intro/zh_Hans: updating stats <ProjectLanguageStats:stats-Project-16-769>
[2025-10-23 19:06:33,376: DEBUG/38447] boost-unordered-documentation/intro/zh_Hans: updating stats <ComponentStats:stats-Component-19>
[2025-10-23 19:06:33,377: DEBUG/38447] boost-unordered-documentation/intro/zh_Hans: updating stats <ProjectStats:stats-Project-16>
[2025-10-23 19:06:33,380: DEBUG/38447] boost-unordered-documentation/intro/zh_Hans: updating stats <GlobalStats:stats-global>
[2025-10-23 19:06:33,393: DEBUG/38447] boost-unordered-documentation/bud_01/zh_Hans: updating stats <LanguageStats:stats-Language-769>
[2025-10-23 19:06:33,395: DEBUG/38447] boost-unordered-documentation/bud_01/zh_Hans: updating stats <ProjectLanguageStats:stats-Project-16-769>
[2025-10-23 19:06:33,398: DEBUG/38447] boost-unordered-documentation/bud_01/zh_Hans: updating stats <ComponentStats:stats-Component-17>
[2025-10-23 19:06:33,400: DEBUG/38447] boost-unordered-documentation/bud_01/zh_Hans: updating stats <ProjectStats:stats-Project-16>
[2025-10-23 19:06:33,406: DEBUG/38447] boost-unordered-documentation/bud_01/zh_Hans: updating stats <GlobalStats:stats-global>
[2025-10-23 19:06:33,417: DEBUG/38447] boost-unordered-documentation/intro/zh_Hans: updating stats <LanguageStats:stats-Language-769>
[2025-10-23 19:06:33,418: DEBUG/38447] boost-unordered-documentation/intro/zh_Hans: updating stats <ProjectLanguageStats:stats-Project-16-769>
[2025-10-23 19:06:33,420: DEBUG/38447] boost-unordered-documentation/intro/zh_Hans: updating stats <ComponentStats:stats-Component-19>
[2025-10-23 19:06:33,422: DEBUG/38447] boost-unordered-documentation/intro/zh_Hans: updating stats <ProjectStats:stats-Project-16>
[2025-10-23 19:06:33,423: DEBUG/38447] boost-unordered-documentation/intro/zh_Hans: updating stats <GlobalStats:stats-global>
[2025-10-23 19:06:33,432: DEBUG/38447] boost-unordered-documentation/bud_02/zh_Hans: updating stats <LanguageStats:stats-Language-769>
[2025-10-23 19:06:33,433: DEBUG/38447] boost-unordered-documentation/bud_02/zh_Hans: updating stats <ProjectLanguageStats:stats-Project-16-769>
[2025-10-23 19:06:33,435: DEBUG/38447] boost-unordered-documentation/bud_02/zh_Hans: updating stats <ComponentStats:stats-Component-20>
[2025-10-23 19:06:33,436: DEBUG/38447] boost-unordered-documentation/bud_02/zh_Hans: updating stats <ProjectStats:stats-Project-16>
[2025-10-23 19:06:33,437: DEBUG/38447] boost-unordered-documentation/bud_02/zh_Hans: updating stats <GlobalStats:stats-global>
[2025-10-23 19:06:33,446: DEBUG/38447] boost-unordered-documentation/bud_03/zh_Hans: updating stats <LanguageStats:stats-Language-769>
[2025-10-23 19:06:33,447: DEBUG/38447] boost-unordered-documentation/bud_03/zh_Hans: updating stats <ProjectLanguageStats:stats-Project-16-769>
[2025-10-23 19:06:33,448: DEBUG/38447] boost-unordered-documentation/bud_03/zh_Hans: updating stats <ComponentStats:stats-Component-21>
[2025-10-23 19:06:33,449: DEBUG/38447] boost-unordered-documentation/bud_03/zh_Hans: updating stats <ProjectStats:stats-Project-16>
[2025-10-23 19:06:33,453: DEBUG/38447] boost-unordered-documentation/bud_03/zh_Hans: updating stats <GlobalStats:stats-global>
[23/Oct/2025 19:06:33] "POST /translate/boost-unordered-documentation/bud_03/zh_Hans/?&offset=13 HTTP/1.1" 302 0
[23/Oct/2025 19:06:33] "GET /translate/boost-unordered-documentation/bud_03/zh_Hans/?&offset=14 HTTP/1.1" 200 208274
[23/Oct/2025 19:06:33] "POST /js/translate/openai/842/ HTTP/1.1" 200 3577
[2025-10-23 19:06:37,332: DEBUG/38447] boost-unordered-documentation/bud_01/zh_Hans: updating stats <LanguageStats:stats-Language-769>
[2025-10-23 19:06:37,334: DEBUG/38447] boost-unordered-documentation/bud_01/zh_Hans: updating stats <ProjectLanguageStats:stats-Project-16-769>
[2025-10-23 19:06:37,337: DEBUG/38447] boost-unordered-documentation/bud_01/zh_Hans: updating stats <ComponentStats:stats-Component-17>
[2025-10-23 19:06:37,340: DEBUG/38447] boost-unordered-documentation/bud_01/zh_Hans: updating stats <ProjectStats:stats-Project-16>
[2025-10-23 19:06:37,346: DEBUG/38447] boost-unordered-documentation/bud_01/zh_Hans: updating stats <GlobalStats:stats-global>
[2025-10-23 19:06:37,360: DEBUG/38447] boost-unordered-documentation/bud_02/zh_Hans: updating stats <LanguageStats:stats-Language-769>
[2025-10-23 19:06:37,360: DEBUG/38447] boost-unordered-documentation/bud_02/zh_Hans: updating stats <ProjectLanguageStats:stats-Project-16-769>
[2025-10-23 19:06:37,362: DEBUG/38447] boost-unordered-documentation/bud_02/zh_Hans: updating stats <ComponentStats:stats-Component-20>
[2025-10-23 19:06:37,364: DEBUG/38447] boost-unordered-documentation/bud_02/zh_Hans: updating stats <ProjectStats:stats-Project-16>
[2025-10-23 19:06:37,366: DEBUG/38447] boost-unordered-documentation/bud_02/zh_Hans: updating stats <GlobalStats:stats-global>
[2025-10-23 19:06:37,379: DEBUG/38447] boost-unordered-documentation/intro/zh_Hans: updating stats <LanguageStats:stats-Language-769>
[2025-10-23 19:06:37,380: DEBUG/38447] boost-unordered-documentation/intro/zh_Hans: updating stats <ProjectLanguageStats:stats-Project-16-769>
[2025-10-23 19:06:37,382: DEBUG/38447] boost-unordered-documentation/intro/zh_Hans: updating stats <ComponentStats:stats-Component-19>
[2025-10-23 19:06:37,384: DEBUG/38447] boost-unordered-documentation/intro/zh_Hans: updating stats <ProjectStats:stats-Project-16>
[2025-10-23 19:06:37,385: DEBUG/38447] boost-unordered-documentation/intro/zh_Hans: updating stats <GlobalStats:stats-global>
[2025-10-23 19:06:37,455: DEBUG/38447] boost-unordered-documentation/bud_01/zh_Hans: updating stats <LanguageStats:stats-Language-769>
[2025-10-23 19:06:37,457: DEBUG/38447] boost-unordered-documentation/bud_01/zh_Hans: updating stats <ProjectLanguageStats:stats-Project-16-769>
[2025-10-23 19:06:37,459: DEBUG/38447] boost-unordered-documentation/bud_01/zh_Hans: updating stats <ComponentStats:stats-Component-17>
[2025-10-23 19:06:37,460: DEBUG/38447] boost-unordered-documentation/bud_01/zh_Hans: updating stats <ProjectStats:stats-Project-16>
[2025-10-23 19:06:37,464: DEBUG/38447] boost-unordered-documentation/bud_01/zh_Hans: updating stats <GlobalStats:stats-global>
[2025-10-23 19:06:37,473: DEBUG/38447] boost-unordered-documentation/bud_02/zh_Hans: updating stats <LanguageStats:stats-Language-769>
[2025-10-23 19:06:37,474: DEBUG/38447] boost-unordered-documentation/bud_02/zh_Hans: updating stats <ProjectLanguageStats:stats-Project-16-769>
[2025-10-23 19:06:37,476: DEBUG/38447] boost-unordered-documentation/bud_02/zh_Hans: updating stats <ComponentStats:stats-Component-20>
[2025-10-23 19:06:37,477: DEBUG/38447] boost-unordered-documentation/bud_02/zh_Hans: updating stats <ProjectStats:stats-Project-16>
[2025-10-23 19:06:37,479: DEBUG/38447] boost-unordered-documentation/bud_02/zh_Hans: updating stats <GlobalStats:stats-global>
[2025-10-23 19:06:37,488: DEBUG/38447] boost-unordered-documentation/intro/zh_Hans: updating stats <LanguageStats:stats-Language-769>
[2025-10-23 19:06:37,488: DEBUG/38447] boost-unordered-documentation/intro/zh_Hans: updating stats <ProjectLanguageStats:stats-Project-16-769>
[2025-10-23 19:06:37,490: DEBUG/38447] boost-unordered-documentation/intro/zh_Hans: updating stats <ComponentStats:stats-Component-19>
[2025-10-23 19:06:37,491: DEBUG/38447] boost-unordered-documentation/intro/zh_Hans: updating stats <ProjectStats:stats-Project-16>
[2025-10-23 19:06:37,493: DEBUG/38447] boost-unordered-documentation/intro/zh_Hans: updating stats <GlobalStats:stats-global>
[2025-10-23 19:06:37,503: DEBUG/38447] boost-unordered-documentation/bud_01/zh_Hans: updating stats <LanguageStats:stats-Language-769>
[2025-10-23 19:06:37,504: DEBUG/38447] boost-unordered-documentation/bud_01/zh_Hans: updating stats <ProjectLanguageStats:stats-Project-16-769>
[2025-10-23 19:06:37,506: DEBUG/38447] boost-unordered-documentation/bud_01/zh_Hans: updating stats <ComponentStats:stats-Component-17>
[2025-10-23 19:06:37,507: DEBUG/38447] boost-unordered-documentation/bud_01/zh_Hans: updating stats <ProjectStats:stats-Project-16>
[2025-10-23 19:06:37,511: DEBUG/38447] boost-unordered-documentation/bud_01/zh_Hans: updating stats <GlobalStats:stats-global>
[2025-10-23 19:06:37,521: DEBUG/38447] boost-unordered-documentation/intro/zh_Hans: updating stats <LanguageStats:stats-Language-769>
[2025-10-23 19:06:37,522: DEBUG/38447] boost-unordered-documentation/intro/zh_Hans: updating stats <ProjectLanguageStats:stats-Project-16-769>
[2025-10-23 19:06:37,524: DEBUG/38447] boost-unordered-documentation/intro/zh_Hans: updating stats <ComponentStats:stats-Component-19>
[2025-10-23 19:06:37,525: DEBUG/38447] boost-unordered-documentation/intro/zh_Hans: updating stats <ProjectStats:stats-Project-16>
[2025-10-23 19:06:37,526: DEBUG/38447] boost-unordered-documentation/intro/zh_Hans: updating stats <GlobalStats:stats-global>
[2025-10-23 19:06:37,538: DEBUG/38447] boost-unordered-documentation/bud_02/zh_Hans: updating stats <LanguageStats:stats-Language-769>
[2025-10-23 19:06:37,539: DEBUG/38447] boost-unordered-documentation/bud_02/zh_Hans: updating stats <ProjectLanguageStats:stats-Project-16-769>
[2025-10-23 19:06:37,542: DEBUG/38447] boost-unordered-documentation/bud_02/zh_Hans: updating stats <ComponentStats:stats-Component-20>
[2025-10-23 19:06:37,543: DEBUG/38447] boost-unordered-documentation/bud_02/zh_Hans: updating stats <ProjectStats:stats-Project-16>
[2025-10-23 19:06:37,545: DEBUG/38447] boost-unordered-documentation/bud_02/zh_Hans: updating stats <GlobalStats:stats-global>
[2025-10-23 19:06:37,553: DEBUG/38447] boost-unordered-documentation/bud_03/zh_Hans: updating stats <LanguageStats:stats-Language-769>
[2025-10-23 19:06:37,555: DEBUG/38447] boost-unordered-documentation/bud_03/zh_Hans: updating stats <ProjectLanguageStats:stats-Project-16-769>
[2025-10-23 19:06:37,557: DEBUG/38447] boost-unordered-documentation/bud_03/zh_Hans: updating stats <ComponentStats:stats-Component-21>
[2025-10-23 19:06:37,558: DEBUG/38447] boost-unordered-documentation/bud_03/zh_Hans: updating stats <ProjectStats:stats-Project-16>
[2025-10-23 19:06:37,561: DEBUG/38447] boost-unordered-documentation/bud_03/zh_Hans: updating stats <GlobalStats:stats-global>
[23/Oct/2025 19:06:37] "POST /translate/boost-unordered-documentation/bud_03/zh_Hans/?&offset=14 HTTP/1.1" 302 0
[23/Oct/2025 19:06:37] "GET /translate/boost-unordered-documentation/bud_03/zh_Hans/?&offset=15 HTTP/1.1" 200 196007
[23/Oct/2025 19:06:38] "POST /js/translate/openai/843/ HTTP/1.1" 200 343
[2025-10-23 19:06:43,378: DEBUG/38447] boost-unordered-documentation/bud_01/zh_Hans: updating stats <LanguageStats:stats-Language-769>
[2025-10-23 19:06:43,380: DEBUG/38447] boost-unordered-documentation/bud_01/zh_Hans: updating stats <ProjectLanguageStats:stats-Project-16-769>
[2025-10-23 19:06:43,383: DEBUG/38447] boost-unordered-documentation/bud_01/zh_Hans: updating stats <ComponentStats:stats-Component-17>
[2025-10-23 19:06:43,384: DEBUG/38447] boost-unordered-documentation/bud_01/zh_Hans: updating stats <ProjectStats:stats-Project-16>
[2025-10-23 19:06:43,387: DEBUG/38447] boost-unordered-documentation/bud_01/zh_Hans: updating stats <GlobalStats:stats-global>
[2025-10-23 19:06:43,398: DEBUG/38447] boost-unordered-documentation/bud_02/zh_Hans: updating stats <LanguageStats:stats-Language-769>
[2025-10-23 19:06:43,399: DEBUG/38447] boost-unordered-documentation/bud_02/zh_Hans: updating stats <ProjectLanguageStats:stats-Project-16-769>
[2025-10-23 19:06:43,401: DEBUG/38447] boost-unordered-documentation/bud_02/zh_Hans: updating stats <ComponentStats:stats-Component-20>
[2025-10-23 19:06:43,403: DEBUG/38447] boost-unordered-documentation/bud_02/zh_Hans: updating stats <ProjectStats:stats-Project-16>
[2025-10-23 19:06:43,405: DEBUG/38447] boost-unordered-documentation/bud_02/zh_Hans: updating stats <GlobalStats:stats-global>
[2025-10-23 19:06:43,416: DEBUG/38447] boost-unordered-documentation/intro/zh_Hans: updating stats <LanguageStats:stats-Language-769>
[2025-10-23 19:06:43,416: DEBUG/38447] boost-unordered-documentation/intro/zh_Hans: updating stats <ProjectLanguageStats:stats-Project-16-769>
[2025-10-23 19:06:43,419: DEBUG/38447] boost-unordered-documentation/intro/zh_Hans: updating stats <ComponentStats:stats-Component-19>
[2025-10-23 19:06:43,420: DEBUG/38447] boost-unordered-documentation/intro/zh_Hans: updating stats <ProjectStats:stats-Project-16>
[2025-10-23 19:06:43,421: DEBUG/38447] boost-unordered-documentation/intro/zh_Hans: updating stats <GlobalStats:stats-global>
[2025-10-23 19:06:43,481: DEBUG/38447] boost-unordered-documentation/bud_01/zh_Hans: updating stats <LanguageStats:stats-Language-769>
[2025-10-23 19:06:43,483: DEBUG/38447] boost-unordered-documentation/bud_01/zh_Hans: updating stats <ProjectLanguageStats:stats-Project-16-769>
[2025-10-23 19:06:43,485: DEBUG/38447] boost-unordered-documentation/bud_01/zh_Hans: updating stats <ComponentStats:stats-Component-17>
[2025-10-23 19:06:43,487: DEBUG/38447] boost-unordered-documentation/bud_01/zh_Hans: updating stats <ProjectStats:stats-Project-16>
[2025-10-23 19:06:43,494: DEBUG/38447] boost-unordered-documentation/bud_01/zh_Hans: updating stats <GlobalStats:stats-global>
[2025-10-23 19:06:43,504: DEBUG/38447] boost-unordered-documentation/bud_02/zh_Hans: updating stats <LanguageStats:stats-Language-769>
[2025-10-23 19:06:43,505: DEBUG/38447] boost-unordered-documentation/bud_02/zh_Hans: updating stats <ProjectLanguageStats:stats-Project-16-769>
[2025-10-23 19:06:43,509: DEBUG/38447] boost-unordered-documentation/bud_02/zh_Hans: updating stats <ComponentStats:stats-Component-20>
[2025-10-23 19:06:43,510: DEBUG/38447] boost-unordered-documentation/bud_02/zh_Hans: updating stats <ProjectStats:stats-Project-16>
[2025-10-23 19:06:43,512: DEBUG/38447] boost-unordered-documentation/bud_02/zh_Hans: updating stats <GlobalStats:stats-global>
[2025-10-23 19:06:43,523: DEBUG/38447] boost-unordered-documentation/intro/zh_Hans: updating stats <LanguageStats:stats-Language-769>
[2025-10-23 19:06:43,524: DEBUG/38447] boost-unordered-documentation/intro/zh_Hans: updating stats <ProjectLanguageStats:stats-Project-16-769>
[2025-10-23 19:06:43,526: DEBUG/38447] boost-unordered-documentation/intro/zh_Hans: updating stats <ComponentStats:stats-Component-19>
[2025-10-23 19:06:43,528: DEBUG/38447] boost-unordered-documentation/intro/zh_Hans: updating stats <ProjectStats:stats-Project-16>
[2025-10-23 19:06:43,529: DEBUG/38447] boost-unordered-documentation/intro/zh_Hans: updating stats <GlobalStats:stats-global>
[2025-10-23 19:06:43,542: DEBUG/38447] boost-unordered-documentation/bud_01/zh_Hans: updating stats <LanguageStats:stats-Language-769>
[2025-10-23 19:06:43,545: DEBUG/38447] boost-unordered-documentation/bud_01/zh_Hans: updating stats <ProjectLanguageStats:stats-Project-16-769>
[2025-10-23 19:06:43,548: DEBUG/38447] boost-unordered-documentation/bud_01/zh_Hans: updating stats <ComponentStats:stats-Component-17>
[2025-10-23 19:06:43,551: DEBUG/38447] boost-unordered-documentation/bud_01/zh_Hans: updating stats <ProjectStats:stats-Project-16>
[2025-10-23 19:06:43,556: DEBUG/38447] boost-unordered-documentation/bud_01/zh_Hans: updating stats <GlobalStats:stats-global>
[2025-10-23 19:06:43,574: DEBUG/38447] boost-unordered-documentation/intro/zh_Hans: updating stats <LanguageStats:stats-Language-769>
[2025-10-23 19:06:43,575: DEBUG/38447] boost-unordered-documentation/intro/zh_Hans: updating stats <ProjectLanguageStats:stats-Project-16-769>
[2025-10-23 19:06:43,579: DEBUG/38447] boost-unordered-documentation/intro/zh_Hans: updating stats <ComponentStats:stats-Component-19>
[2025-10-23 19:06:43,581: DEBUG/38447] boost-unordered-documentation/intro/zh_Hans: updating stats <ProjectStats:stats-Project-16>
[2025-10-23 19:06:43,582: DEBUG/38447] boost-unordered-documentation/intro/zh_Hans: updating stats <GlobalStats:stats-global>
[2025-10-23 19:06:43,594: DEBUG/38447] boost-unordered-documentation/bud_02/zh_Hans: updating stats <LanguageStats:stats-Language-769>
[2025-10-23 19:06:43,595: DEBUG/38447] boost-unordered-documentation/bud_02/zh_Hans: updating stats <ProjectLanguageStats:stats-Project-16-769>
[2025-10-23 19:06:43,596: DEBUG/38447] boost-unordered-documentation/bud_02/zh_Hans: updating stats <ComponentStats:stats-Component-20>
[2025-10-23 19:06:43,597: DEBUG/38447] boost-unordered-documentation/bud_02/zh_Hans: updating stats <ProjectStats:stats-Project-16>
[2025-10-23 19:06:43,599: DEBUG/38447] boost-unordered-documentation/bud_02/zh_Hans: updating stats <GlobalStats:stats-global>
[2025-10-23 19:06:43,608: DEBUG/38447] boost-unordered-documentation/bud_03/zh_Hans: updating stats <LanguageStats:stats-Language-769>
[2025-10-23 19:06:43,609: DEBUG/38447] boost-unordered-documentation/bud_03/zh_Hans: updating stats <ProjectLanguageStats:stats-Project-16-769>
[2025-10-23 19:06:43,611: DEBUG/38447] boost-unordered-documentation/bud_03/zh_Hans: updating stats <ComponentStats:stats-Component-21>
[2025-10-23 19:06:43,612: DEBUG/38447] boost-unordered-documentation/bud_03/zh_Hans: updating stats <ProjectStats:stats-Project-16>
[2025-10-23 19:06:43,616: DEBUG/38447] boost-unordered-documentation/bud_03/zh_Hans: updating stats <GlobalStats:stats-global>
[23/Oct/2025 19:06:43] "POST /translate/boost-unordered-documentation/bud_03/zh_Hans/?&offset=15 HTTP/1.1" 302 0
[23/Oct/2025 19:06:43] "GET /translate/boost-unordered-documentation/bud_03/zh_Hans/?&offset=16 HTTP/1.1" 200 202815
[23/Oct/2025 19:06:44] "POST /js/translate/openai/844/ HTTP/1.1" 200 865
[2025-10-23 19:06:47,321: DEBUG/38447] boost-unordered-documentation/bud_01/zh_Hans: updating stats <LanguageStats:stats-Language-769>
[2025-10-23 19:06:47,323: DEBUG/38447] boost-unordered-documentation/bud_01/zh_Hans: updating stats <ProjectLanguageStats:stats-Project-16-769>
[2025-10-23 19:06:47,325: DEBUG/38447] boost-unordered-documentation/bud_01/zh_Hans: updating stats <ComponentStats:stats-Component-17>
[2025-10-23 19:06:47,326: DEBUG/38447] boost-unordered-documentation/bud_01/zh_Hans: updating stats <ProjectStats:stats-Project-16>
[2025-10-23 19:06:47,330: DEBUG/38447] boost-unordered-documentation/bud_01/zh_Hans: updating stats <GlobalStats:stats-global>
[2025-10-23 19:06:47,347: DEBUG/38447] boost-unordered-documentation/bud_02/zh_Hans: updating stats <LanguageStats:stats-Language-769>
[2025-10-23 19:06:47,348: DEBUG/38447] boost-unordered-documentation/bud_02/zh_Hans: updating stats <ProjectLanguageStats:stats-Project-16-769>
[2025-10-23 19:06:47,353: DEBUG/38447] boost-unordered-documentation/bud_02/zh_Hans: updating stats <ComponentStats:stats-Component-20>
[2025-10-23 19:06:47,355: DEBUG/38447] boost-unordered-documentation/bud_02/zh_Hans: updating stats <ProjectStats:stats-Project-16>
[2025-10-23 19:06:47,357: DEBUG/38447] boost-unordered-documentation/bud_02/zh_Hans: updating stats <GlobalStats:stats-global>
[2025-10-23 19:06:47,370: DEBUG/38447] boost-unordered-documentation/intro/zh_Hans: updating stats <LanguageStats:stats-Language-769>
[2025-10-23 19:06:47,371: DEBUG/38447] boost-unordered-documentation/intro/zh_Hans: updating stats <ProjectLanguageStats:stats-Project-16-769>
[2025-10-23 19:06:47,373: DEBUG/38447] boost-unordered-documentation/intro/zh_Hans: updating stats <ComponentStats:stats-Component-19>
[2025-10-23 19:06:47,374: DEBUG/38447] boost-unordered-documentation/intro/zh_Hans: updating stats <ProjectStats:stats-Project-16>
[2025-10-23 19:06:47,376: DEBUG/38447] boost-unordered-documentation/intro/zh_Hans: updating stats <GlobalStats:stats-global>
[2025-10-23 19:06:47,386: DEBUG/38447] boost-unordered-documentation/bud_03/zh_Hans: updating stats <LanguageStats:stats-Language-769>
[2025-10-23 19:06:47,387: DEBUG/38447] boost-unordered-documentation/bud_03/zh_Hans: updating stats <ProjectLanguageStats:stats-Project-16-769>
[2025-10-23 19:06:47,390: DEBUG/38447] boost-unordered-documentation/bud_03/zh_Hans: updating stats <ComponentStats:stats-Component-21>
[2025-10-23 19:06:47,391: DEBUG/38447] boost-unordered-documentation/bud_03/zh_Hans: updating stats <ProjectStats:stats-Project-16>
[2025-10-23 19:06:47,395: DEBUG/38447] boost-unordered-documentation/bud_03/zh_Hans: updating stats <GlobalStats:stats-global>
[23/Oct/2025 19:06:47] "POST /translate/boost-unordered-documentation/bud_03/zh_Hans/?&offset=16 HTTP/1.1" 302 0
[23/Oct/2025 19:06:47] "GET /translate/boost-unordered-documentation/bud_03/zh_Hans/?&offset=17 HTTP/1.1" 200 221376
[23/Oct/2025 19:06:47] "POST /js/translate/openai/845/ HTTP/1.1" 200 748
[2025-10-23 19:06:50,876: DEBUG/38447] boost-unordered-documentation/bud_01/zh_Hans: updating stats <LanguageStats:stats-Language-769>
[2025-10-23 19:06:50,884: DEBUG/38447] boost-unordered-documentation/bud_01/zh_Hans: updating stats <ProjectLanguageStats:stats-Project-16-769>
[2025-10-23 19:06:50,890: DEBUG/38447] boost-unordered-documentation/bud_01/zh_Hans: updating stats <ComponentStats:stats-Component-17>
[2025-10-23 19:06:50,895: DEBUG/38447] boost-unordered-documentation/bud_01/zh_Hans: updating stats <ProjectStats:stats-Project-16>
[2025-10-23 19:06:50,901: DEBUG/38447] boost-unordered-documentation/bud_01/zh_Hans: updating stats <GlobalStats:stats-global>
[2025-10-23 19:06:50,914: DEBUG/38447] boost-unordered-documentation/bud_02/zh_Hans: updating stats <LanguageStats:stats-Language-769>
[2025-10-23 19:06:50,915: DEBUG/38447] boost-unordered-documentation/bud_02/zh_Hans: updating stats <ProjectLanguageStats:stats-Project-16-769>
[2025-10-23 19:06:50,918: DEBUG/38447] boost-unordered-documentation/bud_02/zh_Hans: updating stats <ComponentStats:stats-Component-20>
[2025-10-23 19:06:50,919: DEBUG/38447] boost-unordered-documentation/bud_02/zh_Hans: updating stats <ProjectStats:stats-Project-16>
[2025-10-23 19:06:50,921: DEBUG/38447] boost-unordered-documentation/bud_02/zh_Hans: updating stats <GlobalStats:stats-global>
[2025-10-23 19:06:50,931: DEBUG/38447] boost-unordered-documentation/intro/zh_Hans: updating stats <LanguageStats:stats-Language-769>
[2025-10-23 19:06:50,932: DEBUG/38447] boost-unordered-documentation/intro/zh_Hans: updating stats <ProjectLanguageStats:stats-Project-16-769>
[2025-10-23 19:06:50,933: DEBUG/38447] boost-unordered-documentation/intro/zh_Hans: updating stats <ComponentStats:stats-Component-19>
[2025-10-23 19:06:50,935: DEBUG/38447] boost-unordered-documentation/intro/zh_Hans: updating stats <ProjectStats:stats-Project-16>
[2025-10-23 19:06:50,937: DEBUG/38447] boost-unordered-documentation/intro/zh_Hans: updating stats <GlobalStats:stats-global>
[2025-10-23 19:06:50,996: DEBUG/38447] boost-unordered-documentation/bud_01/zh_Hans: updating stats <LanguageStats:stats-Language-769>
[2025-10-23 19:06:50,998: DEBUG/38447] boost-unordered-documentation/bud_01/zh_Hans: updating stats <ProjectLanguageStats:stats-Project-16-769>
[2025-10-23 19:06:51,000: DEBUG/38447] boost-unordered-documentation/bud_01/zh_Hans: updating stats <ComponentStats:stats-Component-17>
[2025-10-23 19:06:51,001: DEBUG/38447] boost-unordered-documentation/bud_01/zh_Hans: updating stats <ProjectStats:stats-Project-16>
[2025-10-23 19:06:51,005: DEBUG/38447] boost-unordered-documentation/bud_01/zh_Hans: updating stats <GlobalStats:stats-global>
[2025-10-23 19:06:51,016: DEBUG/38447] boost-unordered-documentation/bud_02/zh_Hans: updating stats <LanguageStats:stats-Language-769>
[2025-10-23 19:06:51,016: DEBUG/38447] boost-unordered-documentation/bud_02/zh_Hans: updating stats <ProjectLanguageStats:stats-Project-16-769>
[2025-10-23 19:06:51,018: DEBUG/38447] boost-unordered-documentation/bud_02/zh_Hans: updating stats <ComponentStats:stats-Component-20>
[2025-10-23 19:06:51,019: DEBUG/38447] boost-unordered-documentation/bud_02/zh_Hans: updating stats <ProjectStats:stats-Project-16>
[2025-10-23 19:06:51,021: DEBUG/38447] boost-unordered-documentation/bud_02/zh_Hans: updating stats <GlobalStats:stats-global>
[2025-10-23 19:06:51,031: DEBUG/38447] boost-unordered-documentation/intro/zh_Hans: updating stats <LanguageStats:stats-Language-769>
[2025-10-23 19:06:51,032: DEBUG/38447] boost-unordered-documentation/intro/zh_Hans: updating stats <ProjectLanguageStats:stats-Project-16-769>
[2025-10-23 19:06:51,033: DEBUG/38447] boost-unordered-documentation/intro/zh_Hans: updating stats <ComponentStats:stats-Component-19>
[2025-10-23 19:06:51,035: DEBUG/38447] boost-unordered-documentation/intro/zh_Hans: updating stats <ProjectStats:stats-Project-16>
[2025-10-23 19:06:51,036: DEBUG/38447] boost-unordered-documentation/intro/zh_Hans: updating stats <GlobalStats:stats-global>
[2025-10-23 19:06:51,046: DEBUG/38447] boost-unordered-documentation/bud_01/zh_Hans: updating stats <LanguageStats:stats-Language-769>
[2025-10-23 19:06:51,047: DEBUG/38447] boost-unordered-documentation/bud_01/zh_Hans: updating stats <ProjectLanguageStats:stats-Project-16-769>
[2025-10-23 19:06:51,049: DEBUG/38447] boost-unordered-documentation/bud_01/zh_Hans: updating stats <ComponentStats:stats-Component-17>
[2025-10-23 19:06:51,050: DEBUG/38447] boost-unordered-documentation/bud_01/zh_Hans: updating stats <ProjectStats:stats-Project-16>
[2025-10-23 19:06:51,054: DEBUG/38447] boost-unordered-documentation/bud_01/zh_Hans: updating stats <GlobalStats:stats-global>
[2025-10-23 19:06:51,064: DEBUG/38447] boost-unordered-documentation/intro/zh_Hans: updating stats <LanguageStats:stats-Language-769>
[2025-10-23 19:06:51,065: DEBUG/38447] boost-unordered-documentation/intro/zh_Hans: updating stats <ProjectLanguageStats:stats-Project-16-769>
[2025-10-23 19:06:51,066: DEBUG/38447] boost-unordered-documentation/intro/zh_Hans: updating stats <ComponentStats:stats-Component-19>
[2025-10-23 19:06:51,067: DEBUG/38447] boost-unordered-documentation/intro/zh_Hans: updating stats <ProjectStats:stats-Project-16>
[2025-10-23 19:06:51,069: DEBUG/38447] boost-unordered-documentation/intro/zh_Hans: updating stats <GlobalStats:stats-global>
[2025-10-23 19:06:51,079: DEBUG/38447] boost-unordered-documentation/bud_02/zh_Hans: updating stats <LanguageStats:stats-Language-769>
[2025-10-23 19:06:51,080: DEBUG/38447] boost-unordered-documentation/bud_02/zh_Hans: updating stats <ProjectLanguageStats:stats-Project-16-769>
[2025-10-23 19:06:51,082: DEBUG/38447] boost-unordered-documentation/bud_02/zh_Hans: updating stats <ComponentStats:stats-Component-20>
[2025-10-23 19:06:51,083: DEBUG/38447] boost-unordered-documentation/bud_02/zh_Hans: updating stats <ProjectStats:stats-Project-16>
[2025-10-23 19:06:51,085: DEBUG/38447] boost-unordered-documentation/bud_02/zh_Hans: updating stats <GlobalStats:stats-global>
[2025-10-23 19:06:51,093: DEBUG/38447] boost-unordered-documentation/bud_03/zh_Hans: updating stats <LanguageStats:stats-Language-769>
[2025-10-23 19:06:51,095: DEBUG/38447] boost-unordered-documentation/bud_03/zh_Hans: updating stats <ProjectLanguageStats:stats-Project-16-769>
[2025-10-23 19:06:51,096: DEBUG/38447] boost-unordered-documentation/bud_03/zh_Hans: updating stats <ComponentStats:stats-Component-21>
[2025-10-23 19:06:51,097: DEBUG/38447] boost-unordered-documentation/bud_03/zh_Hans: updating stats <ProjectStats:stats-Project-16>
[2025-10-23 19:06:51,101: DEBUG/38447] boost-unordered-documentation/bud_03/zh_Hans: updating stats <GlobalStats:stats-global>
[23/Oct/2025 19:06:51] "POST /translate/boost-unordered-documentation/bud_03/zh_Hans/?&offset=17 HTTP/1.1" 302 0
[23/Oct/2025 19:06:51] "GET /translate/boost-unordered-documentation/bud_03/zh_Hans/?&offset=18 HTTP/1.1" 200 220798
[23/Oct/2025 19:06:51] "POST /js/translate/openai/846/ HTTP/1.1" 200 2146
[2025-10-23 19:06:55,809: DEBUG/38447] boost-unordered-documentation/bud_01/zh_Hans: updating stats <LanguageStats:stats-Language-769>
[2025-10-23 19:06:55,813: DEBUG/38447] boost-unordered-documentation/bud_01/zh_Hans: updating stats <ProjectLanguageStats:stats-Project-16-769>
[2025-10-23 19:06:55,816: DEBUG/38447] boost-unordered-documentation/bud_01/zh_Hans: updating stats <ComponentStats:stats-Component-17>
[2025-10-23 19:06:55,817: DEBUG/38447] boost-unordered-documentation/bud_01/zh_Hans: updating stats <ProjectStats:stats-Project-16>
[2025-10-23 19:06:55,825: DEBUG/38447] boost-unordered-documentation/bud_01/zh_Hans: updating stats <GlobalStats:stats-global>
[2025-10-23 19:06:55,847: DEBUG/38447] boost-unordered-documentation/bud_02/zh_Hans: updating stats <LanguageStats:stats-Language-769>
[2025-10-23 19:06:55,848: DEBUG/38447] boost-unordered-documentation/bud_02/zh_Hans: updating stats <ProjectLanguageStats:stats-Project-16-769>
[2025-10-23 19:06:55,851: DEBUG/38447] boost-unordered-documentation/bud_02/zh_Hans: updating stats <ComponentStats:stats-Component-20>
[2025-10-23 19:06:55,853: DEBUG/38447] boost-unordered-documentation/bud_02/zh_Hans: updating stats <ProjectStats:stats-Project-16>
[2025-10-23 19:06:55,857: DEBUG/38447] boost-unordered-documentation/bud_02/zh_Hans: updating stats <GlobalStats:stats-global>
[2025-10-23 19:06:55,871: DEBUG/38447] boost-unordered-documentation/intro/zh_Hans: updating stats <LanguageStats:stats-Language-769>
[2025-10-23 19:06:55,872: DEBUG/38447] boost-unordered-documentation/intro/zh_Hans: updating stats <ProjectLanguageStats:stats-Project-16-769>
[2025-10-23 19:06:55,875: DEBUG/38447] boost-unordered-documentation/intro/zh_Hans: updating stats <ComponentStats:stats-Component-19>
[2025-10-23 19:06:55,876: DEBUG/38447] boost-unordered-documentation/intro/zh_Hans: updating stats <ProjectStats:stats-Project-16>
[2025-10-23 19:06:55,880: DEBUG/38447] boost-unordered-documentation/intro/zh_Hans: updating stats <GlobalStats:stats-global>
[2025-10-23 19:06:55,892: DEBUG/38447] boost-unordered-documentation/bud_03/zh_Hans: updating stats <LanguageStats:stats-Language-769>
[2025-10-23 19:06:55,894: DEBUG/38447] boost-unordered-documentation/bud_03/zh_Hans: updating stats <ProjectLanguageStats:stats-Project-16-769>
[2025-10-23 19:06:55,897: DEBUG/38447] boost-unordered-documentation/bud_03/zh_Hans: updating stats <ComponentStats:stats-Component-21>
[2025-10-23 19:06:55,902: DEBUG/38447] boost-unordered-documentation/bud_03/zh_Hans: updating stats <ProjectStats:stats-Project-16>
[2025-10-23 19:06:55,910: DEBUG/38447] boost-unordered-documentation/bud_03/zh_Hans: updating stats <GlobalStats:stats-global>
[23/Oct/2025 19:06:56] "POST /translate/boost-unordered-documentation/bud_03/zh_Hans/?&offset=18 HTTP/1.1" 302 0
[23/Oct/2025 19:06:56] "GET /translate/boost-unordered-documentation/bud_03/zh_Hans/?&offset=19 HTTP/1.1" 200 224707
[23/Oct/2025 19:06:56] "POST /js/translate/openai/847/ HTTP/1.1" 200 6244
[2025-10-23 19:07:45,970: DEBUG/38447] boost-unordered-documentation/bud_01/zh_Hans: updating stats <LanguageStats:stats-Language-769>
[2025-10-23 19:07:45,975: DEBUG/38447] boost-unordered-documentation/bud_01/zh_Hans: updating stats <ProjectLanguageStats:stats-Project-16-769>
[2025-10-23 19:07:45,978: DEBUG/38447] boost-unordered-documentation/bud_01/zh_Hans: updating stats <ComponentStats:stats-Component-17>
[2025-10-23 19:07:45,979: DEBUG/38447] boost-unordered-documentation/bud_01/zh_Hans: updating stats <ProjectStats:stats-Project-16>
[2025-10-23 19:07:45,983: DEBUG/38447] boost-unordered-documentation/bud_01/zh_Hans: updating stats <GlobalStats:stats-global>
[2025-10-23 19:07:45,992: DEBUG/38447] boost-unordered-documentation/bud_02/zh_Hans: updating stats <LanguageStats:stats-Language-769>
[2025-10-23 19:07:45,993: DEBUG/38447] boost-unordered-documentation/bud_02/zh_Hans: updating stats <ProjectLanguageStats:stats-Project-16-769>
[2025-10-23 19:07:45,994: DEBUG/38447] boost-unordered-documentation/bud_02/zh_Hans: updating stats <ComponentStats:stats-Component-20>
[2025-10-23 19:07:45,996: DEBUG/38447] boost-unordered-documentation/bud_02/zh_Hans: updating stats <ProjectStats:stats-Project-16>
[2025-10-23 19:07:45,997: DEBUG/38447] boost-unordered-documentation/bud_02/zh_Hans: updating stats <GlobalStats:stats-global>
[2025-10-23 19:07:46,009: DEBUG/38447] boost-unordered-documentation/intro/zh_Hans: updating stats <LanguageStats:stats-Language-769>
[2025-10-23 19:07:46,009: DEBUG/38447] boost-unordered-documentation/intro/zh_Hans: updating stats <ProjectLanguageStats:stats-Project-16-769>
[2025-10-23 19:07:46,011: DEBUG/38447] boost-unordered-documentation/intro/zh_Hans: updating stats <ComponentStats:stats-Component-19>
[2025-10-23 19:07:46,012: DEBUG/38447] boost-unordered-documentation/intro/zh_Hans: updating stats <ProjectStats:stats-Project-16>
[2025-10-23 19:07:46,013: DEBUG/38447] boost-unordered-documentation/intro/zh_Hans: updating stats <GlobalStats:stats-global>
[2025-10-23 19:07:46,071: DEBUG/38447] boost-unordered-documentation/bud_01/zh_Hans: updating stats <LanguageStats:stats-Language-769>
[2025-10-23 19:07:46,073: DEBUG/38447] boost-unordered-documentation/bud_01/zh_Hans: updating stats <ProjectLanguageStats:stats-Project-16-769>
[2025-10-23 19:07:46,075: DEBUG/38447] boost-unordered-documentation/bud_01/zh_Hans: updating stats <ComponentStats:stats-Component-17>
[2025-10-23 19:07:46,076: DEBUG/38447] boost-unordered-documentation/bud_01/zh_Hans: updating stats <ProjectStats:stats-Project-16>
[2025-10-23 19:07:46,082: DEBUG/38447] boost-unordered-documentation/bud_01/zh_Hans: updating stats <GlobalStats:stats-global>
[2025-10-23 19:07:46,103: DEBUG/38447] boost-unordered-documentation/bud_02/zh_Hans: updating stats <LanguageStats:stats-Language-769>
[2025-10-23 19:07:46,103: DEBUG/38447] boost-unordered-documentation/bud_02/zh_Hans: updating stats <ProjectLanguageStats:stats-Project-16-769>
[2025-10-23 19:07:46,105: DEBUG/38447] boost-unordered-documentation/bud_02/zh_Hans: updating stats <ComponentStats:stats-Component-20>
[2025-10-23 19:07:46,106: DEBUG/38447] boost-unordered-documentation/bud_02/zh_Hans: updating stats <ProjectStats:stats-Project-16>
[2025-10-23 19:07:46,108: DEBUG/38447] boost-unordered-documentation/bud_02/zh_Hans: updating stats <GlobalStats:stats-global>
[2025-10-23 19:07:46,115: DEBUG/38447] boost-unordered-documentation/intro/zh_Hans: updating stats <LanguageStats:stats-Language-769>
[2025-10-23 19:07:46,116: DEBUG/38447] boost-unordered-documentation/intro/zh_Hans: updating stats <ProjectLanguageStats:stats-Project-16-769>
[2025-10-23 19:07:46,118: DEBUG/38447] boost-unordered-documentation/intro/zh_Hans: updating stats <ComponentStats:stats-Component-19>
[2025-10-23 19:07:46,119: DEBUG/38447] boost-unordered-documentation/intro/zh_Hans: updating stats <ProjectStats:stats-Project-16>
[2025-10-23 19:07:46,120: DEBUG/38447] boost-unordered-documentation/intro/zh_Hans: updating stats <GlobalStats:stats-global>
[2025-10-23 19:07:46,131: DEBUG/38447] boost-unordered-documentation/bud_01/zh_Hans: updating stats <LanguageStats:stats-Language-769>
[2025-10-23 19:07:46,133: DEBUG/38447] boost-unordered-documentation/bud_01/zh_Hans: updating stats <ProjectLanguageStats:stats-Project-16-769>
[2025-10-23 19:07:46,134: DEBUG/38447] boost-unordered-documentation/bud_01/zh_Hans: updating stats <ComponentStats:stats-Component-17>
[2025-10-23 19:07:46,135: DEBUG/38447] boost-unordered-documentation/bud_01/zh_Hans: updating stats <ProjectStats:stats-Project-16>
[2025-10-23 19:07:46,139: DEBUG/38447] boost-unordered-documentation/bud_01/zh_Hans: updating stats <GlobalStats:stats-global>
[2025-10-23 19:07:46,148: DEBUG/38447] boost-unordered-documentation/intro/zh_Hans: updating stats <LanguageStats:stats-Language-769>
[2025-10-23 19:07:46,149: DEBUG/38447] boost-unordered-documentation/intro/zh_Hans: updating stats <ProjectLanguageStats:stats-Project-16-769>
[2025-10-23 19:07:46,151: DEBUG/38447] boost-unordered-documentation/intro/zh_Hans: updating stats <ComponentStats:stats-Component-19>
[2025-10-23 19:07:46,152: DEBUG/38447] boost-unordered-documentation/intro/zh_Hans: updating stats <ProjectStats:stats-Project-16>
[2025-10-23 19:07:46,155: DEBUG/38447] boost-unordered-documentation/intro/zh_Hans: updating stats <GlobalStats:stats-global>
[2025-10-23 19:07:46,165: DEBUG/38447] boost-unordered-documentation/bud_02/zh_Hans: updating stats <LanguageStats:stats-Language-769>
[2025-10-23 19:07:46,165: DEBUG/38447] boost-unordered-documentation/bud_02/zh_Hans: updating stats <ProjectLanguageStats:stats-Project-16-769>
[2025-10-23 19:07:46,167: DEBUG/38447] boost-unordered-documentation/bud_02/zh_Hans: updating stats <ComponentStats:stats-Component-20>
[2025-10-23 19:07:46,168: DEBUG/38447] boost-unordered-documentation/bud_02/zh_Hans: updating stats <ProjectStats:stats-Project-16>
[2025-10-23 19:07:46,169: DEBUG/38447] boost-unordered-documentation/bud_02/zh_Hans: updating stats <GlobalStats:stats-global>
[2025-10-23 19:07:46,179: DEBUG/38447] boost-unordered-documentation/bud_03/zh_Hans: updating stats <LanguageStats:stats-Language-769>
[2025-10-23 19:07:46,181: DEBUG/38447] boost-unordered-documentation/bud_03/zh_Hans: updating stats <ProjectLanguageStats:stats-Project-16-769>
[2025-10-23 19:07:46,183: DEBUG/38447] boost-unordered-documentation/bud_03/zh_Hans: updating stats <ComponentStats:stats-Component-21>
[2025-10-23 19:07:46,184: DEBUG/38447] boost-unordered-documentation/bud_03/zh_Hans: updating stats <ProjectStats:stats-Project-16>
[2025-10-23 19:07:46,188: DEBUG/38447] boost-unordered-documentation/bud_03/zh_Hans: updating stats <GlobalStats:stats-global>
[23/Oct/2025 19:07:46] "POST /translate/boost-unordered-documentation/bud_03/zh_Hans/?&offset=19 HTTP/1.1" 302 0
[23/Oct/2025 19:07:46] "GET /translate/boost-unordered-documentation/bud_03/zh_Hans/?&offset=20 HTTP/1.1" 200 214592
[23/Oct/2025 19:07:46] "POST /js/translate/openai/848/ HTTP/1.1" 200 2080
[2025-10-23 19:07:49,645: DEBUG/38447] boost-unordered-documentation/bud_01/zh_Hans: updating stats <LanguageStats:stats-Language-769>
[2025-10-23 19:07:49,646: DEBUG/38447] boost-unordered-documentation/bud_01/zh_Hans: updating stats <ProjectLanguageStats:stats-Project-16-769>
[2025-10-23 19:07:49,649: DEBUG/38447] boost-unordered-documentation/bud_01/zh_Hans: updating stats <ComponentStats:stats-Component-17>
[2025-10-23 19:07:49,650: DEBUG/38447] boost-unordered-documentation/bud_01/zh_Hans: updating stats <ProjectStats:stats-Project-16>
[2025-10-23 19:07:49,656: DEBUG/38447] boost-unordered-documentation/bud_01/zh_Hans: updating stats <GlobalStats:stats-global>
[2025-10-23 19:07:49,670: DEBUG/38447] boost-unordered-documentation/bud_02/zh_Hans: updating stats <LanguageStats:stats-Language-769>
[2025-10-23 19:07:49,671: DEBUG/38447] boost-unordered-documentation/bud_02/zh_Hans: updating stats <ProjectLanguageStats:stats-Project-16-769>
[2025-10-23 19:07:49,675: DEBUG/38447] boost-unordered-documentation/bud_02/zh_Hans: updating stats <ComponentStats:stats-Component-20>
[2025-10-23 19:07:49,678: DEBUG/38447] boost-unordered-documentation/bud_02/zh_Hans: updating stats <ProjectStats:stats-Project-16>
[2025-10-23 19:07:49,680: DEBUG/38447] boost-unordered-documentation/bud_02/zh_Hans: updating stats <GlobalStats:stats-global>
[2025-10-23 19:07:49,707: DEBUG/38447] boost-unordered-documentation/intro/zh_Hans: updating stats <LanguageStats:stats-Language-769>
[2025-10-23 19:07:49,708: DEBUG/38447] boost-unordered-documentation/intro/zh_Hans: updating stats <ProjectLanguageStats:stats-Project-16-769>
[2025-10-23 19:07:49,712: DEBUG/38447] boost-unordered-documentation/intro/zh_Hans: updating stats <ComponentStats:stats-Component-19>
[2025-10-23 19:07:49,713: DEBUG/38447] boost-unordered-documentation/intro/zh_Hans: updating stats <ProjectStats:stats-Project-16>
[2025-10-23 19:07:49,715: DEBUG/38447] boost-unordered-documentation/intro/zh_Hans: updating stats <GlobalStats:stats-global>
[2025-10-23 19:07:49,725: DEBUG/38447] boost-unordered-documentation/bud_03/zh_Hans: updating stats <LanguageStats:stats-Language-769>
[2025-10-23 19:07:49,727: DEBUG/38447] boost-unordered-documentation/bud_03/zh_Hans: updating stats <ProjectLanguageStats:stats-Project-16-769>
[2025-10-23 19:07:49,729: DEBUG/38447] boost-unordered-documentation/bud_03/zh_Hans: updating stats <ComponentStats:stats-Component-21>
[2025-10-23 19:07:49,730: DEBUG/38447] boost-unordered-documentation/bud_03/zh_Hans: updating stats <ProjectStats:stats-Project-16>
[2025-10-23 19:07:49,733: DEBUG/38447] boost-unordered-documentation/bud_03/zh_Hans: updating stats <GlobalStats:stats-global>
[23/Oct/2025 19:07:49] "POST /translate/boost-unordered-documentation/bud_03/zh_Hans/?&offset=20 HTTP/1.1" 302 0
[23/Oct/2025 19:07:50] "GET /translate/boost-unordered-documentation/bud_03/zh_Hans/?&offset=21 HTTP/1.1" 200 211199
[23/Oct/2025 19:07:50] "POST /js/translate/openai/849/ HTTP/1.1" 200 2410
[2025-10-23 19:07:53,722: DEBUG/38447] boost-unordered-documentation/bud_01/zh_Hans: updating stats <LanguageStats:stats-Language-769>
[2025-10-23 19:07:53,724: DEBUG/38447] boost-unordered-documentation/bud_01/zh_Hans: updating stats <ProjectLanguageStats:stats-Project-16-769>
[2025-10-23 19:07:53,727: DEBUG/38447] boost-unordered-documentation/bud_01/zh_Hans: updating stats <ComponentStats:stats-Component-17>
[2025-10-23 19:07:53,728: DEBUG/38447] boost-unordered-documentation/bud_01/zh_Hans: updating stats <ProjectStats:stats-Project-16>
[2025-10-23 19:07:53,737: DEBUG/38447] boost-unordered-documentation/bud_01/zh_Hans: updating stats <GlobalStats:stats-global>
[2025-10-23 19:07:53,746: DEBUG/38447] boost-unordered-documentation/intro/zh_Hans: updating stats <LanguageStats:stats-Language-769>
[2025-10-23 19:07:53,747: DEBUG/38447] boost-unordered-documentation/intro/zh_Hans: updating stats <ProjectLanguageStats:stats-Project-16-769>
[2025-10-23 19:07:53,749: DEBUG/38447] boost-unordered-documentation/intro/zh_Hans: updating stats <ComponentStats:stats-Component-19>
[2025-10-23 19:07:53,750: DEBUG/38447] boost-unordered-documentation/intro/zh_Hans: updating stats <ProjectStats:stats-Project-16>
[2025-10-23 19:07:53,752: DEBUG/38447] boost-unordered-documentation/intro/zh_Hans: updating stats <GlobalStats:stats-global>
[2025-10-23 19:07:53,761: DEBUG/38447] boost-unordered-documentation/bud_03/zh_Hans: updating stats <LanguageStats:stats-Language-769>
[2025-10-23 19:07:53,763: DEBUG/38447] boost-unordered-documentation/bud_03/zh_Hans: updating stats <ProjectLanguageStats:stats-Project-16-769>
[2025-10-23 19:07:53,765: DEBUG/38447] boost-unordered-documentation/bud_03/zh_Hans: updating stats <ComponentStats:stats-Component-21>
[2025-10-23 19:07:53,766: DEBUG/38447] boost-unordered-documentation/bud_03/zh_Hans: updating stats <ProjectStats:stats-Project-16>
[2025-10-23 19:07:53,769: DEBUG/38447] boost-unordered-documentation/bud_03/zh_Hans: updating stats <GlobalStats:stats-global>
[23/Oct/2025 19:07:53] "POST /translate/boost-unordered-documentation/bud_03/zh_Hans/?&offset=21 HTTP/1.1" 302 0
[23/Oct/2025 19:07:54] "GET /translate/boost-unordered-documentation/bud_03/zh_Hans/?&offset=22 HTTP/1.1" 200 272627
[23/Oct/2025 19:07:54] "POST /js/translate/openai/850/ HTTP/1.1" 200 20341
[2025-10-23 19:08:00,853: DEBUG/38447] boost-unordered-documentation/bud_01/zh_Hans: updating stats <LanguageStats:stats-Language-769>
[2025-10-23 19:08:00,855: DEBUG/38447] boost-unordered-documentation/bud_01/zh_Hans: updating stats <ProjectLanguageStats:stats-Project-16-769>
[2025-10-23 19:08:00,857: DEBUG/38447] boost-unordered-documentation/bud_01/zh_Hans: updating stats <ComponentStats:stats-Component-17>
[2025-10-23 19:08:00,859: DEBUG/38447] boost-unordered-documentation/bud_01/zh_Hans: updating stats <ProjectStats:stats-Project-16>
[2025-10-23 19:08:00,863: DEBUG/38447] boost-unordered-documentation/bud_01/zh_Hans: updating stats <GlobalStats:stats-global>
[2025-10-23 19:08:00,874: DEBUG/38447] boost-unordered-documentation/bud_02/zh_Hans: updating stats <LanguageStats:stats-Language-769>
[2025-10-23 19:08:00,874: DEBUG/38447] boost-unordered-documentation/bud_02/zh_Hans: updating stats <ProjectLanguageStats:stats-Project-16-769>
[2025-10-23 19:08:00,876: DEBUG/38447] boost-unordered-documentation/bud_02/zh_Hans: updating stats <ComponentStats:stats-Component-20>
[2025-10-23 19:08:00,877: DEBUG/38447] boost-unordered-documentation/bud_02/zh_Hans: updating stats <ProjectStats:stats-Project-16>
[2025-10-23 19:08:00,879: DEBUG/38447] boost-unordered-documentation/bud_02/zh_Hans: updating stats <GlobalStats:stats-global>
[2025-10-23 19:08:00,888: DEBUG/38447] boost-unordered-documentation/intro/zh_Hans: updating stats <LanguageStats:stats-Language-769>
[2025-10-23 19:08:00,889: DEBUG/38447] boost-unordered-documentation/intro/zh_Hans: updating stats <ProjectLanguageStats:stats-Project-16-769>
[2025-10-23 19:08:00,890: DEBUG/38447] boost-unordered-documentation/intro/zh_Hans: updating stats <ComponentStats:stats-Component-19>
[2025-10-23 19:08:00,892: DEBUG/38447] boost-unordered-documentation/intro/zh_Hans: updating stats <ProjectStats:stats-Project-16>
[2025-10-23 19:08:00,894: DEBUG/38447] boost-unordered-documentation/intro/zh_Hans: updating stats <GlobalStats:stats-global>
[2025-10-23 19:08:00,968: DEBUG/38447] boost-unordered-documentation/bud_01/zh_Hans: updating stats <LanguageStats:stats-Language-769>
[2025-10-23 19:08:00,971: DEBUG/38447] boost-unordered-documentation/bud_01/zh_Hans: updating stats <ProjectLanguageStats:stats-Project-16-769>
[2025-10-23 19:08:00,976: DEBUG/38447] boost-unordered-documentation/bud_01/zh_Hans: updating stats <ComponentStats:stats-Component-17>
[2025-10-23 19:08:00,980: DEBUG/38447] boost-unordered-documentation/bud_01/zh_Hans: updating stats <ProjectStats:stats-Project-16>
[2025-10-23 19:08:00,991: DEBUG/38447] boost-unordered-documentation/bud_01/zh_Hans: updating stats <GlobalStats:stats-global>
[2025-10-23 19:08:01,005: DEBUG/38447] boost-unordered-documentation/bud_02/zh_Hans: updating stats <LanguageStats:stats-Language-769>
[2025-10-23 19:08:01,006: DEBUG/38447] boost-unordered-documentation/bud_02/zh_Hans: updating stats <ProjectLanguageStats:stats-Project-16-769>
[2025-10-23 19:08:01,007: DEBUG/38447] boost-unordered-documentation/bud_02/zh_Hans: updating stats <ComponentStats:stats-Component-20>
[2025-10-23 19:08:01,009: DEBUG/38447] boost-unordered-documentation/bud_02/zh_Hans: updating stats <ProjectStats:stats-Project-16>
[2025-10-23 19:08:01,010: DEBUG/38447] boost-unordered-documentation/bud_02/zh_Hans: updating stats <GlobalStats:stats-global>
[2025-10-23 19:08:01,020: DEBUG/38447] boost-unordered-documentation/intro/zh_Hans: updating stats <LanguageStats:stats-Language-769>
[2025-10-23 19:08:01,021: DEBUG/38447] boost-unordered-documentation/intro/zh_Hans: updating stats <ProjectLanguageStats:stats-Project-16-769>
[2025-10-23 19:08:01,023: DEBUG/38447] boost-unordered-documentation/intro/zh_Hans: updating stats <ComponentStats:stats-Component-19>
[2025-10-23 19:08:01,025: DEBUG/38447] boost-unordered-documentation/intro/zh_Hans: updating stats <ProjectStats:stats-Project-16>
[2025-10-23 19:08:01,027: DEBUG/38447] boost-unordered-documentation/intro/zh_Hans: updating stats <GlobalStats:stats-global>
[2025-10-23 19:08:01,037: DEBUG/38447] boost-unordered-documentation/bud_01/zh_Hans: updating stats <LanguageStats:stats-Language-769>
[2025-10-23 19:08:01,038: DEBUG/38447] boost-unordered-documentation/bud_01/zh_Hans: updating stats <ProjectLanguageStats:stats-Project-16-769>
[2025-10-23 19:08:01,040: DEBUG/38447] boost-unordered-documentation/bud_01/zh_Hans: updating stats <ComponentStats:stats-Component-17>
[2025-10-23 19:08:01,041: DEBUG/38447] boost-unordered-documentation/bud_01/zh_Hans: updating stats <ProjectStats:stats-Project-16>
[2025-10-23 19:08:01,045: DEBUG/38447] boost-unordered-documentation/bud_01/zh_Hans: updating stats <GlobalStats:stats-global>
[2025-10-23 19:08:01,055: DEBUG/38447] boost-unordered-documentation/intro/zh_Hans: updating stats <LanguageStats:stats-Language-769>
[2025-10-23 19:08:01,055: DEBUG/38447] boost-unordered-documentation/intro/zh_Hans: updating stats <ProjectLanguageStats:stats-Project-16-769>
[2025-10-23 19:08:01,057: DEBUG/38447] boost-unordered-documentation/intro/zh_Hans: updating stats <ComponentStats:stats-Component-19>
[2025-10-23 19:08:01,058: DEBUG/38447] boost-unordered-documentation/intro/zh_Hans: updating stats <ProjectStats:stats-Project-16>
[2025-10-23 19:08:01,060: DEBUG/38447] boost-unordered-documentation/intro/zh_Hans: updating stats <GlobalStats:stats-global>
[2025-10-23 19:08:01,070: DEBUG/38447] boost-unordered-documentation/bud_02/zh_Hans: updating stats <LanguageStats:stats-Language-769>
[2025-10-23 19:08:01,071: DEBUG/38447] boost-unordered-documentation/bud_02/zh_Hans: updating stats <ProjectLanguageStats:stats-Project-16-769>
[2025-10-23 19:08:01,074: DEBUG/38447] boost-unordered-documentation/bud_02/zh_Hans: updating stats <ComponentStats:stats-Component-20>
[2025-10-23 19:08:01,075: DEBUG/38447] boost-unordered-documentation/bud_02/zh_Hans: updating stats <ProjectStats:stats-Project-16>
[2025-10-23 19:08:01,077: DEBUG/38447] boost-unordered-documentation/bud_02/zh_Hans: updating stats <GlobalStats:stats-global>
[2025-10-23 19:08:01,093: DEBUG/38447] boost-unordered-documentation/bud_03/zh_Hans: updating stats <LanguageStats:stats-Language-769>
[2025-10-23 19:08:01,096: DEBUG/38447] boost-unordered-documentation/bud_03/zh_Hans: updating stats <ProjectLanguageStats:stats-Project-16-769>
[2025-10-23 19:08:01,099: DEBUG/38447] boost-unordered-documentation/bud_03/zh_Hans: updating stats <ComponentStats:stats-Component-21>
[2025-10-23 19:08:01,101: DEBUG/38447] boost-unordered-documentation/bud_03/zh_Hans: updating stats <ProjectStats:stats-Project-16>
[2025-10-23 19:08:01,105: DEBUG/38447] boost-unordered-documentation/bud_03/zh_Hans: updating stats <GlobalStats:stats-global>
[23/Oct/2025 19:08:01] "POST /translate/boost-unordered-documentation/bud_03/zh_Hans/?&offset=22 HTTP/1.1" 302 0
[23/Oct/2025 19:08:01] "GET /translate/boost-unordered-documentation/bud_03/zh_Hans/?&offset=23 HTTP/1.1" 200 222530
[23/Oct/2025 19:08:01] "POST /js/translate/openai/851/ HTTP/1.1" 200 6262
[2025-10-23 19:08:06,276: DEBUG/38447] boost-unordered-documentation/bud_01/zh_Hans: updating stats <LanguageStats:stats-Language-769>
[2025-10-23 19:08:06,281: DEBUG/38447] boost-unordered-documentation/bud_01/zh_Hans: updating stats <ProjectLanguageStats:stats-Project-16-769>
[2025-10-23 19:08:06,288: DEBUG/38447] boost-unordered-documentation/bud_01/zh_Hans: updating stats <ComponentStats:stats-Component-17>
[2025-10-23 19:08:06,291: DEBUG/38447] boost-unordered-documentation/bud_01/zh_Hans: updating stats <ProjectStats:stats-Project-16>
[2025-10-23 19:08:06,298: DEBUG/38447] boost-unordered-documentation/bud_01/zh_Hans: updating stats <GlobalStats:stats-global>
[2025-10-23 19:08:06,311: DEBUG/38447] boost-unordered-documentation/intro/zh_Hans: updating stats <LanguageStats:stats-Language-769>
[2025-10-23 19:08:06,313: DEBUG/38447] boost-unordered-documentation/intro/zh_Hans: updating stats <ProjectLanguageStats:stats-Project-16-769>
[2025-10-23 19:08:06,316: DEBUG/38447] boost-unordered-documentation/intro/zh_Hans: updating stats <ComponentStats:stats-Component-19>
[2025-10-23 19:08:06,318: DEBUG/38447] boost-unordered-documentation/intro/zh_Hans: updating stats <ProjectStats:stats-Project-16>
[2025-10-23 19:08:06,319: DEBUG/38447] boost-unordered-documentation/intro/zh_Hans: updating stats <GlobalStats:stats-global>
[2025-10-23 19:08:06,327: DEBUG/38447] boost-unordered-documentation/bud_03/zh_Hans: updating stats <LanguageStats:stats-Language-769>
[2025-10-23 19:08:06,332: DEBUG/38447] boost-unordered-documentation/bud_03/zh_Hans: updating stats <ProjectLanguageStats:stats-Project-16-769>
[2025-10-23 19:08:06,335: DEBUG/38447] boost-unordered-documentation/bud_03/zh_Hans: updating stats <ComponentStats:stats-Component-21>
[2025-10-23 19:08:06,337: DEBUG/38447] boost-unordered-documentation/bud_03/zh_Hans: updating stats <ProjectStats:stats-Project-16>
[2025-10-23 19:08:06,340: DEBUG/38447] boost-unordered-documentation/bud_03/zh_Hans: updating stats <GlobalStats:stats-global>
[23/Oct/2025 19:08:06] "POST /translate/boost-unordered-documentation/bud_03/zh_Hans/?&offset=23 HTTP/1.1" 302 0
[23/Oct/2025 19:08:06] "GET /translate/boost-unordered-documentation/bud_03/zh_Hans/?&offset=24 HTTP/1.1" 200 199956
[2025-10-23 19:08:10,223: DEBUG/38447] boost-unordered-documentation/bud_03/zh_Hans: updating stats <LanguageStats:stats-Language-769>
[2025-10-23 19:08:10,225: DEBUG/38447] boost-unordered-documentation/bud_03/zh_Hans: updating stats <ProjectLanguageStats:stats-Project-16-769>
[2025-10-23 19:08:10,228: DEBUG/38447] boost-unordered-documentation/bud_03/zh_Hans: updating stats <ComponentStats:stats-Component-21>
[2025-10-23 19:08:10,231: DEBUG/38447] boost-unordered-documentation/bud_03/zh_Hans: updating stats <ProjectStats:stats-Project-16>
[2025-10-23 19:08:10,257: DEBUG/38447] boost-unordered-documentation/bud_03/zh_Hans: updating stats <GlobalStats:stats-global>
[23/Oct/2025 19:08:10] "POST /translate/boost-unordered-documentation/bud_03/zh_Hans/?&offset=24 HTTP/1.1" 302 0
[23/Oct/2025 19:08:10] "GET /translate/boost-unordered-documentation/bud_03/zh_Hans/?&offset=24 HTTP/1.1" 200 206671
[2025-10-23 19:08:12,728: DEBUG/38447] boost-unordered-documentation/bud_03/zh_Hans: skipping update of <LanguageStats:stats-Language-769>
[2025-10-23 19:08:12,728: DEBUG/38447] boost-unordered-documentation/bud_03/zh_Hans: skipping update of <ProjectLanguageStats:stats-Project-16-769>
[2025-10-23 19:08:12,728: DEBUG/38447] boost-unordered-documentation/bud_03/zh_Hans: skipping update of <ComponentStats:stats-Component-21>
[2025-10-23 19:08:12,728: DEBUG/38447] boost-unordered-documentation/bud_03/zh_Hans: skipping update of <ProjectStats:stats-Project-16>
[2025-10-23 19:08:12,728: DEBUG/38447] boost-unordered-documentation/bud_03/zh_Hans: skipping update of <GlobalStats:stats-global>
[2025-10-23 19:08:12,738: DEBUG/38447] boost-unordered-documentation/bud_03/zh_Hans: skipping update of <LanguageStats:stats-Language-769>
[2025-10-23 19:08:12,739: DEBUG/38447] boost-unordered-documentation/bud_03/zh_Hans: skipping update of <ProjectLanguageStats:stats-Project-16-769>
[2025-10-23 19:08:12,739: DEBUG/38447] boost-unordered-documentation/bud_03/zh_Hans: skipping update of <ComponentStats:stats-Component-21>
[2025-10-23 19:08:12,740: DEBUG/38447] boost-unordered-documentation/bud_03/zh_Hans: skipping update of <ProjectStats:stats-Project-16>
[2025-10-23 19:08:12,740: DEBUG/38447] boost-unordered-documentation/bud_03/zh_Hans: skipping update of <GlobalStats:stats-global>
[23/Oct/2025 19:08:12] "GET /projects/boost-unordered-documentation/bud_03/zh_Hans/ HTTP/1.1" 200 183363
[23/Oct/2025 19:08:16] "GET /projects/boost-unordered-documentation/bud_03/ HTTP/1.1" 200 152868
[23/Oct/2025 19:08:19] "GET /projects/boost-unordered-documentation/bud_03/zh_Hans/ HTTP/1.1" 200 183364
[23/Oct/2025 19:08:20] "GET /translate/boost-unordered-documentation/bud_03/zh_Hans/?q=state:%3Ctranslated HTTP/1.1" 200 295861
[23/Oct/2025 19:08:21] "POST /js/translate/openai/850/ HTTP/1.1" 200 20440
[23/Oct/2025 19:08:23] "POST /js/translate/openai/852/ HTTP/1.1" 200 1638
[23/Oct/2025 19:08:25] "POST /translate/boost-unordered-documentation/bud_03/zh_Hans/?q=state%3A%3Ctranslated&offset=1 HTTP/1.1" 200 200415
[23/Oct/2025 19:08:25] "POST /js/translate/openai/831/ HTTP/1.1" 200 338
[23/Oct/2025 19:08:30] "GET /projects/boost-unordered-documentation/bud_03/zh_Hans/ HTTP/1.1" 200 183366
[23/Oct/2025 19:08:33] "GET /translate/boost-unordered-documentation/bud_03/zh_Hans/?q=state:%3Ctranslated HTTP/1.1" 200 295861
[23/Oct/2025 19:08:33] "POST /js/translate/openai/850/ HTTP/1.1" 200 20440
[2025-10-23 19:08:35,480: DEBUG/38447] boost-unordered-documentation/bud_03/zh_Hans: updating stats <LanguageStats:stats-Language-769>
[2025-10-23 19:08:35,482: DEBUG/38447] boost-unordered-documentation/bud_03/zh_Hans: updating stats <ProjectLanguageStats:stats-Project-16-769>
[2025-10-23 19:08:35,484: DEBUG/38447] boost-unordered-documentation/bud_03/zh_Hans: updating stats <ComponentStats:stats-Component-21>
[2025-10-23 19:08:35,486: DEBUG/38447] boost-unordered-documentation/bud_03/zh_Hans: updating stats <ProjectStats:stats-Project-16>
[2025-10-23 19:08:35,491: DEBUG/38447] boost-unordered-documentation/bud_03/zh_Hans: updating stats <GlobalStats:stats-global>
[2025-10-23 19:08:35,507: DEBUG/38447] boost-unordered-documentation/bud_01/zh_Hans: updating stats <LanguageStats:stats-Language-769>
[2025-10-23 19:08:35,509: DEBUG/38447] boost-unordered-documentation/bud_01/zh_Hans: updating stats <ProjectLanguageStats:stats-Project-16-769>
[2025-10-23 19:08:35,511: DEBUG/38447] boost-unordered-documentation/bud_01/zh_Hans: updating stats <ComponentStats:stats-Component-17>
[2025-10-23 19:08:35,512: DEBUG/38447] boost-unordered-documentation/bud_01/zh_Hans: updating stats <ProjectStats:stats-Project-16>
[2025-10-23 19:08:35,516: DEBUG/38447] boost-unordered-documentation/bud_01/zh_Hans: updating stats <GlobalStats:stats-global>
[2025-10-23 19:08:35,529: DEBUG/38447] boost-unordered-documentation/intro/zh_Hans: updating stats <LanguageStats:stats-Language-769>
[2025-10-23 19:08:35,530: DEBUG/38447] boost-unordered-documentation/intro/zh_Hans: updating stats <ProjectLanguageStats:stats-Project-16-769>
[2025-10-23 19:08:35,532: DEBUG/38447] boost-unordered-documentation/intro/zh_Hans: updating stats <ComponentStats:stats-Component-19>
[2025-10-23 19:08:35,534: DEBUG/38447] boost-unordered-documentation/intro/zh_Hans: updating stats <ProjectStats:stats-Project-16>
[2025-10-23 19:08:35,537: DEBUG/38447] boost-unordered-documentation/intro/zh_Hans: updating stats <GlobalStats:stats-global>
[2025-10-23 19:08:35,554: DEBUG/38447] boost-unordered-documentation/bud_02/zh_Hans: updating stats <LanguageStats:stats-Language-769>
[2025-10-23 19:08:35,557: DEBUG/38447] boost-unordered-documentation/bud_02/zh_Hans: updating stats <ProjectLanguageStats:stats-Project-16-769>
[2025-10-23 19:08:35,559: DEBUG/38447] boost-unordered-documentation/bud_02/zh_Hans: updating stats <ComponentStats:stats-Component-20>
[2025-10-23 19:08:35,560: DEBUG/38447] boost-unordered-documentation/bud_02/zh_Hans: updating stats <ProjectStats:stats-Project-16>
[2025-10-23 19:08:35,564: DEBUG/38447] boost-unordered-documentation/bud_02/zh_Hans: updating stats <GlobalStats:stats-global>
[23/Oct/2025 19:08:35] "POST /js/ignore-check/375/ HTTP/1.1" 200 2
[2025-10-23 19:08:39,040: DEBUG/38447] boost-unordered-documentation/bud_01/zh_Hans: updating stats <LanguageStats:stats-Language-769>
[2025-10-23 19:08:39,042: DEBUG/38447] boost-unordered-documentation/bud_01/zh_Hans: updating stats <ProjectLanguageStats:stats-Project-16-769>
[2025-10-23 19:08:39,044: DEBUG/38447] boost-unordered-documentation/bud_01/zh_Hans: updating stats <ComponentStats:stats-Component-17>
[2025-10-23 19:08:39,045: DEBUG/38447] boost-unordered-documentation/bud_01/zh_Hans: updating stats <ProjectStats:stats-Project-16>
[2025-10-23 19:08:39,049: DEBUG/38447] boost-unordered-documentation/bud_01/zh_Hans: updating stats <GlobalStats:stats-global>
[2025-10-23 19:08:39,104: DEBUG/38447] boost-unordered-documentation/bud_01/zh_Hans: updating stats <LanguageStats:stats-Language-769>
[2025-10-23 19:08:39,106: DEBUG/38447] boost-unordered-documentation/bud_01/zh_Hans: updating stats <ProjectLanguageStats:stats-Project-16-769>
[2025-10-23 19:08:39,110: DEBUG/38447] boost-unordered-documentation/bud_01/zh_Hans: updating stats <ComponentStats:stats-Component-17>
[2025-10-23 19:08:39,111: DEBUG/38447] boost-unordered-documentation/bud_01/zh_Hans: updating stats <ProjectStats:stats-Project-16>
[2025-10-23 19:08:39,112: DEBUG/38447] boost-unordered-documentation/bud_01/zh_Hans: updating stats <GlobalStats:stats-global>
[2025-10-23 19:08:39,163: DEBUG/38447] boost-unordered-documentation/bud_02/zh_Hans: updating stats <LanguageStats:stats-Language-769>
[2025-10-23 19:08:39,164: DEBUG/38447] boost-unordered-documentation/bud_02/zh_Hans: updating stats <ProjectLanguageStats:stats-Project-16-769>
[2025-10-23 19:08:39,166: DEBUG/38447] boost-unordered-documentation/bud_02/zh_Hans: updating stats <ComponentStats:stats-Component-20>
[2025-10-23 19:08:39,167: DEBUG/38447] boost-unordered-documentation/bud_02/zh_Hans: updating stats <ProjectStats:stats-Project-16>
[2025-10-23 19:08:39,169: DEBUG/38447] boost-unordered-documentation/bud_02/zh_Hans: updating stats <GlobalStats:stats-global>
[2025-10-23 19:08:39,178: DEBUG/38447] boost-unordered-documentation/intro/zh_Hans: updating stats <LanguageStats:stats-Language-769>
[2025-10-23 19:08:39,178: DEBUG/38447] boost-unordered-documentation/intro/zh_Hans: updating stats <ProjectLanguageStats:stats-Project-16-769>
[2025-10-23 19:08:39,180: DEBUG/38447] boost-unordered-documentation/intro/zh_Hans: updating stats <ComponentStats:stats-Component-19>
[2025-10-23 19:08:39,181: DEBUG/38447] boost-unordered-documentation/intro/zh_Hans: updating stats <ProjectStats:stats-Project-16>
[2025-10-23 19:08:39,182: DEBUG/38447] boost-unordered-documentation/intro/zh_Hans: updating stats <GlobalStats:stats-global>
[2025-10-23 19:08:39,227: DEBUG/38447] boost-unordered-documentation/intro/zh_Hans: updating stats <LanguageStats:stats-Language-769>
[2025-10-23 19:08:39,227: DEBUG/38447] boost-unordered-documentation/intro/zh_Hans: updating stats <ProjectLanguageStats:stats-Project-16-769>
[2025-10-23 19:08:39,229: DEBUG/38447] boost-unordered-documentation/intro/zh_Hans: updating stats <ComponentStats:stats-Component-19>
[2025-10-23 19:08:39,229: DEBUG/38447] boost-unordered-documentation/intro/zh_Hans: updating stats <ProjectStats:stats-Project-16>
[2025-10-23 19:08:39,231: DEBUG/38447] boost-unordered-documentation/intro/zh_Hans: updating stats <GlobalStats:stats-global>
[2025-10-23 19:08:39,310: DEBUG/38447] boost-unordered-documentation/bud_01/zh_Hans: updating stats <LanguageStats:stats-Language-769>
[2025-10-23 19:08:39,311: DEBUG/38447] boost-unordered-documentation/bud_01/zh_Hans: updating stats <ProjectLanguageStats:stats-Project-16-769>
[2025-10-23 19:08:39,313: DEBUG/38447] boost-unordered-documentation/bud_01/zh_Hans: updating stats <ComponentStats:stats-Component-17>
[2025-10-23 19:08:39,314: DEBUG/38447] boost-unordered-documentation/bud_01/zh_Hans: updating stats <ProjectStats:stats-Project-16>
[2025-10-23 19:08:39,317: DEBUG/38447] boost-unordered-documentation/bud_01/zh_Hans: updating stats <GlobalStats:stats-global>
[2025-10-23 19:08:39,329: DEBUG/38447] boost-unordered-documentation/intro/zh_Hans: updating stats <LanguageStats:stats-Language-769>
[2025-10-23 19:08:39,330: DEBUG/38447] boost-unordered-documentation/intro/zh_Hans: updating stats <ProjectLanguageStats:stats-Project-16-769>
[2025-10-23 19:08:39,332: DEBUG/38447] boost-unordered-documentation/intro/zh_Hans: updating stats <ComponentStats:stats-Component-19>
[2025-10-23 19:08:39,333: DEBUG/38447] boost-unordered-documentation/intro/zh_Hans: updating stats <ProjectStats:stats-Project-16>
[2025-10-23 19:08:39,334: DEBUG/38447] boost-unordered-documentation/intro/zh_Hans: updating stats <GlobalStats:stats-global>
[2025-10-23 19:08:39,343: DEBUG/38447] boost-unordered-documentation/bud_02/zh_Hans: updating stats <LanguageStats:stats-Language-769>
[2025-10-23 19:08:39,344: DEBUG/38447] boost-unordered-documentation/bud_02/zh_Hans: updating stats <ProjectLanguageStats:stats-Project-16-769>
[2025-10-23 19:08:39,347: DEBUG/38447] boost-unordered-documentation/bud_02/zh_Hans: updating stats <ComponentStats:stats-Component-20>
[2025-10-23 19:08:39,348: DEBUG/38447] boost-unordered-documentation/bud_02/zh_Hans: updating stats <ProjectStats:stats-Project-16>
[2025-10-23 19:08:39,349: DEBUG/38447] boost-unordered-documentation/bud_02/zh_Hans: updating stats <GlobalStats:stats-global>
[2025-10-23 19:08:39,410: DEBUG/38447] boost-unordered-documentation/bud_03/zh_Hans: updating stats <LanguageStats:stats-Language-769>
[2025-10-23 19:08:39,413: DEBUG/38447] boost-unordered-documentation/bud_03/zh_Hans: updating stats <ProjectLanguageStats:stats-Project-16-769>
[2025-10-23 19:08:39,415: DEBUG/38447] boost-unordered-documentation/bud_03/zh_Hans: updating stats <ComponentStats:stats-Component-21>
[2025-10-23 19:08:39,416: DEBUG/38447] boost-unordered-documentation/bud_03/zh_Hans: updating stats <ProjectStats:stats-Project-16>
[2025-10-23 19:08:39,419: DEBUG/38447] boost-unordered-documentation/bud_03/zh_Hans: updating stats <GlobalStats:stats-global>
[2025-10-23 19:08:39,461: DEBUG/38447] boost-unordered-documentation/bud_03/zh_Hans: updating stats <LanguageStats:stats-Language-769>
[2025-10-23 19:08:39,461: DEBUG/38447] boost-unordered-documentation/bud_03/zh_Hans: updating stats <ProjectLanguageStats:stats-Project-16-769>
[2025-10-23 19:08:39,463: DEBUG/38447] boost-unordered-documentation/bud_03/zh_Hans: updating stats <ComponentStats:stats-Component-21>
[2025-10-23 19:08:39,463: DEBUG/38447] boost-unordered-documentation/bud_03/zh_Hans: updating stats <ProjectStats:stats-Project-16>
[2025-10-23 19:08:39,464: DEBUG/38447] boost-unordered-documentation/bud_03/zh_Hans: updating stats <GlobalStats:stats-global>
[23/Oct/2025 19:08:39] "POST /translate/boost-unordered-documentation/bud_03/zh_Hans/?q=state%3A%3Ctranslated&offset=1 HTTP/1.1" 302 0
[23/Oct/2025 19:08:39] "GET /translate/boost-unordered-documentation/bud_03/zh_Hans/?q=state%3A%3Ctranslated&offset=2 HTTP/1.1" 302 0
[2025-10-23 19:08:39,656: DEBUG/38447] boost-unordered-documentation/bud_03/zh_Hans: updating stats <LanguageStats:stats-Language-769>
[2025-10-23 19:08:39,658: DEBUG/38447] boost-unordered-documentation/bud_03/zh_Hans: skipping update of <ProjectLanguageStats:stats-Project-16-769>
[2025-10-23 19:08:39,658: DEBUG/38447] boost-unordered-documentation/bud_03/zh_Hans: updating stats <ComponentStats:stats-Component-21>
[2025-10-23 19:08:39,659: DEBUG/38447] boost-unordered-documentation/bud_03/zh_Hans: updating stats <ProjectStats:stats-Project-16>
[2025-10-23 19:08:39,664: DEBUG/38447] boost-unordered-documentation/bud_03/zh_Hans: updating stats <GlobalStats:stats-global>
[2025-10-23 19:08:39,668: DEBUG/38447] boost-unordered-documentation/bud_03/zh_Hans: skipping update of <LanguageStats:stats-Language-769>
[2025-10-23 19:08:39,669: DEBUG/38447] boost-unordered-documentation/bud_03/zh_Hans: skipping update of <ProjectLanguageStats:stats-Project-16-769>
[2025-10-23 19:08:39,669: DEBUG/38447] boost-unordered-documentation/bud_03/zh_Hans: skipping update of <ComponentStats:stats-Component-21>
[2025-10-23 19:08:39,669: DEBUG/38447] boost-unordered-documentation/bud_03/zh_Hans: skipping update of <ProjectStats:stats-Project-16>
[2025-10-23 19:08:39,669: DEBUG/38447] boost-unordered-documentation/bud_03/zh_Hans: skipping update of <GlobalStats:stats-global>
[23/Oct/2025 19:08:39] "GET /projects/boost-unordered-documentation/bud_03/zh_Hans/ HTTP/1.1" 200 189403
[23/Oct/2025 19:08:47] "GET /projects/boost-unordered-documentation/bud_03/ HTTP/1.1" 200 161751
[23/Oct/2025 19:08:48] "GET /projects/boost-unordered-documentation/bud_03/zh_Hans/ HTTP/1.1" 200 189268
[2025-10-23 19:08:50,576: DEBUG/38447] git: failure fatal: bad revision 'Giggly19890103/bud-branch-03..'
 (128)
[2025-10-23 19:08:50,576: DEBUG/38447] git: failure fatal: bad revision 'Giggly19890103/bud-branch-03..'
 (128)
[2025-10-23 19:08:50,582: DEBUG/38447] git: On branch develop
Your branch is ahead of 'origin/develop' by 4 commits.
  (use "git push" to publish your local commits)

nothing to commit, working tree clean

[2025-10-23 19:08:50,582: DEBUG/38447] git: On branch develop
Your branch is ahead of 'origin/develop' by 4 commits.
  (use "git push" to publish your local commits)

nothing to commit, working tree clean

[23/Oct/2025 19:08:50] "GET /js/git/boost-unordered-documentation/bud_03/zh_Hans/ HTTP/1.1" 200 26182
[2025-10-23 19:08:52,199: INFO/38447] boost-unordered-documentation/bud_03/zh_Hans: committing 22 pending changes (commit)
[2025-10-23 19:08:52,301: DEBUG/38447] boost-unordered-documentation/bud_03/zh_Hans: running Repository pre-commit add-on: weblate.cleanup.generic
[2025-10-23 19:08:52,365: DEBUG/38447] boost-unordered-documentation/bud_03/zh_Hans: completed Repository pre-commit add-on: weblate.cleanup.generic
[2025-10-23 19:08:52,382: INFO/38447] boost-unordered-documentation/bud_03/zh_Hans: committed ['/home/dsf2eqw3/Documents/weblate-weblate-5.13.3/data/vcs/boost-unordered-documentation/bud_03/doc/modules/ROOT/pages/intro_zh_Hans.adoc'] as user01 <user01@weblate.com>
[2025-10-23 19:08:52,395: INFO/38447] boost-unordered-documentation/bud_03: checking triggered alerts
[2025-10-23 19:08:52,397: DEBUG/38447] git: failure fatal: bad revision 'Giggly19890103/bud-branch-03..'
 (128)
[2025-10-23 19:08:52,397: DEBUG/38447] git: failure fatal: bad revision 'Giggly19890103/bud-branch-03..'
 (128)
[2025-10-23 19:08:52,405: DEBUG/38447] git: On branch develop
Your branch is ahead of 'origin/develop' by 5 commits.
  (use "git push" to publish your local commits)

nothing to commit, working tree clean

[2025-10-23 19:08:52,405: DEBUG/38447] git: On branch develop
Your branch is ahead of 'origin/develop' by 5 commits.
  (use "git push" to publish your local commits)

nothing to commit, working tree clean

[2025-10-23 19:08:52,410: DEBUG/38447] git: failure fatal: bad revision 'Giggly19890103/bud-branch-03..'
 (128)
[2025-10-23 19:08:52,410: DEBUG/38447] git: failure fatal: bad revision 'Giggly19890103/bud-branch-03..'
 (128)
[2025-10-23 19:08:52,415: DEBUG/38447] git: On branch develop
Your branch is ahead of 'origin/develop' by 5 commits.
  (use "git push" to publish your local commits)

nothing to commit, working tree clean

[2025-10-23 19:08:52,415: DEBUG/38447] git: On branch develop
Your branch is ahead of 'origin/develop' by 5 commits.
  (use "git push" to publish your local commits)

nothing to commit, working tree clean

[2025-10-23 19:08:52,418: INFO/38447] boost-unordered-documentation/bud_03: updating repository
[2025-10-23 19:09:02,273: INFO/38447] boost-unordered-documentation/bud_03: update took 9.86 seconds
[2025-10-23 19:09:02,277: INFO/38447] boost-unordered-documentation/bud_03: repository up to date at 09d6416755cda0d46d9d60f9c00c6d4267b98c61
[2025-10-23 19:09:02,303: INFO/38447] boost-unordered-documentation/bud_03: pushing to remote repo
[2025-10-23 19:09:08,212: DEBUG/38447] git: HTTP post https://api.github.com/repos/Giggly19890103/unordered/pulls
[2025-10-23 19:09:08,212: DEBUG/38447] git: HTTP post https://api.github.com/repos/Giggly19890103/unordered/pulls
[2025-10-23 19:09:10,056: DEBUG/38447] git: Validation Failed
[2025-10-23 19:09:10,056: DEBUG/38447] git: Validation Failed
[2025-10-23 19:09:10,057: DEBUG/38447] git: A pull request already exists for Giggly19890103:bud-branch-03.
[2025-10-23 19:09:10,057: DEBUG/38447] git: A pull request already exists for Giggly19890103:bud-branch-03.
[2025-10-23 19:09:10,116: DEBUG/38447] boost-unordered-documentation/bud_03/zh_Hans: updating stats <LanguageStats:stats-Language-769>
[2025-10-23 19:09:10,118: DEBUG/38447] boost-unordered-documentation/bud_03/zh_Hans: updating stats <ProjectLanguageStats:stats-Project-16-769>
[2025-10-23 19:09:10,119: DEBUG/38447] boost-unordered-documentation/bud_03/zh_Hans: updating stats <ComponentStats:stats-Component-21>
[2025-10-23 19:09:10,121: DEBUG/38447] boost-unordered-documentation/bud_03/zh_Hans: updating stats <ProjectStats:stats-Project-16>
[2025-10-23 19:09:10,126: DEBUG/38447] boost-unordered-documentation/bud_03/zh_Hans: updating stats <GlobalStats:stats-global>
[23/Oct/2025 19:09:10] "POST /commit/boost-unordered-documentation/bud_03/zh_Hans/ HTTP/1.1" 302 0
[2025-10-23 19:09:10,281: DEBUG/38447] boost-unordered-documentation/bud_03/zh_Hans: skipping update of <LanguageStats:stats-Language-769>
[2025-10-23 19:09:10,282: DEBUG/38447] boost-unordered-documentation/bud_03/zh_Hans: skipping update of <ProjectLanguageStats:stats-Project-16-769>
[2025-10-23 19:09:10,282: DEBUG/38447] boost-unordered-documentation/bud_03/zh_Hans: skipping update of <ComponentStats:stats-Component-21>
[2025-10-23 19:09:10,282: DEBUG/38447] boost-unordered-documentation/bud_03/zh_Hans: skipping update of <ProjectStats:stats-Project-16>
[2025-10-23 19:09:10,282: DEBUG/38447] boost-unordered-documentation/bud_03/zh_Hans: skipping update of <GlobalStats:stats-global>
[2025-10-23 19:09:10,285: DEBUG/38447] boost-unordered-documentation/bud_03/zh_Hans: skipping update of <LanguageStats:stats-Language-769>
[2025-10-23 19:09:10,285: DEBUG/38447] boost-unordered-documentation/bud_03/zh_Hans: skipping update of <ProjectLanguageStats:stats-Project-16-769>
[2025-10-23 19:09:10,285: DEBUG/38447] boost-unordered-documentation/bud_03/zh_Hans: skipping update of <ComponentStats:stats-Component-21>
[2025-10-23 19:09:10,285: DEBUG/38447] boost-unordered-documentation/bud_03/zh_Hans: skipping update of <ProjectStats:stats-Project-16>
[2025-10-23 19:09:10,285: DEBUG/38447] boost-unordered-documentation/bud_03/zh_Hans: skipping update of <GlobalStats:stats-global>
[23/Oct/2025 19:09:10] "GET /projects/boost-unordered-documentation/bud_03/zh_Hans/ HTTP/1.1" 200 188218
[2025-10-23 19:09:10,536: DEBUG/38447] git: failure fatal: bad revision 'Giggly19890103/bud-branch-03..'
 (128)
[2025-10-23 19:09:10,536: DEBUG/38447] git: failure fatal: bad revision 'Giggly19890103/bud-branch-03..'
 (128)
[2025-10-23 19:09:10,542: DEBUG/38447] git: On branch develop
Your branch is ahead of 'origin/develop' by 5 commits.
  (use "git push" to publish your local commits)

nothing to commit, working tree clean

[2025-10-23 19:09:10,542: DEBUG/38447] git: On branch develop
Your branch is ahead of 'origin/develop' by 5 commits.
  (use "git push" to publish your local commits)

nothing to commit, working tree clean

[23/Oct/2025 19:09:10] "GET /js/git/boost-unordered-documentation/bud_03/zh_Hans/ HTTP/1.1" 200 27908
[2025-10-23 19:09:14,118: DEBUG/38447] git: failure fatal: bad revision 'Giggly19890103/bud-branch-03..'
 (128)
[2025-10-23 19:09:14,118: DEBUG/38447] git: failure fatal: bad revision 'Giggly19890103/bud-branch-03..'
 (128)
[2025-10-23 19:09:14,131: DEBUG/38447] git: On branch develop
Your branch is ahead of 'origin/develop' by 5 commits.
  (use "git push" to publish your local commits)

nothing to commit, working tree clean

[2025-10-23 19:09:14,131: DEBUG/38447] git: On branch develop
Your branch is ahead of 'origin/develop' by 5 commits.
  (use "git push" to publish your local commits)

nothing to commit, working tree clean

[2025-10-23 19:09:14,134: INFO/38447] boost-unordered-documentation/bud_03: updating repository
[2025-10-23 19:09:24,257: INFO/38447] boost-unordered-documentation/bud_03: update took 10.12 seconds
[2025-10-23 19:09:24,260: INFO/38447] boost-unordered-documentation/bud_03: repository up to date at 09d6416755cda0d46d9d60f9c00c6d4267b98c61
[2025-10-23 19:09:24,275: INFO/38447] boost-unordered-documentation/bud_03: pushing to remote repo
[2025-10-23 19:09:28,869: DEBUG/38447] git: HTTP post https://api.github.com/repos/Giggly19890103/unordered/pulls
[2025-10-23 19:09:28,869: DEBUG/38447] git: HTTP post https://api.github.com/repos/Giggly19890103/unordered/pulls
[2025-10-23 19:09:30,696: DEBUG/38447] git: Validation Failed
[2025-10-23 19:09:30,696: DEBUG/38447] git: Validation Failed
[2025-10-23 19:09:30,696: DEBUG/38447] git: A pull request already exists for Giggly19890103:bud-branch-03.
[2025-10-23 19:09:30,696: DEBUG/38447] git: A pull request already exists for Giggly19890103:bud-branch-03.
[23/Oct/2025 19:09:30] "POST /push/boost-unordered-documentation/bud_03/zh_Hans/ HTTP/1.1" 302 0
[23/Oct/2025 19:09:30] "GET /projects/boost-unordered-documentation/bud_03/zh_Hans/ HTTP/1.1" 200 188218
[2025-10-23 19:09:31,008: DEBUG/38447] git: failure fatal: bad revision 'Giggly19890103/bud-branch-03..'
 (128)
[2025-10-23 19:09:31,008: DEBUG/38447] git: failure fatal: bad revision 'Giggly19890103/bud-branch-03..'
 (128)
[2025-10-23 19:09:31,013: DEBUG/38447] git: On branch develop
Your branch is ahead of 'origin/develop' by 5 commits.
  (use "git push" to publish your local commits)

nothing to commit, working tree clean

[2025-10-23 19:09:31,013: DEBUG/38447] git: On branch develop
Your branch is ahead of 'origin/develop' by 5 commits.
  (use "git push" to publish your local commits)

nothing to commit, working tree clean

[23/Oct/2025 19:09:31] "GET /js/git/boost-unordered-documentation/bud_03/zh_Hans/ HTTP/1.1" 200 27909
[23/Oct/2025 19:10:15] "GET /browse/boost-unordered-documentation/bud_03/zh_Hans/ HTTP/1.1" 200 63550
[23/Oct/2025 19:10:16] "GET /translate/boost-unordered-documentation/bud_03/zh_Hans/?checksum=0fe293b9804e578a HTTP/1.1" 200 234827
[23/Oct/2025 19:10:16] "POST /js/translate/openai/832/ HTTP/1.1" 200 4746
[23/Oct/2025 19:10:23] "GET /translate/boost-unordered-documentation/bud_03/zh_Hans/?&offset=5 HTTP/1.1" 200 215684
[23/Oct/2025 19:10:23] "POST /js/translate/openai/833/ HTTP/1.1" 200 7652
[2025-10-23 19:10:30,429: DEBUG/38447] boost-unordered-documentation/bud_01/zh_Hans: updating stats <LanguageStats:stats-Language-769>
[2025-10-23 19:10:30,430: DEBUG/38447] boost-unordered-documentation/bud_01/zh_Hans: updating stats <ProjectLanguageStats:stats-Project-16-769>
[2025-10-23 19:10:30,433: DEBUG/38447] boost-unordered-documentation/bud_01/zh_Hans: updating stats <ComponentStats:stats-Component-17>
[2025-10-23 19:10:30,434: DEBUG/38447] boost-unordered-documentation/bud_01/zh_Hans: updating stats <ProjectStats:stats-Project-16>
[2025-10-23 19:10:30,438: DEBUG/38447] boost-unordered-documentation/bud_01/zh_Hans: updating stats <GlobalStats:stats-global>
[2025-10-23 19:10:30,449: DEBUG/38447] boost-unordered-documentation/bud_02/zh_Hans: updating stats <LanguageStats:stats-Language-769>
[2025-10-23 19:10:30,450: DEBUG/38447] boost-unordered-documentation/bud_02/zh_Hans: updating stats <ProjectLanguageStats:stats-Project-16-769>
[2025-10-23 19:10:30,451: DEBUG/38447] boost-unordered-documentation/bud_02/zh_Hans: updating stats <ComponentStats:stats-Component-20>
[2025-10-23 19:10:30,453: DEBUG/38447] boost-unordered-documentation/bud_02/zh_Hans: updating stats <ProjectStats:stats-Project-16>
[2025-10-23 19:10:30,454: DEBUG/38447] boost-unordered-documentation/bud_02/zh_Hans: updating stats <GlobalStats:stats-global>
[2025-10-23 19:10:30,463: DEBUG/38447] boost-unordered-documentation/intro/zh_Hans: updating stats <LanguageStats:stats-Language-769>
[2025-10-23 19:10:30,463: DEBUG/38447] boost-unordered-documentation/intro/zh_Hans: updating stats <ProjectLanguageStats:stats-Project-16-769>
[2025-10-23 19:10:30,465: DEBUG/38447] boost-unordered-documentation/intro/zh_Hans: updating stats <ComponentStats:stats-Component-19>
[2025-10-23 19:10:30,467: DEBUG/38447] boost-unordered-documentation/intro/zh_Hans: updating stats <ProjectStats:stats-Project-16>
[2025-10-23 19:10:30,469: DEBUG/38447] boost-unordered-documentation/intro/zh_Hans: updating stats <GlobalStats:stats-global>
[2025-10-23 19:10:30,519: DEBUG/38447] boost-unordered-documentation/bud_01/zh_Hans: updating stats <LanguageStats:stats-Language-769>
[2025-10-23 19:10:30,521: DEBUG/38447] boost-unordered-documentation/bud_01/zh_Hans: updating stats <ProjectLanguageStats:stats-Project-16-769>
[2025-10-23 19:10:30,523: DEBUG/38447] boost-unordered-documentation/bud_01/zh_Hans: updating stats <ComponentStats:stats-Component-17>
[2025-10-23 19:10:30,524: DEBUG/38447] boost-unordered-documentation/bud_01/zh_Hans: updating stats <ProjectStats:stats-Project-16>
[2025-10-23 19:10:30,527: DEBUG/38447] boost-unordered-documentation/bud_01/zh_Hans: updating stats <GlobalStats:stats-global>
[2025-10-23 19:10:30,538: DEBUG/38447] boost-unordered-documentation/intro/zh_Hans: updating stats <LanguageStats:stats-Language-769>
[2025-10-23 19:10:30,539: DEBUG/38447] boost-unordered-documentation/intro/zh_Hans: updating stats <ProjectLanguageStats:stats-Project-16-769>
[2025-10-23 19:10:30,541: DEBUG/38447] boost-unordered-documentation/intro/zh_Hans: updating stats <ComponentStats:stats-Component-19>
[2025-10-23 19:10:30,542: DEBUG/38447] boost-unordered-documentation/intro/zh_Hans: updating stats <ProjectStats:stats-Project-16>
[2025-10-23 19:10:30,543: DEBUG/38447] boost-unordered-documentation/intro/zh_Hans: updating stats <GlobalStats:stats-global>
[2025-10-23 19:10:30,552: DEBUG/38447] boost-unordered-documentation/bud_02/zh_Hans: updating stats <LanguageStats:stats-Language-769>
[2025-10-23 19:10:30,553: DEBUG/38447] boost-unordered-documentation/bud_02/zh_Hans: updating stats <ProjectLanguageStats:stats-Project-16-769>
[2025-10-23 19:10:30,556: DEBUG/38447] boost-unordered-documentation/bud_02/zh_Hans: updating stats <ComponentStats:stats-Component-20>
[2025-10-23 19:10:30,557: DEBUG/38447] boost-unordered-documentation/bud_02/zh_Hans: updating stats <ProjectStats:stats-Project-16>
[2025-10-23 19:10:30,559: DEBUG/38447] boost-unordered-documentation/bud_02/zh_Hans: updating stats <GlobalStats:stats-global>
[2025-10-23 19:10:30,566: DEBUG/38447] boost-unordered-documentation/bud_03/zh_Hans: updating stats <LanguageStats:stats-Language-769>
[2025-10-23 19:10:30,568: DEBUG/38447] boost-unordered-documentation/bud_03/zh_Hans: updating stats <ProjectLanguageStats:stats-Project-16-769>
[2025-10-23 19:10:30,569: DEBUG/38447] boost-unordered-documentation/bud_03/zh_Hans: updating stats <ComponentStats:stats-Component-21>
[2025-10-23 19:10:30,571: DEBUG/38447] boost-unordered-documentation/bud_03/zh_Hans: updating stats <ProjectStats:stats-Project-16>
[2025-10-23 19:10:30,575: DEBUG/38447] boost-unordered-documentation/bud_03/zh_Hans: updating stats <GlobalStats:stats-global>
[23/Oct/2025 19:10:30] "POST /translate/boost-unordered-documentation/bud_03/zh_Hans/?&offset=5 HTTP/1.1" 302 0
[23/Oct/2025 19:10:30] "GET /translate/boost-unordered-documentation/bud_03/zh_Hans/?&offset=5 HTTP/1.1" 200 224576
[23/Oct/2025 19:10:31] "POST /js/translate/openai/833/ HTTP/1.1" 200 7812
[2025-10-23 19:10:32,430: DEBUG/38447] boost-unordered-documentation/bud_03/zh_Hans: updating stats <LanguageStats:stats-Language-769>
[2025-10-23 19:10:32,432: DEBUG/38447] boost-unordered-documentation/bud_03/zh_Hans: updating stats <ProjectLanguageStats:stats-Project-16-769>
[2025-10-23 19:10:32,434: DEBUG/38447] boost-unordered-documentation/bud_03/zh_Hans: updating stats <ComponentStats:stats-Component-21>
[2025-10-23 19:10:32,435: DEBUG/38447] boost-unordered-documentation/bud_03/zh_Hans: updating stats <ProjectStats:stats-Project-16>
[2025-10-23 19:10:32,439: DEBUG/38447] boost-unordered-documentation/bud_03/zh_Hans: updating stats <GlobalStats:stats-global>
[2025-10-23 19:10:32,453: DEBUG/38447] boost-unordered-documentation/bud_01/zh_Hans: updating stats <LanguageStats:stats-Language-769>
[2025-10-23 19:10:32,455: DEBUG/38447] boost-unordered-documentation/bud_01/zh_Hans: updating stats <ProjectLanguageStats:stats-Project-16-769>
[2025-10-23 19:10:32,456: DEBUG/38447] boost-unordered-documentation/bud_01/zh_Hans: updating stats <ComponentStats:stats-Component-17>
[2025-10-23 19:10:32,458: DEBUG/38447] boost-unordered-documentation/bud_01/zh_Hans: updating stats <ProjectStats:stats-Project-16>
[2025-10-23 19:10:32,461: DEBUG/38447] boost-unordered-documentation/bud_01/zh_Hans: updating stats <GlobalStats:stats-global>
[2025-10-23 19:10:32,472: DEBUG/38447] boost-unordered-documentation/intro/zh_Hans: updating stats <LanguageStats:stats-Language-769>
[2025-10-23 19:10:32,473: DEBUG/38447] boost-unordered-documentation/intro/zh_Hans: updating stats <ProjectLanguageStats:stats-Project-16-769>
[2025-10-23 19:10:32,475: DEBUG/38447] boost-unordered-documentation/intro/zh_Hans: updating stats <ComponentStats:stats-Component-19>
[2025-10-23 19:10:32,476: DEBUG/38447] boost-unordered-documentation/intro/zh_Hans: updating stats <ProjectStats:stats-Project-16>
[2025-10-23 19:10:32,480: DEBUG/38447] boost-unordered-documentation/intro/zh_Hans: updating stats <GlobalStats:stats-global>
[2025-10-23 19:10:32,491: DEBUG/38447] boost-unordered-documentation/bud_02/zh_Hans: updating stats <LanguageStats:stats-Language-769>
[2025-10-23 19:10:32,492: DEBUG/38447] boost-unordered-documentation/bud_02/zh_Hans: updating stats <ProjectLanguageStats:stats-Project-16-769>
[2025-10-23 19:10:32,494: DEBUG/38447] boost-unordered-documentation/bud_02/zh_Hans: updating stats <ComponentStats:stats-Component-20>
[2025-10-23 19:10:32,495: DEBUG/38447] boost-unordered-documentation/bud_02/zh_Hans: updating stats <ProjectStats:stats-Project-16>
[2025-10-23 19:10:32,498: DEBUG/38447] boost-unordered-documentation/bud_02/zh_Hans: updating stats <GlobalStats:stats-global>
[23/Oct/2025 19:10:32] "POST /js/ignore-check/383/ HTTP/1.1" 200 2
[23/Oct/2025 19:10:33] "POST /translate/boost-unordered-documentation/bud_03/zh_Hans/?&offset=5 HTTP/1.1" 302 0
[23/Oct/2025 19:10:34] "GET /translate/boost-unordered-documentation/bud_03/zh_Hans/?&offset=6 HTTP/1.1" 200 223058
[23/Oct/2025 19:10:34] "POST /js/translate/openai/834/ HTTP/1.1" 200 1337
[2025-10-23 19:10:35,795: DEBUG/38447] boost-unordered-documentation/bud_03/zh_Hans: skipping update of <LanguageStats:stats-Language-769>
[2025-10-23 19:10:35,795: DEBUG/38447] boost-unordered-documentation/bud_03/zh_Hans: skipping update of <ProjectLanguageStats:stats-Project-16-769>
[2025-10-23 19:10:35,795: DEBUG/38447] boost-unordered-documentation/bud_03/zh_Hans: skipping update of <ComponentStats:stats-Component-21>
[2025-10-23 19:10:35,795: DEBUG/38447] boost-unordered-documentation/bud_03/zh_Hans: skipping update of <ProjectStats:stats-Project-16>
[2025-10-23 19:10:35,795: DEBUG/38447] boost-unordered-documentation/bud_03/zh_Hans: skipping update of <GlobalStats:stats-global>
[2025-10-23 19:10:35,799: DEBUG/38447] boost-unordered-documentation/bud_03/zh_Hans: skipping update of <LanguageStats:stats-Language-769>
[2025-10-23 19:10:35,799: DEBUG/38447] boost-unordered-documentation/bud_03/zh_Hans: skipping update of <ProjectLanguageStats:stats-Project-16-769>
[2025-10-23 19:10:35,799: DEBUG/38447] boost-unordered-documentation/bud_03/zh_Hans: skipping update of <ComponentStats:stats-Component-21>
[2025-10-23 19:10:35,799: DEBUG/38447] boost-unordered-documentation/bud_03/zh_Hans: skipping update of <ProjectStats:stats-Project-16>
[2025-10-23 19:10:35,800: DEBUG/38447] boost-unordered-documentation/bud_03/zh_Hans: skipping update of <GlobalStats:stats-global>
[23/Oct/2025 19:10:35] "GET /projects/boost-unordered-documentation/bud_03/zh_Hans/ HTTP/1.1" 200 189642
[2025-10-23 19:10:39,489: DEBUG/38447] git: failure fatal: bad revision 'Giggly19890103/bud-branch-03..'
 (128)
[2025-10-23 19:10:39,489: DEBUG/38447] git: failure fatal: bad revision 'Giggly19890103/bud-branch-03..'
 (128)
[2025-10-23 19:10:39,494: DEBUG/38447] git: On branch develop
Your branch is ahead of 'origin/develop' by 5 commits.
  (use "git push" to publish your local commits)

nothing to commit, working tree clean

[2025-10-23 19:10:39,494: DEBUG/38447] git: On branch develop
Your branch is ahead of 'origin/develop' by 5 commits.
  (use "git push" to publish your local commits)

nothing to commit, working tree clean

[23/Oct/2025 19:10:39] "GET /js/git/boost-unordered-documentation/bud_03/zh_Hans/ HTTP/1.1" 200 27893
[2025-10-23 19:10:40,751: INFO/38447] boost-unordered-documentation/bud_03/zh_Hans: committing 1 pending changes (commit)
[2025-10-23 19:10:40,836: DEBUG/38447] boost-unordered-documentation/bud_03/zh_Hans: running Repository pre-commit add-on: weblate.cleanup.generic
[2025-10-23 19:10:40,903: DEBUG/38447] boost-unordered-documentation/bud_03/zh_Hans: completed Repository pre-commit add-on: weblate.cleanup.generic
[2025-10-23 19:10:40,921: INFO/38447] boost-unordered-documentation/bud_03/zh_Hans: committed ['/home/dsf2eqw3/Documents/weblate-weblate-5.13.3/data/vcs/boost-unordered-documentation/bud_03/doc/modules/ROOT/pages/intro_zh_Hans.adoc'] as user01 <user01@weblate.com>
[2025-10-23 19:10:40,926: INFO/38447] boost-unordered-documentation/bud_03: checking triggered alerts
[2025-10-23 19:10:40,927: DEBUG/38447] git: failure fatal: bad revision 'Giggly19890103/bud-branch-03..'
 (128)
[2025-10-23 19:10:40,927: DEBUG/38447] git: failure fatal: bad revision 'Giggly19890103/bud-branch-03..'
 (128)
[2025-10-23 19:10:40,933: DEBUG/38447] git: On branch develop
Your branch is ahead of 'origin/develop' by 6 commits.
  (use "git push" to publish your local commits)

nothing to commit, working tree clean

[2025-10-23 19:10:40,933: DEBUG/38447] git: On branch develop
Your branch is ahead of 'origin/develop' by 6 commits.
  (use "git push" to publish your local commits)

nothing to commit, working tree clean

[2025-10-23 19:10:40,937: DEBUG/38447] git: failure fatal: bad revision 'Giggly19890103/bud-branch-03..'
 (128)
[2025-10-23 19:10:40,937: DEBUG/38447] git: failure fatal: bad revision 'Giggly19890103/bud-branch-03..'
 (128)
[2025-10-23 19:10:40,943: DEBUG/38447] git: On branch develop
Your branch is ahead of 'origin/develop' by 6 commits.
  (use "git push" to publish your local commits)

nothing to commit, working tree clean

[2025-10-23 19:10:40,943: DEBUG/38447] git: On branch develop
Your branch is ahead of 'origin/develop' by 6 commits.
  (use "git push" to publish your local commits)

nothing to commit, working tree clean

[2025-10-23 19:10:40,946: INFO/38447] boost-unordered-documentation/bud_03: updating repository
[2025-10-23 19:10:50,552: INFO/38447] boost-unordered-documentation/bud_03: update took 9.61 seconds
[2025-10-23 19:10:50,554: INFO/38447] boost-unordered-documentation/bud_03: repository up to date at 09d6416755cda0d46d9d60f9c00c6d4267b98c61
[2025-10-23 19:10:50,565: INFO/38447] boost-unordered-documentation/bud_03: pushing to remote repo
[2025-10-23 19:10:55,228: DEBUG/38447] git: HTTP post https://api.github.com/repos/Giggly19890103/unordered/pulls
[2025-10-23 19:10:55,228: DEBUG/38447] git: HTTP post https://api.github.com/repos/Giggly19890103/unordered/pulls
[2025-10-23 19:10:57,184: DEBUG/38447] git: Validation Failed
[2025-10-23 19:10:57,184: DEBUG/38447] git: Validation Failed
[2025-10-23 19:10:57,184: DEBUG/38447] git: A pull request already exists for Giggly19890103:bud-branch-03.
[2025-10-23 19:10:57,184: DEBUG/38447] git: A pull request already exists for Giggly19890103:bud-branch-03.
[2025-10-23 19:10:57,244: DEBUG/38447] boost-unordered-documentation/bud_03/zh_Hans: updating stats <LanguageStats:stats-Language-769>
[2025-10-23 19:10:57,245: DEBUG/38447] boost-unordered-documentation/bud_03/zh_Hans: updating stats <ProjectLanguageStats:stats-Project-16-769>
[2025-10-23 19:10:57,247: DEBUG/38447] boost-unordered-documentation/bud_03/zh_Hans: updating stats <ComponentStats:stats-Component-21>
[2025-10-23 19:10:57,248: DEBUG/38447] boost-unordered-documentation/bud_03/zh_Hans: updating stats <ProjectStats:stats-Project-16>
[2025-10-23 19:10:57,251: DEBUG/38447] boost-unordered-documentation/bud_03/zh_Hans: updating stats <GlobalStats:stats-global>
[23/Oct/2025 19:10:57] "POST /commit/boost-unordered-documentation/bud_03/zh_Hans/ HTTP/1.1" 302 0
[2025-10-23 19:10:57,386: DEBUG/38447] boost-unordered-documentation/bud_03/zh_Hans: skipping update of <LanguageStats:stats-Language-769>
[2025-10-23 19:10:57,386: DEBUG/38447] boost-unordered-documentation/bud_03/zh_Hans: skipping update of <ProjectLanguageStats:stats-Project-16-769>
[2025-10-23 19:10:57,386: DEBUG/38447] boost-unordered-documentation/bud_03/zh_Hans: skipping update of <ComponentStats:stats-Component-21>
[2025-10-23 19:10:57,386: DEBUG/38447] boost-unordered-documentation/bud_03/zh_Hans: skipping update of <ProjectStats:stats-Project-16>
[2025-10-23 19:10:57,386: DEBUG/38447] boost-unordered-documentation/bud_03/zh_Hans: skipping update of <GlobalStats:stats-global>
[2025-10-23 19:10:57,388: DEBUG/38447] boost-unordered-documentation/bud_03/zh_Hans: skipping update of <LanguageStats:stats-Language-769>
[2025-10-23 19:10:57,388: DEBUG/38447] boost-unordered-documentation/bud_03/zh_Hans: skipping update of <ProjectLanguageStats:stats-Project-16-769>
[2025-10-23 19:10:57,388: DEBUG/38447] boost-unordered-documentation/bud_03/zh_Hans: skipping update of <ComponentStats:stats-Component-21>
[2025-10-23 19:10:57,388: DEBUG/38447] boost-unordered-documentation/bud_03/zh_Hans: skipping update of <ProjectStats:stats-Project-16>
[2025-10-23 19:10:57,388: DEBUG/38447] boost-unordered-documentation/bud_03/zh_Hans: skipping update of <GlobalStats:stats-global>
[23/Oct/2025 19:10:57] "GET /projects/boost-unordered-documentation/bud_03/zh_Hans/ HTTP/1.1" 200 187996
[2025-10-23 19:10:57,608: DEBUG/38447] git: failure fatal: bad revision 'Giggly19890103/bud-branch-03..'
 (128)
[2025-10-23 19:10:57,608: DEBUG/38447] git: failure fatal: bad revision 'Giggly19890103/bud-branch-03..'
 (128)
[2025-10-23 19:10:57,617: DEBUG/38447] git: On branch develop
Your branch is ahead of 'origin/develop' by 6 commits.
  (use "git push" to publish your local commits)

nothing to commit, working tree clean

[2025-10-23 19:10:57,617: DEBUG/38447] git: On branch develop
Your branch is ahead of 'origin/develop' by 6 commits.
  (use "git push" to publish your local commits)

nothing to commit, working tree clean

[23/Oct/2025 19:10:57] "GET /js/git/boost-unordered-documentation/bud_03/zh_Hans/ HTTP/1.1" 200 27781
[2025-10-23 19:10:58,779: DEBUG/38447] git: failure fatal: bad revision 'Giggly19890103/bud-branch-03..'
 (128)
[2025-10-23 19:10:58,779: DEBUG/38447] git: failure fatal: bad revision 'Giggly19890103/bud-branch-03..'
 (128)
[2025-10-23 19:10:58,792: DEBUG/38447] git: On branch develop
Your branch is ahead of 'origin/develop' by 6 commits.
  (use "git push" to publish your local commits)

nothing to commit, working tree clean

[2025-10-23 19:10:58,792: DEBUG/38447] git: On branch develop
Your branch is ahead of 'origin/develop' by 6 commits.
  (use "git push" to publish your local commits)

nothing to commit, working tree clean

[2025-10-23 19:10:58,803: INFO/38447] boost-unordered-documentation/bud_03: updating repository
[2025-10-23 19:11:08,677: INFO/38447] boost-unordered-documentation/bud_03: update took 9.87 seconds
[2025-10-23 19:11:08,679: INFO/38447] boost-unordered-documentation/bud_03: repository up to date at 09d6416755cda0d46d9d60f9c00c6d4267b98c61
[2025-10-23 19:11:08,690: INFO/38447] boost-unordered-documentation/bud_03: pushing to remote repo
[2025-10-23 19:11:13,348: DEBUG/38447] git: HTTP post https://api.github.com/repos/Giggly19890103/unordered/pulls
[2025-10-23 19:11:13,348: DEBUG/38447] git: HTTP post https://api.github.com/repos/Giggly19890103/unordered/pulls
[2025-10-23 19:11:15,178: DEBUG/38447] git: Validation Failed
[2025-10-23 19:11:15,178: DEBUG/38447] git: Validation Failed
[2025-10-23 19:11:15,179: DEBUG/38447] git: A pull request already exists for Giggly19890103:bud-branch-03.
[2025-10-23 19:11:15,179: DEBUG/38447] git: A pull request already exists for Giggly19890103:bud-branch-03.
[23/Oct/2025 19:11:15] "POST /push/boost-unordered-documentation/bud_03/zh_Hans/ HTTP/1.1" 302 0
[23/Oct/2025 19:11:15] "GET /projects/boost-unordered-documentation/bud_03/zh_Hans/ HTTP/1.1" 200 187996
[2025-10-23 19:11:15,565: DEBUG/38447] git: failure fatal: bad revision 'Giggly19890103/bud-branch-03..'
 (128)
[2025-10-23 19:11:15,565: DEBUG/38447] git: failure fatal: bad revision 'Giggly19890103/bud-branch-03..'
 (128)
[2025-10-23 19:11:15,577: DEBUG/38447] git: On branch develop
Your branch is ahead of 'origin/develop' by 6 commits.
  (use "git push" to publish your local commits)

nothing to commit, working tree clean

[2025-10-23 19:11:15,577: DEBUG/38447] git: On branch develop
Your branch is ahead of 'origin/develop' by 6 commits.
  (use "git push" to publish your local commits)

nothing to commit, working tree clean

[23/Oct/2025 19:11:15] "GET /js/git/boost-unordered-documentation/bud_03/zh_Hans/ HTTP/1.1" 200 27783
